recorded_at,event_date,house,wait_minutes,status
2026-09-06T19:31:59-04:00,2026-09-06,Cybergoria,75,Open
2026-09-06T19:31:59-04:00,2026-09-06,Evil Dead Burn,60,Open
2026-09-06T19:31:59-04:00,2026-09-06,H.R. Bloodengutz,100,Open
2026-09-06T19:31:59-04:00,2026-09-06,Hellraiser,75,Open
2026-09-06T19:31:59-04:00,2026-09-06,INVASION,60,Open
2026-09-06T19:31:59-04:00,2026-09-06,Jack & Oddfellow,60,Open
2026-09-06T19:31:59-04:00,2026-09-06,MADLANDS,120,Open
2026-09-06T19:31:59-04:00,2026-09-06,Ozzy Osbourne,180,Open
2026-09-06T19:31:59-04:00,2026-09-06,Sinners,90,Open
2026-09-06T19:31:59-04:00,2026-09-06,Stranger Things 5,65,Open
2026-09-06T19:41:50-04:00,2026-09-06,Cybergoria,85,Open
2026-09-06T19:41:50-04:00,2026-09-06,Evil Dead Burn,50,Open
2026-09-06T19:41:50-04:00,2026-09-06,H.R. Bloodengutz,100,Open
2026-09-06T19:41:50-04:00,2026-09-06,Hellraiser,75,Open
2026-09-06T19:41:50-04:00,2026-09-06,INVASION,60,Open
2026-09-06T19:41:50-04:00,2026-09-06,Jack & Oddfellow,60,Open
2026-09-06T19:41:50-04:00,2026-09-06,MADLANDS,120,Open
2026-09-06T19:41:50-04:00,2026-09-06,Ozzy Osbourne,150,Open
2026-09-06T19:41:50-04:00,2026-09-06,Sinners,90,Open
2026-09-06T19:41:50-04:00,2026-09-06,Stranger Things 5,50,Open
2026-09-06T19:51:47-04:00,2026-09-06,Cybergoria,90,Open
2026-09-06T19:51:47-04:00,2026-09-06,Evil Dead Burn,50,Open
2026-09-06T19:51:47-04:00,2026-09-06,H.R. Bloodengutz,100,Open
2026-09-06T19:51:47-04:00,2026-09-06,Hellraiser,55,Open
2026-09-06T19:51:47-04:00,2026-09-06,INVASION,60,Open
2026-09-06T19:51:47-04:00,2026-09-06,Jack & Oddfellow,70,Open
2026-09-06T19:51:47-04:00,2026-09-06,MADLANDS,120,Open
2026-09-06T19:51:47-04:00,2026-09-06,Ozzy Osbourne,150,Open
2026-09-06T19:51:47-04:00,2026-09-06,Sinners,90,Open
2026-09-06T19:51:47-04:00,2026-09-06,Stranger Things 5,50,Open
2026-09-06T20:01:45-04:00,2026-09-06,Cybergoria,75,Open
2026-09-06T20:01:45-04:00,2026-09-06,Evil Dead Burn,60,Open
2026-09-06T20:01:45-04:00,2026-09-06,H.R. Bloodengutz,100,Open
2026-09-06T20:01:45-04:00,2026-09-06,Hellraiser,70,Open
2026-09-06T20:01:45-04:00,2026-09-06,INVASION,45,Open
2026-09-06T20:01:45-04:00,2026-09-06,Jack & Oddfellow,60,Open
2026-09-06T20:01:45-04:00,2026-09-06,MADLANDS,120,Open
2026-09-06T20:01:45-04:00,2026-09-06,Ozzy Osbourne,100,Open
2026-09-06T20:01:45-04:00,2026-09-06,Sinners,0,Closed
2026-09-06T20:01:45-04:00,2026-09-06,Stranger Things 5,50,Open
2026-09-06T20:30:50-04:00,2026-09-06,Cybergoria,80,Open
2026-09-06T20:30:50-04:00,2026-09-06,Evil Dead Burn,75,Open
2026-09-06T20:30:50-04:00,2026-09-06,H.R. Bloodengutz,110,Open
2026-09-06T20:30:50-04:00,2026-09-06,Hellraiser,100,Open
2026-09-06T20:30:50-04:00,2026-09-06,INVASION,70,Open
2026-09-06T20:30:50-04:00,2026-09-06,Jack & Oddfellow,55,Open
2026-09-06T20:30:50-04:00,2026-09-06,MADLANDS,60,Open
2026-09-06T20:30:50-04:00,2026-09-06,Ozzy Osbourne,100,Open
2026-09-06T20:30:50-04:00,2026-09-06,Sinners,0,Closed
2026-09-06T20:30:50-04:00,2026-09-06,Stranger Things 5,60,Open
2026-09-06T20:50:42-04:00,2026-09-06,Cybergoria,100,Open
2026-09-06T20:50:42-04:00,2026-09-06,Evil Dead Burn,75,Open
2026-09-06T20:50:42-04:00,2026-09-06,H.R. Bloodengutz,110,Open
2026-09-06T20:50:42-04:00,2026-09-06,Hellraiser,75,Open
2026-09-06T20:50:42-04:00,2026-09-06,INVASION,70,Open
2026-09-06T20:50:42-04:00,2026-09-06,Jack & Oddfellow,80,Open
2026-09-06T20:50:42-04:00,2026-09-06,MADLANDS,60,Open
2026-09-06T20:50:42-04:00,2026-09-06,Ozzy Osbourne,100,Open
2026-09-06T20:50:42-04:00,2026-09-06,Sinners,75,Open
2026-09-06T20:50:42-04:00,2026-09-06,Stranger Things 5,95,Open
2026-09-06T21:01:56-04:00,2026-09-06,Cybergoria,150,Open
2026-09-06T21:01:56-04:00,2026-09-06,Evil Dead Burn,75,Open
2026-09-06T21:01:56-04:00,2026-09-06,H.R. Bloodengutz,90,Open
2026-09-06T21:01:56-04:00,2026-09-06,Hellraiser,40,Open
2026-09-06T21:01:56-04:00,2026-09-06,INVASION,75,Open
2026-09-06T21:01:56-04:00,2026-09-06,Jack & Oddfellow,75,Open
2026-09-06T21:01:56-04:00,2026-09-06,MADLANDS,45,Open
2026-09-06T21:01:56-04:00,2026-09-06,Ozzy Osbourne,100,Open
2026-09-06T21:01:56-04:00,2026-09-06,Sinners,75,Open
2026-09-06T21:01:56-04:00,2026-09-06,Stranger Things 5,95,Open
2026-09-06T21:09:46-04:00,2026-09-06,Cybergoria,150,Open
2026-09-06T21:09:46-04:00,2026-09-06,Evil Dead Burn,75,Open
2026-09-06T21:09:46-04:00,2026-09-06,H.R. Bloodengutz,90,Open
2026-09-06T21:09:46-04:00,2026-09-06,Hellraiser,40,Open
2026-09-06T21:09:46-04:00,2026-09-06,INVASION,75,Open
2026-09-06T21:09:46-04:00,2026-09-06,Jack & Oddfellow,75,Open
2026-09-06T21:09:46-04:00,2026-09-06,MADLANDS,45,Open
2026-09-06T21:09:46-04:00,2026-09-06,Ozzy Osbourne,100,Open
2026-09-06T21:09:46-04:00,2026-09-06,Sinners,75,Open
2026-09-06T21:09:46-04:00,2026-09-06,Stranger Things 5,95,Open
2026-09-06T21:17:05-04:00,2026-09-06,Cybergoria,140,Open
2026-09-06T21:17:05-04:00,2026-09-06,Evil Dead Burn,60,Open
2026-09-06T21:17:05-04:00,2026-09-06,H.R. Bloodengutz,45,Open
2026-09-06T21:17:05-04:00,2026-09-06,Hellraiser,50,Open
2026-09-06T21:17:05-04:00,2026-09-06,INVASION,65,Open
2026-09-06T21:17:05-04:00,2026-09-06,Jack & Oddfellow,75,Open
2026-09-06T21:17:05-04:00,2026-09-06,MADLANDS,75,Open
2026-09-06T21:17:05-04:00,2026-09-06,Ozzy Osbourne,100,Open
2026-09-06T21:17:05-04:00,2026-09-06,Sinners,75,Open
2026-09-06T21:17:05-04:00,2026-09-06,Stranger Things 5,95,Open
2026-09-06T21:23:03-04:00,2026-09-06,Cybergoria,125,Open
2026-09-06T21:23:03-04:00,2026-09-06,Evil Dead Burn,60,Open
2026-09-06T21:23:03-04:00,2026-09-06,H.R. Bloodengutz,55,Open
2026-09-06T21:23:03-04:00,2026-09-06,Hellraiser,70,Open
2026-09-06T21:23:03-04:00,2026-09-06,INVASION,60,Open
2026-09-06T21:23:03-04:00,2026-09-06,Jack & Oddfellow,75,Open
2026-09-06T21:23:03-04:00,2026-09-06,MADLANDS,75,Open
2026-09-06T21:23:03-04:00,2026-09-06,Ozzy Osbourne,80,Open
2026-09-06T21:23:03-04:00,2026-09-06,Sinners,75,Open
2026-09-06T21:23:03-04:00,2026-09-06,Stranger Things 5,95,Open
2026-09-06T21:35:08-04:00,2026-09-06,Cybergoria,105,Open
2026-09-06T21:35:08-04:00,2026-09-06,Evil Dead Burn,60,Open
2026-09-06T21:35:08-04:00,2026-09-06,H.R. Bloodengutz,85,Open
2026-09-06T21:35:08-04:00,2026-09-06,Hellraiser,70,Open
2026-09-06T21:35:08-04:00,2026-09-06,INVASION,60,Open
2026-09-06T21:35:08-04:00,2026-09-06,Jack & Oddfellow,75,Open
2026-09-06T21:35:08-04:00,2026-09-06,MADLANDS,75,Open
2026-09-06T21:35:08-04:00,2026-09-06,Ozzy Osbourne,80,Open
2026-09-06T21:35:08-04:00,2026-09-06,Sinners,75,Open
2026-09-06T21:35:08-04:00,2026-09-06,Stranger Things 5,60,Open
2026-09-06T21:47:23-04:00,2026-09-06,Cybergoria,65,Open
2026-09-06T21:47:23-04:00,2026-09-06,Evil Dead Burn,60,Open
2026-09-06T21:47:23-04:00,2026-09-06,H.R. Bloodengutz,85,Open
2026-09-06T21:47:23-04:00,2026-09-06,Hellraiser,90,Open
2026-09-06T21:47:23-04:00,2026-09-06,INVASION,55,Open
2026-09-06T21:47:23-04:00,2026-09-06,Jack & Oddfellow,75,Open
2026-09-06T21:47:23-04:00,2026-09-06,MADLANDS,130,Open
2026-09-06T21:47:23-04:00,2026-09-06,Ozzy Osbourne,90,Open
2026-09-06T21:47:23-04:00,2026-09-06,Sinners,65,Open
2026-09-06T21:47:23-04:00,2026-09-06,Stranger Things 5,65,Open
2026-09-06T21:57:44-04:00,2026-09-06,Cybergoria,75,Open
2026-09-06T21:57:44-04:00,2026-09-06,Evil Dead Burn,60,Open
2026-09-06T21:57:44-04:00,2026-09-06,H.R. Bloodengutz,75,Open
2026-09-06T21:57:44-04:00,2026-09-06,Hellraiser,100,Open
2026-09-06T21:57:44-04:00,2026-09-06,INVASION,55,Open
2026-09-06T21:57:44-04:00,2026-09-06,Jack & Oddfellow,75,Open
2026-09-06T21:57:44-04:00,2026-09-06,MADLANDS,130,Open
2026-09-06T21:57:44-04:00,2026-09-06,Ozzy Osbourne,90,Open
2026-09-06T21:57:44-04:00,2026-09-06,Sinners,55,Open
2026-09-06T21:57:44-04:00,2026-09-06,Stranger Things 5,55,Open
2026-09-06T22:12:39-04:00,2026-09-06,Cybergoria,75,Open
2026-09-06T22:12:39-04:00,2026-09-06,Evil Dead Burn,60,Open
2026-09-06T22:12:39-04:00,2026-09-06,H.R. Bloodengutz,110,Open
2026-09-06T22:12:39-04:00,2026-09-06,Hellraiser,100,Open
2026-09-06T22:12:39-04:00,2026-09-06,INVASION,70,Open
2026-09-06T22:12:39-04:00,2026-09-06,Jack & Oddfellow,65,Open
2026-09-06T22:12:39-04:00,2026-09-06,MADLANDS,60,Open
2026-09-06T22:12:39-04:00,2026-09-06,Ozzy Osbourne,80,Open
2026-09-06T22:12:39-04:00,2026-09-06,Sinners,150,Open
2026-09-06T22:12:39-04:00,2026-09-06,Stranger Things 5,45,Open
2026-09-06T22:27:55-04:00,2026-09-06,Cybergoria,75,Open
2026-09-06T22:27:55-04:00,2026-09-06,Evil Dead Burn,50,Open
2026-09-06T22:27:55-04:00,2026-09-06,H.R. Bloodengutz,120,Open
2026-09-06T22:27:55-04:00,2026-09-06,Hellraiser,80,Open
2026-09-06T22:27:55-04:00,2026-09-06,INVASION,70,Open
2026-09-06T22:27:55-04:00,2026-09-06,Jack & Oddfellow,65,Open
2026-09-06T22:27:55-04:00,2026-09-06,MADLANDS,60,Open
2026-09-06T22:27:55-04:00,2026-09-06,Ozzy Osbourne,100,Open
2026-09-06T22:27:55-04:00,2026-09-06,Sinners,170,Open
2026-09-06T22:27:55-04:00,2026-09-06,Stranger Things 5,55,Open
2026-09-06T22:41:55-04:00,2026-09-06,Cybergoria,95,Open
2026-09-06T22:41:55-04:00,2026-09-06,Evil Dead Burn,65,Open
2026-09-06T22:41:55-04:00,2026-09-06,H.R. Bloodengutz,120,Open
2026-09-06T22:41:55-04:00,2026-09-06,Hellraiser,80,Open
2026-09-06T22:41:55-04:00,2026-09-06,INVASION,60,Open
2026-09-06T22:41:55-04:00,2026-09-06,Jack & Oddfellow,65,Open
2026-09-06T22:41:55-04:00,2026-09-06,MADLANDS,60,Open
2026-09-06T22:41:55-04:00,2026-09-06,Ozzy Osbourne,80,Open
2026-09-06T22:41:55-04:00,2026-09-06,Sinners,170,Open
2026-09-06T22:41:55-04:00,2026-09-06,Stranger Things 5,55,Open
2026-09-06T22:53:09-04:00,2026-09-06,Cybergoria,95,Open
2026-09-06T22:53:09-04:00,2026-09-06,Evil Dead Burn,75,Open
2026-09-06T22:53:09-04:00,2026-09-06,H.R. Bloodengutz,120,Open
2026-09-06T22:53:09-04:00,2026-09-06,Hellraiser,80,Open
2026-09-06T22:53:09-04:00,2026-09-06,INVASION,50,Open
2026-09-06T22:53:09-04:00,2026-09-06,Jack & Oddfellow,75,Open
2026-09-06T22:53:09-04:00,2026-09-06,MADLANDS,30,Open
2026-09-06T22:53:09-04:00,2026-09-06,Ozzy Osbourne,80,Open
2026-09-06T22:53:09-04:00,2026-09-06,Sinners,170,Open
2026-09-06T22:53:09-04:00,2026-09-06,Stranger Things 5,70,Open
2026-09-06T23:03:38-04:00,2026-09-06,Cybergoria,95,Open
2026-09-06T23:03:38-04:00,2026-09-06,Evil Dead Burn,75,Open
2026-09-06T23:03:38-04:00,2026-09-06,H.R. Bloodengutz,80,Open
2026-09-06T23:03:38-04:00,2026-09-06,Hellraiser,60,Open
2026-09-06T23:03:38-04:00,2026-09-06,INVASION,50,Open
2026-09-06T23:03:38-04:00,2026-09-06,Jack & Oddfellow,75,Open
2026-09-06T23:03:38-04:00,2026-09-06,MADLANDS,60,Open
2026-09-06T23:03:38-04:00,2026-09-06,Ozzy Osbourne,80,Open
2026-09-06T23:03:38-04:00,2026-09-06,Sinners,160,Open
2026-09-06T23:03:38-04:00,2026-09-06,Stranger Things 5,75,Open
2026-09-06T23:21:34-04:00,2026-09-06,Cybergoria,80,Open
2026-09-06T23:21:34-04:00,2026-09-06,Evil Dead Burn,75,Open
2026-09-06T23:21:34-04:00,2026-09-06,H.R. Bloodengutz,70,Open
2026-09-06T23:21:34-04:00,2026-09-06,Hellraiser,60,Open
2026-09-06T23:21:34-04:00,2026-09-06,INVASION,75,Open
2026-09-06T23:21:34-04:00,2026-09-06,Jack & Oddfellow,60,Open
2026-09-06T23:21:34-04:00,2026-09-06,MADLANDS,60,Open
2026-09-06T23:21:34-04:00,2026-09-06,Ozzy Osbourne,80,Open
2026-09-06T23:21:34-04:00,2026-09-06,Sinners,120,Open
2026-09-06T23:21:34-04:00,2026-09-06,Stranger Things 5,80,Open
2026-09-06T23:35:46-04:00,2026-09-06,Cybergoria,55,Open
2026-09-06T23:35:46-04:00,2026-09-06,Evil Dead Burn,60,Open
2026-09-06T23:35:46-04:00,2026-09-06,H.R. Bloodengutz,70,Open
2026-09-06T23:35:46-04:00,2026-09-06,Hellraiser,60,Open
2026-09-06T23:35:46-04:00,2026-09-06,INVASION,50,Open
2026-09-06T23:35:46-04:00,2026-09-06,Jack & Oddfellow,60,Open
2026-09-06T23:35:46-04:00,2026-09-06,MADLANDS,45,Open
2026-09-06T23:35:46-04:00,2026-09-06,Ozzy Osbourne,115,Open
2026-09-06T23:35:46-04:00,2026-09-06,Sinners,120,Open
2026-09-06T23:35:46-04:00,2026-09-06,Stranger Things 5,65,Open
2026-09-06T23:48:35-04:00,2026-09-06,Cybergoria,65,Open
2026-09-06T23:48:35-04:00,2026-09-06,Evil Dead Burn,60,Open
2026-09-06T23:48:35-04:00,2026-09-06,H.R. Bloodengutz,60,Open
2026-09-06T23:48:35-04:00,2026-09-06,Hellraiser,60,Open
2026-09-06T23:48:35-04:00,2026-09-06,INVASION,50,Open
2026-09-06T23:48:35-04:00,2026-09-06,Jack & Oddfellow,60,Open
2026-09-06T23:48:35-04:00,2026-09-06,MADLANDS,45,Open
2026-09-06T23:48:35-04:00,2026-09-06,Ozzy Osbourne,115,Open
2026-09-06T23:48:35-04:00,2026-09-06,Sinners,90,Open
2026-09-06T23:48:35-04:00,2026-09-06,Stranger Things 5,45,Open
2026-09-06T23:58:12-04:00,2026-09-06,Cybergoria,80,Open
2026-09-06T23:58:12-04:00,2026-09-06,Evil Dead Burn,60,Open
2026-09-06T23:58:12-04:00,2026-09-06,H.R. Bloodengutz,60,Open
2026-09-06T23:58:12-04:00,2026-09-06,Hellraiser,60,Open
2026-09-06T23:58:12-04:00,2026-09-06,INVASION,50,Open
2026-09-06T23:58:12-04:00,2026-09-06,Jack & Oddfellow,60,Open
2026-09-06T23:58:12-04:00,2026-09-06,MADLANDS,45,Open
2026-09-06T23:58:12-04:00,2026-09-06,Ozzy Osbourne,115,Open
2026-09-06T23:58:12-04:00,2026-09-06,Sinners,90,Open
2026-09-06T23:58:12-04:00,2026-09-06,Stranger Things 5,45,Open
2026-09-09T14:07:46.468065-04:00,2026-09-09,Cybergoria,0,closed
2026-09-09T14:07:46.468065-04:00,2026-09-09,Evil Dead Burn,0,closed
2026-09-09T14:07:46.468065-04:00,2026-09-09,H.R. Bloodengutz,0,closed
2026-09-09T14:07:46.468065-04:00,2026-09-09,Hellraiser,20,open
2026-09-09T14:07:46.468065-04:00,2026-09-09,INVASION,0,closed
2026-09-09T14:07:46.468065-04:00,2026-09-09,Jack & Oddfellow,30,open
2026-09-09T14:07:46.468065-04:00,2026-09-09,MADLANDS,0,closed
2026-09-09T14:07:46.468065-04:00,2026-09-09,Ozzy Osbourne,0,closed
2026-09-09T14:07:46.468065-04:00,2026-09-09,Sinners,0,closed
2026-09-09T14:07:46.468065-04:00,2026-09-09,Stranger Things 5,60,open
2026-09-09T14:26:29.645646-04:00,2026-09-09,Cybergoria,0,closed
2026-09-09T14:26:29.645646-04:00,2026-09-09,Evil Dead Burn,0,closed
2026-09-09T14:26:29.645646-04:00,2026-09-09,H.R. Bloodengutz,0,closed
2026-09-09T14:26:29.645646-04:00,2026-09-09,Hellraiser,20,open
2026-09-09T14:26:29.645646-04:00,2026-09-09,INVASION,0,closed
2026-09-09T14:26:29.645646-04:00,2026-09-09,Jack & Oddfellow,30,open
2026-09-09T14:26:29.645646-04:00,2026-09-09,MADLANDS,0,closed
2026-09-09T14:26:29.645646-04:00,2026-09-09,Ozzy Osbourne,0,closed
2026-09-09T14:26:29.645646-04:00,2026-09-09,Sinners,0,closed
2026-09-09T14:26:29.645646-04:00,2026-09-09,Stranger Things 5,60,open
2026-09-09T14:42:13.319308-04:00,2026-09-09,Cybergoria,0,closed
2026-09-09T14:42:13.319308-04:00,2026-09-09,Evil Dead Burn,0,closed
2026-09-09T14:42:13.319308-04:00,2026-09-09,H.R. Bloodengutz,0,closed
2026-09-09T14:42:13.319308-04:00,2026-09-09,Hellraiser,20,open
2026-09-09T14:42:13.319308-04:00,2026-09-09,INVASION,0,closed
2026-09-09T14:42:13.319308-04:00,2026-09-09,Jack & Oddfellow,50,open
2026-09-09T14:42:13.319308-04:00,2026-09-09,MADLANDS,0,closed
2026-09-09T14:42:13.319308-04:00,2026-09-09,Ozzy Osbourne,0,closed
2026-09-09T14:42:13.319308-04:00,2026-09-09,Sinners,0,closed
2026-09-09T14:42:13.319308-04:00,2026-09-09,Stranger Things 5,60,open
2026-09-09T14:53:52.495948-04:00,2026-09-09,Cybergoria,0,closed
2026-09-09T14:53:52.495948-04:00,2026-09-09,Evil Dead Burn,0,closed
2026-09-09T14:53:52.495948-04:00,2026-09-09,H.R. Bloodengutz,0,closed
2026-09-09T14:53:52.495948-04:00,2026-09-09,Hellraiser,20,open
2026-09-09T14:53:52.495948-04:00,2026-09-09,INVASION,0,closed
2026-09-09T14:53:52.495948-04:00,2026-09-09,Jack & Oddfellow,50,open
2026-09-09T14:53:52.495948-04:00,2026-09-09,MADLANDS,0,closed
2026-09-09T14:53:52.495948-04:00,2026-09-09,Ozzy Osbourne,0,closed
2026-09-09T14:53:52.495948-04:00,2026-09-09,Sinners,0,closed
2026-09-09T14:53:52.495948-04:00,2026-09-09,Stranger Things 5,60,open
2026-09-09T15:04:25.485391-04:00,2026-09-09,Cybergoria,0,closed
2026-09-09T15:04:25.485391-04:00,2026-09-09,Evil Dead Burn,0,closed
2026-09-09T15:04:25.485391-04:00,2026-09-09,H.R. Bloodengutz,0,closed
2026-09-09T15:04:25.485391-04:00,2026-09-09,Hellraiser,20,open
2026-09-09T15:04:25.485391-04:00,2026-09-09,INVASION,0,closed
2026-09-09T15:04:25.485391-04:00,2026-09-09,Jack & Oddfellow,50,open
2026-09-09T15:04:25.485391-04:00,2026-09-09,MADLANDS,0,closed
2026-09-09T15:04:25.485391-04:00,2026-09-09,Ozzy Osbourne,0,closed
2026-09-09T15:04:25.485391-04:00,2026-09-09,Sinners,0,closed
2026-09-09T15:04:25.485391-04:00,2026-09-09,Stranger Things 5,60,open
2026-09-09T15:19:29.769097-04:00,2026-09-09,Cybergoria,0,closed
2026-09-09T15:19:29.769097-04:00,2026-09-09,Evil Dead Burn,0,closed
2026-09-09T15:19:29.769097-04:00,2026-09-09,H.R. Bloodengutz,0,closed
2026-09-09T15:19:29.769097-04:00,2026-09-09,Hellraiser,40,open
2026-09-09T15:19:29.769097-04:00,2026-09-09,INVASION,0,closed
2026-09-09T15:19:29.769097-04:00,2026-09-09,Jack & Oddfellow,45,open
2026-09-09T15:19:29.769097-04:00,2026-09-09,MADLANDS,0,closed
2026-09-09T15:19:29.769097-04:00,2026-09-09,Ozzy Osbourne,0,closed
2026-09-09T15:19:29.769097-04:00,2026-09-09,Sinners,0,closed
2026-09-09T15:19:29.769097-04:00,2026-09-09,Stranger Things 5,45,open
2026-09-09T15:31:03.030776-04:00,2026-09-09,Cybergoria,0,closed
2026-09-09T15:31:03.030776-04:00,2026-09-09,Evil Dead Burn,0,closed
2026-09-09T15:31:03.030776-04:00,2026-09-09,H.R. Bloodengutz,0,closed
2026-09-09T15:31:03.030776-04:00,2026-09-09,Hellraiser,40,open
2026-09-09T15:31:03.030776-04:00,2026-09-09,INVASION,0,closed
2026-09-09T15:31:03.030776-04:00,2026-09-09,Jack & Oddfellow,45,open
2026-09-09T15:31:03.030776-04:00,2026-09-09,MADLANDS,0,closed
2026-09-09T15:31:03.030776-04:00,2026-09-09,Ozzy Osbourne,0,closed
2026-09-09T15:31:03.030776-04:00,2026-09-09,Sinners,0,closed
2026-09-09T15:31:03.030776-04:00,2026-09-09,Stranger Things 5,45,open
2026-09-09T15:41:31.739024-04:00,2026-09-09,Cybergoria,0,closed
2026-09-09T15:41:31.739024-04:00,2026-09-09,Evil Dead Burn,0,closed
2026-09-09T15:41:31.739024-04:00,2026-09-09,H.R. Bloodengutz,0,closed
2026-09-09T15:41:31.739024-04:00,2026-09-09,Hellraiser,40,open
2026-09-09T15:41:31.739024-04:00,2026-09-09,INVASION,0,closed
2026-09-09T15:41:31.739024-04:00,2026-09-09,Jack & Oddfellow,45,open
2026-09-09T15:41:31.739024-04:00,2026-09-09,MADLANDS,0,closed
2026-09-09T15:41:31.739024-04:00,2026-09-09,Ozzy Osbourne,0,closed
2026-09-09T15:41:31.739024-04:00,2026-09-09,Sinners,0,closed
2026-09-09T15:41:31.739024-04:00,2026-09-09,Stranger Things 5,45,open
2026-09-09T15:50:38.244555-04:00,2026-09-09,Cybergoria,0,closed
2026-09-09T15:50:38.244555-04:00,2026-09-09,Evil Dead Burn,0,closed
2026-09-09T15:50:38.244555-04:00,2026-09-09,H.R. Bloodengutz,0,closed
2026-09-09T15:50:38.244555-04:00,2026-09-09,Hellraiser,40,open
2026-09-09T15:50:38.244555-04:00,2026-09-09,INVASION,0,closed
2026-09-09T15:50:38.244555-04:00,2026-09-09,Jack & Oddfellow,45,open
2026-09-09T15:50:38.244555-04:00,2026-09-09,MADLANDS,0,closed
2026-09-09T15:50:38.244555-04:00,2026-09-09,Ozzy Osbourne,0,closed
2026-09-09T15:50:38.244555-04:00,2026-09-09,Sinners,0,closed
2026-09-09T15:50:38.244555-04:00,2026-09-09,Stranger Things 5,45,open
2026-09-09T15:59:15.325873-04:00,2026-09-09,Cybergoria,0,closed
2026-09-09T15:59:15.325873-04:00,2026-09-09,Evil Dead Burn,0,closed
2026-09-09T15:59:15.325873-04:00,2026-09-09,H.R. Bloodengutz,0,closed
2026-09-09T15:59:15.325873-04:00,2026-09-09,Hellraiser,40,open
2026-09-09T15:59:15.325873-04:00,2026-09-09,INVASION,0,closed
2026-09-09T15:59:15.325873-04:00,2026-09-09,Jack & Oddfellow,40,open
2026-09-09T15:59:15.325873-04:00,2026-09-09,MADLANDS,0,closed
2026-09-09T15:59:15.325873-04:00,2026-09-09,Ozzy Osbourne,0,closed
2026-09-09T15:59:15.325873-04:00,2026-09-09,Sinners,0,closed
2026-09-09T15:59:15.325873-04:00,2026-09-09,Stranger Things 5,45,open
2026-09-09T16:16:45.343694-04:00,2026-09-09,Cybergoria,0,closed
2026-09-09T16:16:45.343694-04:00,2026-09-09,Evil Dead Burn,0,closed
2026-09-09T16:16:45.343694-04:00,2026-09-09,H.R. Bloodengutz,0,closed
2026-09-09T16:16:45.343694-04:00,2026-09-09,Hellraiser,25,open
2026-09-09T16:16:45.343694-04:00,2026-09-09,INVASION,0,closed
2026-09-09T16:16:45.343694-04:00,2026-09-09,Jack & Oddfellow,40,open
2026-09-09T16:16:45.343694-04:00,2026-09-09,MADLANDS,0,closed
2026-09-09T16:16:45.343694-04:00,2026-09-09,Ozzy Osbourne,0,closed
2026-09-09T16:16:45.343694-04:00,2026-09-09,Sinners,0,closed
2026-09-09T16:16:45.343694-04:00,2026-09-09,Stranger Things 5,30,open
2026-09-09T16:31:18.609761-04:00,2026-09-09,Cybergoria,0,closed
2026-09-09T16:31:18.609761-04:00,2026-09-09,Evil Dead Burn,0,closed
2026-09-09T16:31:18.609761-04:00,2026-09-09,H.R. Bloodengutz,0,closed
2026-09-09T16:31:18.609761-04:00,2026-09-09,Hellraiser,25,open
2026-09-09T16:31:18.609761-04:00,2026-09-09,INVASION,0,closed
2026-09-09T16:31:18.609761-04:00,2026-09-09,Jack & Oddfellow,35,open
2026-09-09T16:31:18.609761-04:00,2026-09-09,MADLANDS,0,closed
2026-09-09T16:31:18.609761-04:00,2026-09-09,Ozzy Osbourne,0,closed
2026-09-09T16:31:18.609761-04:00,2026-09-09,Sinners,0,closed
2026-09-09T16:31:18.609761-04:00,2026-09-09,Stranger Things 5,30,open
2026-09-09T16:44:09.753067-04:00,2026-09-09,Cybergoria,0,closed
2026-09-09T16:44:09.753067-04:00,2026-09-09,Evil Dead Burn,0,closed
2026-09-09T16:44:09.753067-04:00,2026-09-09,H.R. Bloodengutz,0,closed
2026-09-09T16:44:09.753067-04:00,2026-09-09,Hellraiser,20,open
2026-09-09T16:44:09.753067-04:00,2026-09-09,INVASION,0,closed
2026-09-09T16:44:09.753067-04:00,2026-09-09,Jack & Oddfellow,35,open
2026-09-09T16:44:09.753067-04:00,2026-09-09,MADLANDS,0,closed
2026-09-09T16:44:09.753067-04:00,2026-09-09,Ozzy Osbourne,0,closed
2026-09-09T16:44:09.753067-04:00,2026-09-09,Sinners,0,closed
2026-09-09T16:44:09.753067-04:00,2026-09-09,Stranger Things 5,30,open
2026-09-09T16:53:13.278108-04:00,2026-09-09,Cybergoria,0,closed
2026-09-09T16:53:13.278108-04:00,2026-09-09,Evil Dead Burn,0,closed
2026-09-09T16:53:13.278108-04:00,2026-09-09,H.R. Bloodengutz,0,closed
2026-09-09T16:53:13.278108-04:00,2026-09-09,Hellraiser,35,open
2026-09-09T16:53:13.278108-04:00,2026-09-09,INVASION,0,closed
2026-09-09T16:53:13.278108-04:00,2026-09-09,Jack & Oddfellow,35,open
2026-09-09T16:53:13.278108-04:00,2026-09-09,MADLANDS,0,closed
2026-09-09T16:53:13.278108-04:00,2026-09-09,Ozzy Osbourne,0,closed
2026-09-09T16:53:13.278108-04:00,2026-09-09,Sinners,0,closed
2026-09-09T16:53:13.278108-04:00,2026-09-09,Stranger Things 5,30,open
2026-09-09T17:03:05.559950-04:00,2026-09-09,Cybergoria,0,closed
2026-09-09T17:03:05.559950-04:00,2026-09-09,Evil Dead Burn,0,closed
2026-09-09T17:03:05.559950-04:00,2026-09-09,H.R. Bloodengutz,0,closed
2026-09-09T17:03:05.559950-04:00,2026-09-09,Hellraiser,35,open
2026-09-09T17:03:05.559950-04:00,2026-09-09,INVASION,0,closed
2026-09-09T17:03:05.559950-04:00,2026-09-09,Jack & Oddfellow,35,open
2026-09-09T17:03:05.559950-04:00,2026-09-09,MADLANDS,0,closed
2026-09-09T17:03:05.559950-04:00,2026-09-09,Ozzy Osbourne,0,closed
2026-09-09T17:03:05.559950-04:00,2026-09-09,Sinners,0,closed
2026-09-09T17:03:05.559950-04:00,2026-09-09,Stranger Things 5,30,open
2026-09-09T17:18:10.660251-04:00,2026-09-09,Cybergoria,0,closed
2026-09-09T17:18:10.660251-04:00,2026-09-09,Evil Dead Burn,0,closed
2026-09-09T17:18:10.660251-04:00,2026-09-09,H.R. Bloodengutz,0,closed
2026-09-09T17:18:10.660251-04:00,2026-09-09,Hellraiser,35,open
2026-09-09T17:18:10.660251-04:00,2026-09-09,INVASION,0,closed
2026-09-09T17:18:10.660251-04:00,2026-09-09,Jack & Oddfellow,35,open
2026-09-09T17:18:10.660251-04:00,2026-09-09,MADLANDS,0,closed
2026-09-09T17:18:10.660251-04:00,2026-09-09,Ozzy Osbourne,0,closed
2026-09-09T17:18:10.660251-04:00,2026-09-09,Sinners,0,closed
2026-09-09T17:18:10.660251-04:00,2026-09-09,Stranger Things 5,30,open
2026-09-09T17:30:58.145386-04:00,2026-09-09,Cybergoria,0,closed
2026-09-09T17:30:58.145386-04:00,2026-09-09,Evil Dead Burn,0,closed
2026-09-09T17:30:58.145386-04:00,2026-09-09,H.R. Bloodengutz,0,closed
2026-09-09T17:30:58.145386-04:00,2026-09-09,Hellraiser,20,open
2026-09-09T17:30:58.145386-04:00,2026-09-09,INVASION,0,closed
2026-09-09T17:30:58.145386-04:00,2026-09-09,Jack & Oddfellow,35,open
2026-09-09T17:30:58.145386-04:00,2026-09-09,MADLANDS,0,closed
2026-09-09T17:30:58.145386-04:00,2026-09-09,Ozzy Osbourne,0,closed
2026-09-09T17:30:58.145386-04:00,2026-09-09,Sinners,0,closed
2026-09-09T17:30:58.145386-04:00,2026-09-09,Stranger Things 5,30,open
2026-09-09T17:43:27.245694-04:00,2026-09-09,Cybergoria,0,closed
2026-09-09T17:43:27.245694-04:00,2026-09-09,Evil Dead Burn,0,closed
2026-09-09T17:43:27.245694-04:00,2026-09-09,H.R. Bloodengutz,0,closed
2026-09-09T17:43:27.245694-04:00,2026-09-09,Hellraiser,5,open
2026-09-09T17:43:27.245694-04:00,2026-09-09,INVASION,0,closed
2026-09-09T17:43:27.245694-04:00,2026-09-09,Jack & Oddfellow,35,open
2026-09-09T17:43:27.245694-04:00,2026-09-09,MADLANDS,0,closed
2026-09-09T17:43:27.245694-04:00,2026-09-09,Ozzy Osbourne,0,closed
2026-09-09T17:43:27.245694-04:00,2026-09-09,Sinners,0,closed
2026-09-09T17:43:27.245694-04:00,2026-09-09,Stranger Things 5,30,open
2026-09-09T17:52:30.388313-04:00,2026-09-09,Cybergoria,30,open
2026-09-09T17:52:30.388313-04:00,2026-09-09,Evil Dead Burn,30,open
2026-09-09T17:52:30.388313-04:00,2026-09-09,H.R. Bloodengutz,60,open
2026-09-09T17:52:30.388313-04:00,2026-09-09,Hellraiser,5,open
2026-09-09T17:52:30.388313-04:00,2026-09-09,INVASION,0,closed
2026-09-09T17:52:30.388313-04:00,2026-09-09,Jack & Oddfellow,30,open
2026-09-09T17:52:30.388313-04:00,2026-09-09,MADLANDS,0,closed
2026-09-09T17:52:30.388313-04:00,2026-09-09,Ozzy Osbourne,90,open
2026-09-09T17:52:30.388313-04:00,2026-09-09,Sinners,110,open
2026-09-09T17:52:30.388313-04:00,2026-09-09,Stranger Things 5,30,open
2026-09-09T18:01:52.306923-04:00,2026-09-09,Cybergoria,30,open
2026-09-09T18:01:52.306923-04:00,2026-09-09,Evil Dead Burn,30,open
2026-09-09T18:01:52.306923-04:00,2026-09-09,H.R. Bloodengutz,60,open
2026-09-09T18:01:52.306923-04:00,2026-09-09,Hellraiser,5,open
2026-09-09T18:01:52.306923-04:00,2026-09-09,INVASION,0,closed
2026-09-09T18:01:52.306923-04:00,2026-09-09,Jack & Oddfellow,30,open
2026-09-09T18:01:52.306923-04:00,2026-09-09,MADLANDS,25,open
2026-09-09T18:01:52.306923-04:00,2026-09-09,Ozzy Osbourne,70,open
2026-09-09T18:01:52.306923-04:00,2026-09-09,Sinners,95,open
2026-09-09T18:01:52.306923-04:00,2026-09-09,Stranger Things 5,15,open
2026-09-09T18:17:49.569538-04:00,2026-09-09,Cybergoria,30,open
2026-09-09T18:17:49.569538-04:00,2026-09-09,Evil Dead Burn,35,open
2026-09-09T18:17:49.569538-04:00,2026-09-09,H.R. Bloodengutz,60,open
2026-09-09T18:17:49.569538-04:00,2026-09-09,Hellraiser,5,open
2026-09-09T18:17:49.569538-04:00,2026-09-09,INVASION,25,open
2026-09-09T18:17:49.569538-04:00,2026-09-09,Jack & Oddfellow,15,open
2026-09-09T18:17:49.569538-04:00,2026-09-09,MADLANDS,35,open
2026-09-09T18:17:49.569538-04:00,2026-09-09,Ozzy Osbourne,60,open
2026-09-09T18:17:49.569538-04:00,2026-09-09,Sinners,95,open
2026-09-09T18:17:49.569538-04:00,2026-09-09,Stranger Things 5,30,open
2026-09-09T18:30:41.590926-04:00,2026-09-09,Cybergoria,30,open
2026-09-09T18:30:41.590926-04:00,2026-09-09,Evil Dead Burn,35,open
2026-09-09T18:30:41.590926-04:00,2026-09-09,H.R. Bloodengutz,60,open
2026-09-09T18:30:41.590926-04:00,2026-09-09,Hellraiser,15,open
2026-09-09T18:30:41.590926-04:00,2026-09-09,INVASION,55,open
2026-09-09T18:30:41.590926-04:00,2026-09-09,Jack & Oddfellow,15,open
2026-09-09T18:30:41.590926-04:00,2026-09-09,MADLANDS,80,open
2026-09-09T18:30:41.590926-04:00,2026-09-09,Ozzy Osbourne,50,open
2026-09-09T18:30:41.590926-04:00,2026-09-09,Sinners,95,open
2026-09-09T18:30:41.590926-04:00,2026-09-09,Stranger Things 5,30,open
2026-09-09T18:42:54.162619-04:00,2026-09-09,Cybergoria,45,open
2026-09-09T18:42:54.162619-04:00,2026-09-09,Evil Dead Burn,35,open
2026-09-09T18:42:54.162619-04:00,2026-09-09,H.R. Bloodengutz,60,open
2026-09-09T18:42:54.162619-04:00,2026-09-09,Hellraiser,25,open
2026-09-09T18:42:54.162619-04:00,2026-09-09,INVASION,45,open
2026-09-09T18:42:54.162619-04:00,2026-09-09,Jack & Oddfellow,30,open
2026-09-09T18:42:54.162619-04:00,2026-09-09,MADLANDS,80,open
2026-09-09T18:42:54.162619-04:00,2026-09-09,Ozzy Osbourne,75,open
2026-09-09T18:42:54.162619-04:00,2026-09-09,Sinners,80,open
2026-09-09T18:42:54.162619-04:00,2026-09-09,Stranger Things 5,30,open
2026-09-09T18:52:04.711154-04:00,2026-09-09,Cybergoria,50,open
2026-09-09T18:52:04.711154-04:00,2026-09-09,Evil Dead Burn,35,open
2026-09-09T18:52:04.711154-04:00,2026-09-09,H.R. Bloodengutz,45,open
2026-09-09T18:52:04.711154-04:00,2026-09-09,Hellraiser,25,open
2026-09-09T18:52:04.711154-04:00,2026-09-09,INVASION,35,open
2026-09-09T18:52:04.711154-04:00,2026-09-09,Jack & Oddfellow,30,open
2026-09-09T18:52:04.711154-04:00,2026-09-09,MADLANDS,80,open
2026-09-09T18:52:04.711154-04:00,2026-09-09,Ozzy Osbourne,75,open
2026-09-09T18:52:04.711154-04:00,2026-09-09,Sinners,80,open
2026-09-09T18:52:04.711154-04:00,2026-09-09,Stranger Things 5,40,open
2026-09-09T19:01:17.027355-04:00,2026-09-09,Cybergoria,50,open
2026-09-09T19:01:17.027355-04:00,2026-09-09,Evil Dead Burn,35,open
2026-09-09T19:01:17.027355-04:00,2026-09-09,H.R. Bloodengutz,45,open
2026-09-09T19:01:17.027355-04:00,2026-09-09,Hellraiser,25,open
2026-09-09T19:01:17.027355-04:00,2026-09-09,INVASION,35,open
2026-09-09T19:01:17.027355-04:00,2026-09-09,Jack & Oddfellow,55,open
2026-09-09T19:01:17.027355-04:00,2026-09-09,MADLANDS,80,open
2026-09-09T19:01:17.027355-04:00,2026-09-09,Ozzy Osbourne,75,open
2026-09-09T19:01:17.027355-04:00,2026-09-09,Sinners,90,open
2026-09-09T19:01:17.027355-04:00,2026-09-09,Stranger Things 5,40,open
2026-09-09T19:16:29.748251-04:00,2026-09-09,Cybergoria,50,open
2026-09-09T19:16:29.748251-04:00,2026-09-09,Evil Dead Burn,45,open
2026-09-09T19:16:29.748251-04:00,2026-09-09,H.R. Bloodengutz,45,open
2026-09-09T19:16:29.748251-04:00,2026-09-09,Hellraiser,40,open
2026-09-09T19:16:29.748251-04:00,2026-09-09,INVASION,45,open
2026-09-09T19:16:29.748251-04:00,2026-09-09,Jack & Oddfellow,45,open
2026-09-09T19:16:29.748251-04:00,2026-09-09,MADLANDS,35,open
2026-09-09T19:16:29.748251-04:00,2026-09-09,Ozzy Osbourne,75,open
2026-09-09T19:16:29.748251-04:00,2026-09-09,Sinners,50,open
2026-09-09T19:16:29.748251-04:00,2026-09-09,Stranger Things 5,45,open
2026-09-09T19:26:40.946117-04:00,2026-09-09,Cybergoria,50,open
2026-09-09T19:26:40.946117-04:00,2026-09-09,Evil Dead Burn,45,open
2026-09-09T19:26:40.946117-04:00,2026-09-09,H.R. Bloodengutz,65,open
2026-09-09T19:26:40.946117-04:00,2026-09-09,Hellraiser,40,open
2026-09-09T19:26:40.946117-04:00,2026-09-09,INVASION,45,open
2026-09-09T19:26:40.946117-04:00,2026-09-09,Jack & Oddfellow,45,open
2026-09-09T19:26:40.946117-04:00,2026-09-09,MADLANDS,65,open
2026-09-09T19:26:40.946117-04:00,2026-09-09,Ozzy Osbourne,90,open
2026-09-09T19:26:40.946117-04:00,2026-09-09,Sinners,50,open
2026-09-09T19:26:40.946117-04:00,2026-09-09,Stranger Things 5,45,open
2026-09-09T19:28:43.336406-04:00,2026-09-09,Cybergoria,50,open
2026-09-09T19:28:43.336406-04:00,2026-09-09,Evil Dead Burn,45,open
2026-09-09T19:28:43.336406-04:00,2026-09-09,H.R. Bloodengutz,65,open
2026-09-09T19:28:43.336406-04:00,2026-09-09,Hellraiser,40,open
2026-09-09T19:28:43.336406-04:00,2026-09-09,INVASION,45,open
2026-09-09T19:28:43.336406-04:00,2026-09-09,Jack & Oddfellow,45,open
2026-09-09T19:28:43.336406-04:00,2026-09-09,MADLANDS,65,open
2026-09-09T19:28:43.336406-04:00,2026-09-09,Ozzy Osbourne,90,open
2026-09-09T19:28:43.336406-04:00,2026-09-09,Sinners,90,open
2026-09-09T19:28:43.336406-04:00,2026-09-09,Stranger Things 5,60,open
2026-09-09T19:34:29.835949-04:00,2026-09-09,Cybergoria,50,open
2026-09-09T19:34:29.835949-04:00,2026-09-09,Evil Dead Burn,50,open
2026-09-09T19:34:29.835949-04:00,2026-09-09,H.R. Bloodengutz,65,open
2026-09-09T19:34:29.835949-04:00,2026-09-09,Hellraiser,40,open
2026-09-09T19:34:29.835949-04:00,2026-09-09,INVASION,45,open
2026-09-09T19:34:29.835949-04:00,2026-09-09,Jack & Oddfellow,45,open
2026-09-09T19:34:29.835949-04:00,2026-09-09,MADLANDS,65,open
2026-09-09T19:34:29.835949-04:00,2026-09-09,Ozzy Osbourne,90,open
2026-09-09T19:34:29.835949-04:00,2026-09-09,Sinners,90,open
2026-09-09T19:34:29.835949-04:00,2026-09-09,Stranger Things 5,60,open
2026-09-09T19:44:10.147077-04:00,2026-09-09,Cybergoria,35,open
2026-09-09T19:44:10.147077-04:00,2026-09-09,Evil Dead Burn,70,open
2026-09-09T19:44:10.147077-04:00,2026-09-09,H.R. Bloodengutz,65,open
2026-09-09T19:44:10.147077-04:00,2026-09-09,Hellraiser,40,open
2026-09-09T19:44:10.147077-04:00,2026-09-09,INVASION,45,open
2026-09-09T19:44:10.147077-04:00,2026-09-09,Jack & Oddfellow,45,open
2026-09-09T19:44:10.147077-04:00,2026-09-09,MADLANDS,45,open
2026-09-09T19:44:10.147077-04:00,2026-09-09,Ozzy Osbourne,100,open
2026-09-09T19:44:10.147077-04:00,2026-09-09,Sinners,90,open
2026-09-09T19:44:10.147077-04:00,2026-09-09,Stranger Things 5,65,open
2026-09-09T19:51:59.289316-04:00,2026-09-09,Cybergoria,65,open
2026-09-09T19:51:59.289316-04:00,2026-09-09,Evil Dead Burn,70,open
2026-09-09T19:51:59.289316-04:00,2026-09-09,H.R. Bloodengutz,65,open
2026-09-09T19:51:59.289316-04:00,2026-09-09,Hellraiser,50,open
2026-09-09T19:51:59.289316-04:00,2026-09-09,INVASION,45,open
2026-09-09T19:51:59.289316-04:00,2026-09-09,Jack & Oddfellow,35,open
2026-09-09T19:51:59.289316-04:00,2026-09-09,MADLANDS,60,open
2026-09-09T19:51:59.289316-04:00,2026-09-09,Ozzy Osbourne,100,open
2026-09-09T19:51:59.289316-04:00,2026-09-09,Sinners,90,open
2026-09-09T19:51:59.289316-04:00,2026-09-09,Stranger Things 5,65,open
2026-09-09T19:59:46.715248-04:00,2026-09-09,Cybergoria,65,open
2026-09-09T19:59:46.715248-04:00,2026-09-09,Evil Dead Burn,70,open
2026-09-09T19:59:46.715248-04:00,2026-09-09,H.R. Bloodengutz,65,open
2026-09-09T19:59:46.715248-04:00,2026-09-09,Hellraiser,50,open
2026-09-09T19:59:46.715248-04:00,2026-09-09,INVASION,45,open
2026-09-09T19:59:46.715248-04:00,2026-09-09,Jack & Oddfellow,35,open
2026-09-09T19:59:46.715248-04:00,2026-09-09,MADLANDS,60,open
2026-09-09T19:59:46.715248-04:00,2026-09-09,Ozzy Osbourne,100,open
2026-09-09T19:59:46.715248-04:00,2026-09-09,Sinners,90,open
2026-09-09T19:59:46.715248-04:00,2026-09-09,Stranger Things 5,65,open
2026-09-09T20:21:03.867341-04:00,2026-09-09,Cybergoria,55,open
2026-09-09T20:21:03.867341-04:00,2026-09-09,Evil Dead Burn,60,open
2026-09-09T20:21:03.867341-04:00,2026-09-09,H.R. Bloodengutz,65,open
2026-09-09T20:21:03.867341-04:00,2026-09-09,Hellraiser,50,open
2026-09-09T20:21:03.867341-04:00,2026-09-09,INVASION,50,open
2026-09-09T20:21:03.867341-04:00,2026-09-09,Jack & Oddfellow,65,open
2026-09-09T20:21:03.867341-04:00,2026-09-09,MADLANDS,65,open
2026-09-09T20:21:03.867341-04:00,2026-09-09,Ozzy Osbourne,100,open
2026-09-09T20:21:03.867341-04:00,2026-09-09,Sinners,90,open
2026-09-09T20:21:03.867341-04:00,2026-09-09,Stranger Things 5,45,open
2026-09-09T20:39:12.061411-04:00,2026-09-09,Cybergoria,75,open
2026-09-09T20:39:12.061411-04:00,2026-09-09,Evil Dead Burn,70,open
2026-09-09T20:39:12.061411-04:00,2026-09-09,H.R. Bloodengutz,75,open
2026-09-09T20:39:12.061411-04:00,2026-09-09,Hellraiser,50,open
2026-09-09T20:39:12.061411-04:00,2026-09-09,INVASION,55,open
2026-09-09T20:39:12.061411-04:00,2026-09-09,Jack & Oddfellow,65,open
2026-09-09T20:39:12.061411-04:00,2026-09-09,MADLANDS,45,open
2026-09-09T20:39:12.061411-04:00,2026-09-09,Ozzy Osbourne,90,open
2026-09-09T20:39:12.061411-04:00,2026-09-09,Sinners,50,open
2026-09-09T20:39:12.061411-04:00,2026-09-09,Stranger Things 5,40,open
2026-09-09T20:52:34.335665-04:00,2026-09-09,Cybergoria,75,open
2026-09-09T20:52:34.335665-04:00,2026-09-09,Evil Dead Burn,55,open
2026-09-09T20:52:34.335665-04:00,2026-09-09,H.R. Bloodengutz,55,open
2026-09-09T20:52:34.335665-04:00,2026-09-09,Hellraiser,50,open
2026-09-09T20:52:34.335665-04:00,2026-09-09,INVASION,55,open
2026-09-09T20:52:34.335665-04:00,2026-09-09,Jack & Oddfellow,65,open
2026-09-09T20:52:34.335665-04:00,2026-09-09,MADLANDS,35,open
2026-09-09T20:52:34.335665-04:00,2026-09-09,Ozzy Osbourne,80,open
2026-09-09T20:52:34.335665-04:00,2026-09-09,Sinners,80,open
2026-09-09T20:52:34.335665-04:00,2026-09-09,Stranger Things 5,40,open
2026-09-09T21:01:43.884928-04:00,2026-09-09,Cybergoria,60,open
2026-09-09T21:01:43.884928-04:00,2026-09-09,Evil Dead Burn,55,open
2026-09-09T21:01:43.884928-04:00,2026-09-09,H.R. Bloodengutz,55,open
2026-09-09T21:01:43.884928-04:00,2026-09-09,Hellraiser,100,open
2026-09-09T21:01:43.884928-04:00,2026-09-09,INVASION,55,open
2026-09-09T21:01:43.884928-04:00,2026-09-09,Jack & Oddfellow,50,open
2026-09-09T21:01:43.884928-04:00,2026-09-09,MADLANDS,55,open
2026-09-09T21:01:43.884928-04:00,2026-09-09,Ozzy Osbourne,80,open
2026-09-09T21:01:43.884928-04:00,2026-09-09,Sinners,80,open
2026-09-09T21:01:43.884928-04:00,2026-09-09,Stranger Things 5,40,open
2026-09-09T21:17:07.640003-04:00,2026-09-09,Cybergoria,85,open
2026-09-09T21:17:07.640003-04:00,2026-09-09,Evil Dead Burn,30,open
2026-09-09T21:17:07.640003-04:00,2026-09-09,H.R. Bloodengutz,55,open
2026-09-09T21:17:07.640003-04:00,2026-09-09,Hellraiser,100,open
2026-09-09T21:17:07.640003-04:00,2026-09-09,INVASION,50,open
2026-09-09T21:17:07.640003-04:00,2026-09-09,Jack & Oddfellow,30,open
2026-09-09T21:17:07.640003-04:00,2026-09-09,MADLANDS,75,open
2026-09-09T21:17:07.640003-04:00,2026-09-09,Ozzy Osbourne,80,open
2026-09-09T21:17:07.640003-04:00,2026-09-09,Sinners,80,open
2026-09-09T21:17:07.640003-04:00,2026-09-09,Stranger Things 5,40,open
2026-09-09T21:29:31.854777-04:00,2026-09-09,Cybergoria,65,open
2026-09-09T21:29:31.854777-04:00,2026-09-09,Evil Dead Burn,50,open
2026-09-09T21:29:31.854777-04:00,2026-09-09,H.R. Bloodengutz,55,open
2026-09-09T21:29:31.854777-04:00,2026-09-09,Hellraiser,80,open
2026-09-09T21:29:31.854777-04:00,2026-09-09,INVASION,50,open
2026-09-09T21:29:31.854777-04:00,2026-09-09,Jack & Oddfellow,30,open
2026-09-09T21:29:31.854777-04:00,2026-09-09,MADLANDS,50,open
2026-09-09T21:29:31.854777-04:00,2026-09-09,Ozzy Osbourne,90,open
2026-09-09T21:29:31.854777-04:00,2026-09-09,Sinners,80,open
2026-09-09T21:29:31.854777-04:00,2026-09-09,Stranger Things 5,40,open
2026-09-09T21:42:54.621913-04:00,2026-09-09,Cybergoria,65,open
2026-09-09T21:42:54.621913-04:00,2026-09-09,Evil Dead Burn,65,open
2026-09-09T21:42:54.621913-04:00,2026-09-09,H.R. Bloodengutz,55,open
2026-09-09T21:42:54.621913-04:00,2026-09-09,Hellraiser,80,open
2026-09-09T21:42:54.621913-04:00,2026-09-09,INVASION,50,open
2026-09-09T21:42:54.621913-04:00,2026-09-09,Jack & Oddfellow,45,open
2026-09-09T21:42:54.621913-04:00,2026-09-09,MADLANDS,40,open
2026-09-09T21:42:54.621913-04:00,2026-09-09,Ozzy Osbourne,80,open
2026-09-09T21:42:54.621913-04:00,2026-09-09,Sinners,70,open
2026-09-09T21:42:54.621913-04:00,2026-09-09,Stranger Things 5,50,open
2026-09-09T21:53:54.093235-04:00,2026-09-09,Cybergoria,60,open
2026-09-09T21:53:54.093235-04:00,2026-09-09,Evil Dead Burn,55,open
2026-09-09T21:53:54.093235-04:00,2026-09-09,H.R. Bloodengutz,55,open
2026-09-09T21:53:54.093235-04:00,2026-09-09,Hellraiser,60,open
2026-09-09T21:53:54.093235-04:00,2026-09-09,INVASION,50,open
2026-09-09T21:53:54.093235-04:00,2026-09-09,Jack & Oddfellow,75,open
2026-09-09T21:53:54.093235-04:00,2026-09-09,MADLANDS,60,open
2026-09-09T21:53:54.093235-04:00,2026-09-09,Ozzy Osbourne,40,open
2026-09-09T21:53:54.093235-04:00,2026-09-09,Sinners,85,open
2026-09-09T21:53:54.093235-04:00,2026-09-09,Stranger Things 5,50,open
2026-09-09T22:03:27.333794-04:00,2026-09-09,Cybergoria,60,open
2026-09-09T22:03:27.333794-04:00,2026-09-09,Evil Dead Burn,55,open
2026-09-09T22:03:27.333794-04:00,2026-09-09,H.R. Bloodengutz,55,open
2026-09-09T22:03:27.333794-04:00,2026-09-09,Hellraiser,45,open
2026-09-09T22:03:27.333794-04:00,2026-09-09,INVASION,50,open
2026-09-09T22:03:27.333794-04:00,2026-09-09,Jack & Oddfellow,75,open
2026-09-09T22:03:27.333794-04:00,2026-09-09,MADLANDS,60,open
2026-09-09T22:03:27.333794-04:00,2026-09-09,Ozzy Osbourne,60,open
2026-09-09T22:03:27.333794-04:00,2026-09-09,Sinners,85,open
2026-09-09T22:03:27.333794-04:00,2026-09-09,Stranger Things 5,50,open
2026-09-09T22:20:10.950766-04:00,2026-09-09,Cybergoria,60,open
2026-09-09T22:20:10.950766-04:00,2026-09-09,Evil Dead Burn,45,open
2026-09-09T22:20:10.950766-04:00,2026-09-09,H.R. Bloodengutz,80,open
2026-09-09T22:20:10.950766-04:00,2026-09-09,Hellraiser,35,open
2026-09-09T22:20:10.950766-04:00,2026-09-09,INVASION,40,open
2026-09-09T22:20:10.950766-04:00,2026-09-09,Jack & Oddfellow,60,open
2026-09-09T22:20:10.950766-04:00,2026-09-09,MADLANDS,60,open
2026-09-09T22:20:10.950766-04:00,2026-09-09,Ozzy Osbourne,95,open
2026-09-09T22:20:10.950766-04:00,2026-09-09,Sinners,85,open
2026-09-09T22:20:10.950766-04:00,2026-09-09,Stranger Things 5,40,open
2026-09-09T22:33:21.805094-04:00,2026-09-09,Cybergoria,70,open
2026-09-09T22:33:21.805094-04:00,2026-09-09,Evil Dead Burn,45,open
2026-09-09T22:33:21.805094-04:00,2026-09-09,H.R. Bloodengutz,80,open
2026-09-09T22:33:21.805094-04:00,2026-09-09,Hellraiser,50,open
2026-09-09T22:33:21.805094-04:00,2026-09-09,INVASION,50,open
2026-09-09T22:33:21.805094-04:00,2026-09-09,Jack & Oddfellow,40,open
2026-09-09T22:33:21.805094-04:00,2026-09-09,MADLANDS,60,open
2026-09-09T22:33:21.805094-04:00,2026-09-09,Ozzy Osbourne,95,open
2026-09-09T22:33:21.805094-04:00,2026-09-09,Sinners,85,open
2026-09-09T22:33:21.805094-04:00,2026-09-09,Stranger Things 5,40,open
2026-09-09T22:46:38.332104-04:00,2026-09-09,Cybergoria,70,open
2026-09-09T22:46:38.332104-04:00,2026-09-09,Evil Dead Burn,45,open
2026-09-09T22:46:38.332104-04:00,2026-09-09,H.R. Bloodengutz,80,open
2026-09-09T22:46:38.332104-04:00,2026-09-09,Hellraiser,50,open
2026-09-09T22:46:38.332104-04:00,2026-09-09,INVASION,50,open
2026-09-09T22:46:38.332104-04:00,2026-09-09,Jack & Oddfellow,40,open
2026-09-09T22:46:38.332104-04:00,2026-09-09,MADLANDS,40,open
2026-09-09T22:46:38.332104-04:00,2026-09-09,Ozzy Osbourne,95,open
2026-09-09T22:46:38.332104-04:00,2026-09-09,Sinners,85,open
2026-09-09T22:46:38.332104-04:00,2026-09-09,Stranger Things 5,40,open
2026-09-09T22:56:28.443183-04:00,2026-09-09,Cybergoria,55,open
2026-09-09T22:56:28.443183-04:00,2026-09-09,Evil Dead Burn,55,open
2026-09-09T22:56:28.443183-04:00,2026-09-09,H.R. Bloodengutz,70,open
2026-09-09T22:56:28.443183-04:00,2026-09-09,Hellraiser,60,open
2026-09-09T22:56:28.443183-04:00,2026-09-09,INVASION,50,open
2026-09-09T22:56:28.443183-04:00,2026-09-09,Jack & Oddfellow,40,open
2026-09-09T22:56:28.443183-04:00,2026-09-09,MADLANDS,40,open
2026-09-09T22:56:28.443183-04:00,2026-09-09,Ozzy Osbourne,95,open
2026-09-09T22:56:28.443183-04:00,2026-09-09,Sinners,95,open
2026-09-09T22:56:28.443183-04:00,2026-09-09,Stranger Things 5,40,open
2026-09-09T23:08:59.632451-04:00,2026-09-09,Cybergoria,55,open
2026-09-09T23:08:59.632451-04:00,2026-09-09,Evil Dead Burn,55,open
2026-09-09T23:08:59.632451-04:00,2026-09-09,H.R. Bloodengutz,70,open
2026-09-09T23:08:59.632451-04:00,2026-09-09,Hellraiser,60,open
2026-09-09T23:08:59.632451-04:00,2026-09-09,INVASION,40,open
2026-09-09T23:08:59.632451-04:00,2026-09-09,Jack & Oddfellow,40,open
2026-09-09T23:08:59.632451-04:00,2026-09-09,MADLANDS,25,open
2026-09-09T23:08:59.632451-04:00,2026-09-09,Ozzy Osbourne,95,open
2026-09-09T23:08:59.632451-04:00,2026-09-09,Sinners,95,open
2026-09-09T23:08:59.632451-04:00,2026-09-09,Stranger Things 5,40,open
2026-09-09T23:24:38.087158-04:00,2026-09-09,Cybergoria,55,open
2026-09-09T23:24:38.087158-04:00,2026-09-09,Evil Dead Burn,50,open
2026-09-09T23:24:38.087158-04:00,2026-09-09,H.R. Bloodengutz,50,open
2026-09-09T23:24:38.087158-04:00,2026-09-09,Hellraiser,60,open
2026-09-09T23:24:38.087158-04:00,2026-09-09,INVASION,40,open
2026-09-09T23:24:38.087158-04:00,2026-09-09,Jack & Oddfellow,50,open
2026-09-09T23:24:38.087158-04:00,2026-09-09,MADLANDS,40,open
2026-09-09T23:24:38.087158-04:00,2026-09-09,Ozzy Osbourne,95,open
2026-09-09T23:24:38.087158-04:00,2026-09-09,Sinners,95,open
2026-09-09T23:24:38.087158-04:00,2026-09-09,Stranger Things 5,40,open
2026-09-09T23:38:41.759498-04:00,2026-09-09,Cybergoria,45,open
2026-09-09T23:38:41.759498-04:00,2026-09-09,Evil Dead Burn,50,open
2026-09-09T23:38:41.759498-04:00,2026-09-09,H.R. Bloodengutz,50,open
2026-09-09T23:38:41.759498-04:00,2026-09-09,Hellraiser,60,open
2026-09-09T23:38:41.759498-04:00,2026-09-09,INVASION,40,open
2026-09-09T23:38:41.759498-04:00,2026-09-09,Jack & Oddfellow,45,open
2026-09-09T23:38:41.759498-04:00,2026-09-09,MADLANDS,50,open
2026-09-09T23:38:41.759498-04:00,2026-09-09,Ozzy Osbourne,60,open
2026-09-09T23:38:41.759498-04:00,2026-09-09,Sinners,100,open
2026-09-09T23:38:41.759498-04:00,2026-09-09,Stranger Things 5,40,open
2026-09-09T23:50:34.320232-04:00,2026-09-09,Cybergoria,45,open
2026-09-09T23:50:34.320232-04:00,2026-09-09,Evil Dead Burn,45,open
2026-09-09T23:50:34.320232-04:00,2026-09-09,H.R. Bloodengutz,60,open
2026-09-09T23:50:34.320232-04:00,2026-09-09,Hellraiser,35,open
2026-09-09T23:50:34.320232-04:00,2026-09-09,INVASION,40,open
2026-09-09T23:50:34.320232-04:00,2026-09-09,Jack & Oddfellow,45,open
2026-09-09T23:50:34.320232-04:00,2026-09-09,MADLANDS,50,open
2026-09-09T23:50:34.320232-04:00,2026-09-09,Ozzy Osbourne,60,open
2026-09-09T23:50:34.320232-04:00,2026-09-09,Sinners,100,open
2026-09-09T23:50:34.320232-04:00,2026-09-09,Stranger Things 5,35,open
2026-09-09T23:59:10.443139-04:00,2026-09-09,Cybergoria,50,open
2026-09-09T23:59:10.443139-04:00,2026-09-09,Evil Dead Burn,35,open
2026-09-09T23:59:10.443139-04:00,2026-09-09,H.R. Bloodengutz,60,open
2026-09-09T23:59:10.443139-04:00,2026-09-09,Hellraiser,35,open
2026-09-09T23:59:10.443139-04:00,2026-09-09,INVASION,40,open
2026-09-09T23:59:10.443139-04:00,2026-09-09,Jack & Oddfellow,45,open
2026-09-09T23:59:10.443139-04:00,2026-09-09,MADLANDS,40,open
2026-09-09T23:59:10.443139-04:00,2026-09-09,Ozzy Osbourne,45,open
2026-09-09T23:59:10.443139-04:00,2026-09-09,Sinners,45,open
2026-09-09T23:59:10.443139-04:00,2026-09-09,Stranger Things 5,35,open
2026-09-10T00:14:32.206056-04:00,2026-09-09,Cybergoria,55,open
2026-09-10T00:14:32.206056-04:00,2026-09-09,Evil Dead Burn,35,open
2026-09-10T00:14:32.206056-04:00,2026-09-09,H.R. Bloodengutz,60,open
2026-09-10T00:14:32.206056-04:00,2026-09-09,Hellraiser,35,open
2026-09-10T00:14:32.206056-04:00,2026-09-09,INVASION,30,open
2026-09-10T00:14:32.206056-04:00,2026-09-09,Jack & Oddfellow,55,open
2026-09-10T00:14:32.206056-04:00,2026-09-09,MADLANDS,20,open
2026-09-10T00:14:32.206056-04:00,2026-09-09,Ozzy Osbourne,50,open
2026-09-10T00:14:32.206056-04:00,2026-09-09,Sinners,55,open
2026-09-10T00:14:32.206056-04:00,2026-09-09,Stranger Things 5,25,open
2026-09-10T00:29:19.054558-04:00,2026-09-09,Cybergoria,50,open
2026-09-10T00:29:19.054558-04:00,2026-09-09,Evil Dead Burn,40,open
2026-09-10T00:29:19.054558-04:00,2026-09-09,H.R. Bloodengutz,40,open
2026-09-10T00:29:19.054558-04:00,2026-09-09,Hellraiser,35,open
2026-09-10T00:29:19.054558-04:00,2026-09-09,INVASION,25,open
2026-09-10T00:29:19.054558-04:00,2026-09-09,Jack & Oddfellow,40,open
2026-09-10T00:29:19.054558-04:00,2026-09-09,MADLANDS,20,open
2026-09-10T00:29:19.054558-04:00,2026-09-09,Ozzy Osbourne,50,open
2026-09-10T00:29:19.054558-04:00,2026-09-09,Sinners,55,open
2026-09-10T00:29:19.054558-04:00,2026-09-09,Stranger Things 5,25,open
2026-09-10T00:43:57.014750-04:00,2026-09-09,Cybergoria,50,open
2026-09-10T00:43:57.014750-04:00,2026-09-09,Evil Dead Burn,40,open
2026-09-10T00:43:57.014750-04:00,2026-09-09,H.R. Bloodengutz,40,open
2026-09-10T00:43:57.014750-04:00,2026-09-09,Hellraiser,35,open
2026-09-10T00:43:57.014750-04:00,2026-09-09,INVASION,25,open
2026-09-10T00:43:57.014750-04:00,2026-09-09,Jack & Oddfellow,35,open
2026-09-10T00:43:57.014750-04:00,2026-09-09,MADLANDS,20,open
2026-09-10T00:43:57.014750-04:00,2026-09-09,Ozzy Osbourne,50,open
2026-09-10T00:43:57.014750-04:00,2026-09-09,Sinners,35,open
2026-09-10T00:43:57.014750-04:00,2026-09-09,Stranger Things 5,25,open
2026-09-10T00:54:22.005442-04:00,2026-09-09,Cybergoria,35,open
2026-09-10T00:54:22.005442-04:00,2026-09-09,Evil Dead Burn,40,open
2026-09-10T00:54:22.005442-04:00,2026-09-09,H.R. Bloodengutz,40,open
2026-09-10T00:54:22.005442-04:00,2026-09-09,Hellraiser,35,open
2026-09-10T00:54:22.005442-04:00,2026-09-09,INVASION,25,open
2026-09-10T00:54:22.005442-04:00,2026-09-09,Jack & Oddfellow,35,open
2026-09-10T00:54:22.005442-04:00,2026-09-09,MADLANDS,20,open
2026-09-10T00:54:22.005442-04:00,2026-09-09,Ozzy Osbourne,50,open
2026-09-10T00:54:22.005442-04:00,2026-09-09,Sinners,35,open
2026-09-10T00:54:22.005442-04:00,2026-09-09,Stranger Things 5,25,open
2026-09-10T01:04:08.320120-04:00,2026-09-09,Cybergoria,20,open
2026-09-10T01:04:08.320120-04:00,2026-09-09,Evil Dead Burn,20,open
2026-09-10T01:04:08.320120-04:00,2026-09-09,H.R. Bloodengutz,40,open
2026-09-10T01:04:08.320120-04:00,2026-09-09,Hellraiser,35,open
2026-09-10T01:04:08.320120-04:00,2026-09-09,INVASION,15,open
2026-09-10T01:04:08.320120-04:00,2026-09-09,Jack & Oddfellow,35,open
2026-09-10T01:04:08.320120-04:00,2026-09-09,MADLANDS,20,open
2026-09-10T01:04:08.320120-04:00,2026-09-09,Ozzy Osbourne,50,open
2026-09-10T01:04:08.320120-04:00,2026-09-09,Sinners,45,open
2026-09-10T01:04:08.320120-04:00,2026-09-09,Stranger Things 5,25,open
2026-09-10T01:19:24.850920-04:00,2026-09-09,Cybergoria,55,open
2026-09-10T01:19:24.850920-04:00,2026-09-09,Evil Dead Burn,20,open
2026-09-10T01:19:24.850920-04:00,2026-09-09,H.R. Bloodengutz,35,open
2026-09-10T01:19:24.850920-04:00,2026-09-09,Hellraiser,20,open
2026-09-10T01:19:24.850920-04:00,2026-09-09,INVASION,15,open
2026-09-10T01:19:24.850920-04:00,2026-09-09,Jack & Oddfellow,15,open
2026-09-10T01:19:24.850920-04:00,2026-09-09,MADLANDS,20,open
2026-09-10T01:19:24.850920-04:00,2026-09-09,Ozzy Osbourne,30,open
2026-09-10T01:19:24.850920-04:00,2026-09-09,Sinners,45,open
2026-09-10T01:19:24.850920-04:00,2026-09-09,Stranger Things 5,5,open
2026-09-10T01:32:10.794607-04:00,2026-09-09,Cybergoria,25,open
2026-09-10T01:32:10.794607-04:00,2026-09-09,Evil Dead Burn,15,open
2026-09-10T01:32:10.794607-04:00,2026-09-09,H.R. Bloodengutz,35,open
2026-09-10T01:32:10.794607-04:00,2026-09-09,Hellraiser,10,open
2026-09-10T01:32:10.794607-04:00,2026-09-09,INVASION,15,open
2026-09-10T01:32:10.794607-04:00,2026-09-09,Jack & Oddfellow,25,open
2026-09-10T01:32:10.794607-04:00,2026-09-09,MADLANDS,20,open
2026-09-10T01:32:10.794607-04:00,2026-09-09,Ozzy Osbourne,40,open
2026-09-10T01:32:10.794607-04:00,2026-09-09,Sinners,30,open
2026-09-10T01:32:10.794607-04:00,2026-09-09,Stranger Things 5,5,open
2026-09-10T01:44:43.399591-04:00,2026-09-09,Cybergoria,25,open
2026-09-10T01:44:43.399591-04:00,2026-09-09,Evil Dead Burn,15,open
2026-09-10T01:44:43.399591-04:00,2026-09-09,H.R. Bloodengutz,35,open
2026-09-10T01:44:43.399591-04:00,2026-09-09,Hellraiser,10,open
2026-09-10T01:44:43.399591-04:00,2026-09-09,INVASION,15,open
2026-09-10T01:44:43.399591-04:00,2026-09-09,Jack & Oddfellow,30,open
2026-09-10T01:44:43.399591-04:00,2026-09-09,MADLANDS,20,open
2026-09-10T01:44:43.399591-04:00,2026-09-09,Ozzy Osbourne,40,open
2026-09-10T01:44:43.399591-04:00,2026-09-09,Sinners,0,closed
2026-09-10T01:44:43.399591-04:00,2026-09-09,Stranger Things 5,5,open
2026-09-10T01:54:32.858008-04:00,2026-09-09,Cybergoria,25,open
2026-09-10T01:54:32.858008-04:00,2026-09-09,Evil Dead Burn,15,open
2026-09-10T01:54:32.858008-04:00,2026-09-09,H.R. Bloodengutz,35,open
2026-09-10T01:54:32.858008-04:00,2026-09-09,Hellraiser,10,open
2026-09-10T01:54:32.858008-04:00,2026-09-09,INVASION,15,open
2026-09-10T01:54:32.858008-04:00,2026-09-09,Jack & Oddfellow,20,open
2026-09-10T01:54:32.858008-04:00,2026-09-09,MADLANDS,20,open
2026-09-10T01:54:32.858008-04:00,2026-09-09,Ozzy Osbourne,40,open
2026-09-10T01:54:32.858008-04:00,2026-09-09,Sinners,0,closed
2026-09-10T01:54:32.858008-04:00,2026-09-09,Stranger Things 5,5,open
2026-09-10T02:06:39.396144-04:00,2026-09-09,Cybergoria,25,open
2026-09-10T02:06:39.396144-04:00,2026-09-09,Evil Dead Burn,15,open
2026-09-10T02:06:39.396144-04:00,2026-09-09,H.R. Bloodengutz,35,open
2026-09-10T02:06:39.396144-04:00,2026-09-09,Hellraiser,10,open
2026-09-10T02:06:39.396144-04:00,2026-09-09,INVASION,15,open
2026-09-10T02:06:39.396144-04:00,2026-09-09,Jack & Oddfellow,20,open
2026-09-10T02:06:39.396144-04:00,2026-09-09,MADLANDS,20,open
2026-09-10T02:06:39.396144-04:00,2026-09-09,Ozzy Osbourne,40,open
2026-09-10T02:06:39.396144-04:00,2026-09-09,Sinners,0,closed
2026-09-10T02:06:39.396144-04:00,2026-09-09,Stranger Things 5,5,open
2026-09-10T02:27:53.250699-04:00,2026-09-09,Cybergoria,0,closed
2026-09-10T02:27:53.250699-04:00,2026-09-09,Evil Dead Burn,0,closed
2026-09-10T02:27:53.250699-04:00,2026-09-09,H.R. Bloodengutz,0,closed
2026-09-10T02:27:53.250699-04:00,2026-09-09,Hellraiser,0,closed
2026-09-10T02:27:53.250699-04:00,2026-09-09,INVASION,0,closed
2026-09-10T02:27:53.250699-04:00,2026-09-09,Jack & Oddfellow,0,closed
2026-09-10T02:27:53.250699-04:00,2026-09-09,MADLANDS,0,closed
2026-09-10T02:27:53.250699-04:00,2026-09-09,Ozzy Osbourne,0,closed
2026-09-10T02:27:53.250699-04:00,2026-09-09,Sinners,0,closed
2026-09-10T02:27:53.250699-04:00,2026-09-09,Stranger Things 5,0,closed
2026-09-10T02:45:03.342801-04:00,2026-09-09,Cybergoria,0,closed
2026-09-10T02:45:03.342801-04:00,2026-09-09,Evil Dead Burn,0,closed
2026-09-10T02:45:03.342801-04:00,2026-09-09,H.R. Bloodengutz,0,closed
2026-09-10T02:45:03.342801-04:00,2026-09-09,Hellraiser,0,closed
2026-09-10T02:45:03.342801-04:00,2026-09-09,INVASION,0,closed
2026-09-10T02:45:03.342801-04:00,2026-09-09,Jack & Oddfellow,0,closed
2026-09-10T02:45:03.342801-04:00,2026-09-09,MADLANDS,0,closed
2026-09-10T02:45:03.342801-04:00,2026-09-09,Ozzy Osbourne,0,closed
2026-09-10T02:45:03.342801-04:00,2026-09-09,Sinners,0,closed
2026-09-10T02:45:03.342801-04:00,2026-09-09,Stranger Things 5,0,closed
2026-09-10T02:58:49.130813-04:00,2026-09-09,Cybergoria,0,closed
2026-09-10T02:58:49.130813-04:00,2026-09-09,Evil Dead Burn,0,closed
2026-09-10T02:58:49.130813-04:00,2026-09-09,H.R. Bloodengutz,0,closed
2026-09-10T02:58:49.130813-04:00,2026-09-09,Hellraiser,0,closed
2026-09-10T02:58:49.130813-04:00,2026-09-09,INVASION,0,closed
2026-09-10T02:58:49.130813-04:00,2026-09-09,Jack & Oddfellow,0,closed
2026-09-10T02:58:49.130813-04:00,2026-09-09,MADLANDS,0,closed
2026-09-10T02:58:49.130813-04:00,2026-09-09,Ozzy Osbourne,0,closed
2026-09-10T02:58:49.130813-04:00,2026-09-09,Sinners,0,closed
2026-09-10T02:58:49.130813-04:00,2026-09-09,Stranger Things 5,0,closed
2026-09-10T14:00:12.044358-04:00,2026-09-10,Cybergoria,0,closed
2026-09-10T14:00:12.044358-04:00,2026-09-10,Evil Dead Burn,0,closed
2026-09-10T14:00:12.044358-04:00,2026-09-10,H.R. Bloodengutz,0,closed
2026-09-10T14:00:12.044358-04:00,2026-09-10,Hellraiser,0,closed
2026-09-10T14:00:12.044358-04:00,2026-09-10,INVASION,0,closed
2026-09-10T14:00:12.044358-04:00,2026-09-10,Jack & Oddfellow,0,closed
2026-09-10T14:00:12.044358-04:00,2026-09-10,MADLANDS,0,closed
2026-09-10T14:00:12.044358-04:00,2026-09-10,Ozzy Osbourne,0,closed
2026-09-10T14:00:12.044358-04:00,2026-09-10,Sinners,0,closed
2026-09-10T14:00:12.044358-04:00,2026-09-10,Stranger Things 5,0,closed
2026-09-10T14:18:34.867546-04:00,2026-09-10,Cybergoria,0,closed
2026-09-10T14:18:34.867546-04:00,2026-09-10,Evil Dead Burn,0,closed
2026-09-10T14:18:34.867546-04:00,2026-09-10,H.R. Bloodengutz,0,closed
2026-09-10T14:18:34.867546-04:00,2026-09-10,Hellraiser,10,open
2026-09-10T14:18:34.867546-04:00,2026-09-10,INVASION,0,closed
2026-09-10T14:18:34.867546-04:00,2026-09-10,Jack & Oddfellow,30,open
2026-09-10T14:18:34.867546-04:00,2026-09-10,MADLANDS,0,closed
2026-09-10T14:18:34.867546-04:00,2026-09-10,Ozzy Osbourne,0,closed
2026-09-10T14:18:34.867546-04:00,2026-09-10,Sinners,0,closed
2026-09-10T14:18:34.867546-04:00,2026-09-10,Stranger Things 5,5,open
2026-09-10T14:33:55.703318-04:00,2026-09-10,Cybergoria,0,closed
2026-09-10T14:33:55.703318-04:00,2026-09-10,Evil Dead Burn,0,closed
2026-09-10T14:33:55.703318-04:00,2026-09-10,H.R. Bloodengutz,0,closed
2026-09-10T14:33:55.703318-04:00,2026-09-10,Hellraiser,10,open
2026-09-10T14:33:55.703318-04:00,2026-09-10,INVASION,0,closed
2026-09-10T14:33:55.703318-04:00,2026-09-10,Jack & Oddfellow,40,open
2026-09-10T14:33:55.703318-04:00,2026-09-10,MADLANDS,0,closed
2026-09-10T14:33:55.703318-04:00,2026-09-10,Ozzy Osbourne,0,closed
2026-09-10T14:33:55.703318-04:00,2026-09-10,Sinners,0,closed
2026-09-10T14:33:55.703318-04:00,2026-09-10,Stranger Things 5,5,open
2026-09-10T14:47:57.842252-04:00,2026-09-10,Cybergoria,0,closed
2026-09-10T14:47:57.842252-04:00,2026-09-10,Evil Dead Burn,0,closed
2026-09-10T14:47:57.842252-04:00,2026-09-10,H.R. Bloodengutz,0,closed
2026-09-10T14:47:57.842252-04:00,2026-09-10,Hellraiser,10,open
2026-09-10T14:47:57.842252-04:00,2026-09-10,INVASION,0,closed
2026-09-10T14:47:57.842252-04:00,2026-09-10,Jack & Oddfellow,40,open
2026-09-10T14:47:57.842252-04:00,2026-09-10,MADLANDS,0,closed
2026-09-10T14:47:57.842252-04:00,2026-09-10,Ozzy Osbourne,0,closed
2026-09-10T14:47:57.842252-04:00,2026-09-10,Sinners,0,closed
2026-09-10T14:47:57.842252-04:00,2026-09-10,Stranger Things 5,25,open
2026-09-10T14:57:25.328941-04:00,2026-09-10,Cybergoria,0,closed
2026-09-10T14:57:25.328941-04:00,2026-09-10,Evil Dead Burn,0,closed
2026-09-10T14:57:25.328941-04:00,2026-09-10,H.R. Bloodengutz,0,closed
2026-09-10T14:57:25.328941-04:00,2026-09-10,Hellraiser,10,open
2026-09-10T14:57:25.328941-04:00,2026-09-10,INVASION,0,closed
2026-09-10T14:57:25.328941-04:00,2026-09-10,Jack & Oddfellow,40,open
2026-09-10T14:57:25.328941-04:00,2026-09-10,MADLANDS,0,closed
2026-09-10T14:57:25.328941-04:00,2026-09-10,Ozzy Osbourne,0,closed
2026-09-10T14:57:25.328941-04:00,2026-09-10,Sinners,0,closed
2026-09-10T14:57:25.328941-04:00,2026-09-10,Stranger Things 5,35,open
2026-09-10T15:08:56.882846-04:00,2026-09-10,Cybergoria,0,closed
2026-09-10T15:08:56.882846-04:00,2026-09-10,Evil Dead Burn,0,closed
2026-09-10T15:08:56.882846-04:00,2026-09-10,H.R. Bloodengutz,0,closed
2026-09-10T15:08:56.882846-04:00,2026-09-10,Hellraiser,10,open
2026-09-10T15:08:56.882846-04:00,2026-09-10,INVASION,0,closed
2026-09-10T15:08:56.882846-04:00,2026-09-10,Jack & Oddfellow,30,open
2026-09-10T15:08:56.882846-04:00,2026-09-10,MADLANDS,0,closed
2026-09-10T15:08:56.882846-04:00,2026-09-10,Ozzy Osbourne,0,closed
2026-09-10T15:08:56.882846-04:00,2026-09-10,Sinners,0,closed
2026-09-10T15:08:56.882846-04:00,2026-09-10,Stranger Things 5,35,open
2026-09-10T15:19:46.243782-04:00,2026-09-10,Cybergoria,0,closed
2026-09-10T15:19:46.243782-04:00,2026-09-10,Evil Dead Burn,0,closed
2026-09-10T15:19:46.243782-04:00,2026-09-10,H.R. Bloodengutz,0,closed
2026-09-10T15:19:46.243782-04:00,2026-09-10,Hellraiser,10,open
2026-09-10T15:19:46.243782-04:00,2026-09-10,INVASION,0,closed
2026-09-10T15:19:46.243782-04:00,2026-09-10,Jack & Oddfellow,30,open
2026-09-10T15:19:46.243782-04:00,2026-09-10,MADLANDS,0,closed
2026-09-10T15:19:46.243782-04:00,2026-09-10,Ozzy Osbourne,0,closed
2026-09-10T15:19:46.243782-04:00,2026-09-10,Sinners,0,closed
2026-09-10T15:19:46.243782-04:00,2026-09-10,Stranger Things 5,35,open
2026-09-10T15:29:12.155536-04:00,2026-09-10,Cybergoria,0,closed
2026-09-10T15:29:12.155536-04:00,2026-09-10,Evil Dead Burn,0,closed
2026-09-10T15:29:12.155536-04:00,2026-09-10,H.R. Bloodengutz,0,closed
2026-09-10T15:29:12.155536-04:00,2026-09-10,Hellraiser,20,open
2026-09-10T15:29:12.155536-04:00,2026-09-10,INVASION,0,closed
2026-09-10T15:29:12.155536-04:00,2026-09-10,Jack & Oddfellow,30,open
2026-09-10T15:29:12.155536-04:00,2026-09-10,MADLANDS,0,closed
2026-09-10T15:29:12.155536-04:00,2026-09-10,Ozzy Osbourne,0,closed
2026-09-10T15:29:12.155536-04:00,2026-09-10,Sinners,0,closed
2026-09-10T15:29:12.155536-04:00,2026-09-10,Stranger Things 5,35,open
2026-09-10T15:38:57.866377-04:00,2026-09-10,Cybergoria,0,closed
2026-09-10T15:38:57.866377-04:00,2026-09-10,Evil Dead Burn,0,closed
2026-09-10T15:38:57.866377-04:00,2026-09-10,H.R. Bloodengutz,0,closed
2026-09-10T15:38:57.866377-04:00,2026-09-10,Hellraiser,20,open
2026-09-10T15:38:57.866377-04:00,2026-09-10,INVASION,0,closed
2026-09-10T15:38:57.866377-04:00,2026-09-10,Jack & Oddfellow,20,open
2026-09-10T15:38:57.866377-04:00,2026-09-10,MADLANDS,0,closed
2026-09-10T15:38:57.866377-04:00,2026-09-10,Ozzy Osbourne,0,closed
2026-09-10T15:38:57.866377-04:00,2026-09-10,Sinners,0,closed
2026-09-10T15:38:57.866377-04:00,2026-09-10,Stranger Things 5,25,open
2026-09-10T15:47:33.672659-04:00,2026-09-10,Cybergoria,0,closed
2026-09-10T15:47:33.672659-04:00,2026-09-10,Evil Dead Burn,0,closed
2026-09-10T15:47:33.672659-04:00,2026-09-10,H.R. Bloodengutz,0,closed
2026-09-10T15:47:33.672659-04:00,2026-09-10,Hellraiser,20,open
2026-09-10T15:47:33.672659-04:00,2026-09-10,INVASION,0,closed
2026-09-10T15:47:33.672659-04:00,2026-09-10,Jack & Oddfellow,25,open
2026-09-10T15:47:33.672659-04:00,2026-09-10,MADLANDS,0,closed
2026-09-10T15:47:33.672659-04:00,2026-09-10,Ozzy Osbourne,0,closed
2026-09-10T15:47:33.672659-04:00,2026-09-10,Sinners,0,closed
2026-09-10T15:47:33.672659-04:00,2026-09-10,Stranger Things 5,15,open
2026-09-10T15:55:24.246562-04:00,2026-09-10,Cybergoria,0,closed
2026-09-10T15:55:24.246562-04:00,2026-09-10,Evil Dead Burn,0,closed
2026-09-10T15:55:24.246562-04:00,2026-09-10,H.R. Bloodengutz,0,closed
2026-09-10T15:55:24.246562-04:00,2026-09-10,Hellraiser,20,open
2026-09-10T15:55:24.246562-04:00,2026-09-10,INVASION,0,closed
2026-09-10T15:55:24.246562-04:00,2026-09-10,Jack & Oddfellow,25,open
2026-09-10T15:55:24.246562-04:00,2026-09-10,MADLANDS,0,closed
2026-09-10T15:55:24.246562-04:00,2026-09-10,Ozzy Osbourne,0,closed
2026-09-10T15:55:24.246562-04:00,2026-09-10,Sinners,0,closed
2026-09-10T15:55:24.246562-04:00,2026-09-10,Stranger Things 5,10,open
2026-09-10T16:06:15.727332-04:00,2026-09-10,Cybergoria,0,closed
2026-09-10T16:06:15.727332-04:00,2026-09-10,Evil Dead Burn,0,closed
2026-09-10T16:06:15.727332-04:00,2026-09-10,H.R. Bloodengutz,0,closed
2026-09-10T16:06:15.727332-04:00,2026-09-10,Hellraiser,20,open
2026-09-10T16:06:15.727332-04:00,2026-09-10,INVASION,0,closed
2026-09-10T16:06:15.727332-04:00,2026-09-10,Jack & Oddfellow,25,open
2026-09-10T16:06:15.727332-04:00,2026-09-10,MADLANDS,0,closed
2026-09-10T16:06:15.727332-04:00,2026-09-10,Ozzy Osbourne,0,closed
2026-09-10T16:06:15.727332-04:00,2026-09-10,Sinners,0,closed
2026-09-10T16:06:15.727332-04:00,2026-09-10,Stranger Things 5,5,open
2026-09-10T16:20:14.143455-04:00,2026-09-10,Cybergoria,0,closed
2026-09-10T16:20:14.143455-04:00,2026-09-10,Evil Dead Burn,0,closed
2026-09-10T16:20:14.143455-04:00,2026-09-10,H.R. Bloodengutz,0,closed
2026-09-10T16:20:14.143455-04:00,2026-09-10,Hellraiser,10,open
2026-09-10T16:20:14.143455-04:00,2026-09-10,INVASION,0,closed
2026-09-10T16:20:14.143455-04:00,2026-09-10,Jack & Oddfellow,25,open
2026-09-10T16:20:14.143455-04:00,2026-09-10,MADLANDS,0,closed
2026-09-10T16:20:14.143455-04:00,2026-09-10,Ozzy Osbourne,0,closed
2026-09-10T16:20:14.143455-04:00,2026-09-10,Sinners,0,closed
2026-09-10T16:20:14.143455-04:00,2026-09-10,Stranger Things 5,5,open
2026-09-10T16:32:06.325498-04:00,2026-09-10,Cybergoria,0,closed
2026-09-10T16:32:06.325498-04:00,2026-09-10,Evil Dead Burn,0,closed
2026-09-10T16:32:06.325498-04:00,2026-09-10,H.R. Bloodengutz,0,closed
2026-09-10T16:32:06.325498-04:00,2026-09-10,Hellraiser,10,open
2026-09-10T16:32:06.325498-04:00,2026-09-10,INVASION,0,closed
2026-09-10T16:32:06.325498-04:00,2026-09-10,Jack & Oddfellow,25,open
2026-09-10T16:32:06.325498-04:00,2026-09-10,MADLANDS,0,closed
2026-09-10T16:32:06.325498-04:00,2026-09-10,Ozzy Osbourne,0,closed
2026-09-10T16:32:06.325498-04:00,2026-09-10,Sinners,0,closed
2026-09-10T16:32:06.325498-04:00,2026-09-10,Stranger Things 5,5,open
2026-09-10T16:43:51.224022-04:00,2026-09-10,Cybergoria,0,closed
2026-09-10T16:43:51.224022-04:00,2026-09-10,Evil Dead Burn,0,closed
2026-09-10T16:43:51.224022-04:00,2026-09-10,H.R. Bloodengutz,0,closed
2026-09-10T16:43:51.224022-04:00,2026-09-10,Hellraiser,10,open
2026-09-10T16:43:51.224022-04:00,2026-09-10,INVASION,0,closed
2026-09-10T16:43:51.224022-04:00,2026-09-10,Jack & Oddfellow,25,open
2026-09-10T16:43:51.224022-04:00,2026-09-10,MADLANDS,0,closed
2026-09-10T16:43:51.224022-04:00,2026-09-10,Ozzy Osbourne,0,closed
2026-09-10T16:43:51.224022-04:00,2026-09-10,Sinners,0,closed
2026-09-10T16:43:51.224022-04:00,2026-09-10,Stranger Things 5,10,open
2026-09-10T16:53:13.464727-04:00,2026-09-10,Cybergoria,0,closed
2026-09-10T16:53:13.464727-04:00,2026-09-10,Evil Dead Burn,0,closed
2026-09-10T16:53:13.464727-04:00,2026-09-10,H.R. Bloodengutz,0,closed
2026-09-10T16:53:13.464727-04:00,2026-09-10,Hellraiser,10,open
2026-09-10T16:53:13.464727-04:00,2026-09-10,INVASION,0,closed
2026-09-10T16:53:13.464727-04:00,2026-09-10,Jack & Oddfellow,0,closed
2026-09-10T16:53:13.464727-04:00,2026-09-10,MADLANDS,0,closed
2026-09-10T16:53:13.464727-04:00,2026-09-10,Ozzy Osbourne,0,closed
2026-09-10T16:53:13.464727-04:00,2026-09-10,Sinners,0,closed
2026-09-10T16:53:13.464727-04:00,2026-09-10,Stranger Things 5,10,open
2026-09-10T17:02:02.971580-04:00,2026-09-10,Cybergoria,0,closed
2026-09-10T17:02:02.971580-04:00,2026-09-10,Evil Dead Burn,0,closed
2026-09-10T17:02:02.971580-04:00,2026-09-10,H.R. Bloodengutz,0,closed
2026-09-10T17:02:02.971580-04:00,2026-09-10,Hellraiser,10,open
2026-09-10T17:02:02.971580-04:00,2026-09-10,INVASION,0,closed
2026-09-10T17:02:02.971580-04:00,2026-09-10,Jack & Oddfellow,0,closed
2026-09-10T17:02:02.971580-04:00,2026-09-10,MADLANDS,0,closed
2026-09-10T17:02:02.971580-04:00,2026-09-10,Ozzy Osbourne,0,closed
2026-09-10T17:02:02.971580-04:00,2026-09-10,Sinners,0,closed
2026-09-10T17:02:02.971580-04:00,2026-09-10,Stranger Things 5,10,open
2026-09-10T17:16:08.132447-04:00,2026-09-10,Cybergoria,0,closed
2026-09-10T17:16:08.132447-04:00,2026-09-10,Evil Dead Burn,0,closed
2026-09-10T17:16:08.132447-04:00,2026-09-10,H.R. Bloodengutz,0,closed
2026-09-10T17:16:08.132447-04:00,2026-09-10,Hellraiser,15,open
2026-09-10T17:16:08.132447-04:00,2026-09-10,INVASION,0,closed
2026-09-10T17:16:08.132447-04:00,2026-09-10,Jack & Oddfellow,25,open
2026-09-10T17:16:08.132447-04:00,2026-09-10,MADLANDS,0,closed
2026-09-10T17:16:08.132447-04:00,2026-09-10,Ozzy Osbourne,0,closed
2026-09-10T17:16:08.132447-04:00,2026-09-10,Sinners,0,closed
2026-09-10T17:16:08.132447-04:00,2026-09-10,Stranger Things 5,10,open
2026-09-10T17:27:29.526004-04:00,2026-09-10,Cybergoria,0,closed
2026-09-10T17:27:29.526004-04:00,2026-09-10,Evil Dead Burn,0,closed
2026-09-10T17:27:29.526004-04:00,2026-09-10,H.R. Bloodengutz,0,closed
2026-09-10T17:27:29.526004-04:00,2026-09-10,Hellraiser,20,open
2026-09-10T17:27:29.526004-04:00,2026-09-10,INVASION,0,closed
2026-09-10T17:27:29.526004-04:00,2026-09-10,Jack & Oddfellow,15,open
2026-09-10T17:27:29.526004-04:00,2026-09-10,MADLANDS,0,closed
2026-09-10T17:27:29.526004-04:00,2026-09-10,Ozzy Osbourne,120,open
2026-09-10T17:27:29.526004-04:00,2026-09-10,Sinners,85,open
2026-09-10T17:27:29.526004-04:00,2026-09-10,Stranger Things 5,10,open
2026-09-10T17:38:38.965754-04:00,2026-09-10,Cybergoria,0,closed
2026-09-10T17:38:38.965754-04:00,2026-09-10,Evil Dead Burn,0,closed
2026-09-10T17:38:38.965754-04:00,2026-09-10,H.R. Bloodengutz,0,closed
2026-09-10T17:38:38.965754-04:00,2026-09-10,Hellraiser,10,open
2026-09-10T17:38:38.965754-04:00,2026-09-10,INVASION,0,closed
2026-09-10T17:38:38.965754-04:00,2026-09-10,Jack & Oddfellow,15,open
2026-09-10T17:38:38.965754-04:00,2026-09-10,MADLANDS,0,closed
2026-09-10T17:38:38.965754-04:00,2026-09-10,Ozzy Osbourne,105,open
2026-09-10T17:38:38.965754-04:00,2026-09-10,Sinners,125,open
2026-09-10T17:38:38.965754-04:00,2026-09-10,Stranger Things 5,5,open
2026-09-10T17:47:44.848073-04:00,2026-09-10,Cybergoria,40,open
2026-09-10T17:47:44.848073-04:00,2026-09-10,Evil Dead Burn,20,open
2026-09-10T17:47:44.848073-04:00,2026-09-10,H.R. Bloodengutz,0,closed
2026-09-10T17:47:44.848073-04:00,2026-09-10,Hellraiser,10,open
2026-09-10T17:47:44.848073-04:00,2026-09-10,INVASION,0,closed
2026-09-10T17:47:44.848073-04:00,2026-09-10,Jack & Oddfellow,15,open
2026-09-10T17:47:44.848073-04:00,2026-09-10,MADLANDS,0,closed
2026-09-10T17:47:44.848073-04:00,2026-09-10,Ozzy Osbourne,75,open
2026-09-10T17:47:44.848073-04:00,2026-09-10,Sinners,125,open
2026-09-10T17:47:44.848073-04:00,2026-09-10,Stranger Things 5,5,open
2026-09-10T17:55:46.827501-04:00,2026-09-10,Cybergoria,40,open
2026-09-10T17:55:46.827501-04:00,2026-09-10,Evil Dead Burn,20,open
2026-09-10T17:55:46.827501-04:00,2026-09-10,H.R. Bloodengutz,65,open
2026-09-10T17:55:46.827501-04:00,2026-09-10,Hellraiser,10,open
2026-09-10T17:55:46.827501-04:00,2026-09-10,INVASION,0,closed
2026-09-10T17:55:46.827501-04:00,2026-09-10,Jack & Oddfellow,10,open
2026-09-10T17:55:46.827501-04:00,2026-09-10,MADLANDS,0,closed
2026-09-10T17:55:46.827501-04:00,2026-09-10,Ozzy Osbourne,75,open
2026-09-10T17:55:46.827501-04:00,2026-09-10,Sinners,125,open
2026-09-10T17:55:46.827501-04:00,2026-09-10,Stranger Things 5,5,open
2026-09-10T18:06:51.461958-04:00,2026-09-10,Cybergoria,30,open
2026-09-10T18:06:51.461958-04:00,2026-09-10,Evil Dead Burn,20,open
2026-09-10T18:06:51.461958-04:00,2026-09-10,H.R. Bloodengutz,55,open
2026-09-10T18:06:51.461958-04:00,2026-09-10,Hellraiser,5,open
2026-09-10T18:06:51.461958-04:00,2026-09-10,INVASION,0,closed
2026-09-10T18:06:51.461958-04:00,2026-09-10,Jack & Oddfellow,10,open
2026-09-10T18:06:51.461958-04:00,2026-09-10,MADLANDS,30,open
2026-09-10T18:06:51.461958-04:00,2026-09-10,Ozzy Osbourne,75,open
2026-09-10T18:06:51.461958-04:00,2026-09-10,Sinners,125,open
2026-09-10T18:06:51.461958-04:00,2026-09-10,Stranger Things 5,5,open
2026-09-10T18:20:04.400818-04:00,2026-09-10,Cybergoria,20,open
2026-09-10T18:20:04.400818-04:00,2026-09-10,Evil Dead Burn,25,open
2026-09-10T18:20:04.400818-04:00,2026-09-10,H.R. Bloodengutz,35,open
2026-09-10T18:20:04.400818-04:00,2026-09-10,Hellraiser,5,open
2026-09-10T18:20:04.400818-04:00,2026-09-10,INVASION,15,open
2026-09-10T18:20:04.400818-04:00,2026-09-10,Jack & Oddfellow,20,open
2026-09-10T18:20:04.400818-04:00,2026-09-10,MADLANDS,35,open
2026-09-10T18:20:04.400818-04:00,2026-09-10,Ozzy Osbourne,50,open
2026-09-10T18:20:04.400818-04:00,2026-09-10,Sinners,125,open
2026-09-10T18:20:04.400818-04:00,2026-09-10,Stranger Things 5,15,open
2026-09-10T18:31:13.744144-04:00,2026-09-10,Cybergoria,20,open
2026-09-10T18:31:13.744144-04:00,2026-09-10,Evil Dead Burn,35,open
2026-09-10T18:31:13.744144-04:00,2026-09-10,H.R. Bloodengutz,35,open
2026-09-10T18:31:13.744144-04:00,2026-09-10,Hellraiser,5,open
2026-09-10T18:31:13.744144-04:00,2026-09-10,INVASION,35,open
2026-09-10T18:31:13.744144-04:00,2026-09-10,Jack & Oddfellow,25,open
2026-09-10T18:31:13.744144-04:00,2026-09-10,MADLANDS,35,open
2026-09-10T18:31:13.744144-04:00,2026-09-10,Ozzy Osbourne,50,open
2026-09-10T18:31:13.744144-04:00,2026-09-10,Sinners,125,open
2026-09-10T18:31:13.744144-04:00,2026-09-10,Stranger Things 5,25,open
2026-09-10T18:42:13.271071-04:00,2026-09-10,Cybergoria,35,open
2026-09-10T18:42:13.271071-04:00,2026-09-10,Evil Dead Burn,40,open
2026-09-10T18:42:13.271071-04:00,2026-09-10,H.R. Bloodengutz,50,open
2026-09-10T18:42:13.271071-04:00,2026-09-10,Hellraiser,5,open
2026-09-10T18:42:13.271071-04:00,2026-09-10,INVASION,40,open
2026-09-10T18:42:13.271071-04:00,2026-09-10,Jack & Oddfellow,30,open
2026-09-10T18:42:13.271071-04:00,2026-09-10,MADLANDS,45,open
2026-09-10T18:42:13.271071-04:00,2026-09-10,Ozzy Osbourne,65,open
2026-09-10T18:42:13.271071-04:00,2026-09-10,Sinners,125,open
2026-09-10T18:42:13.271071-04:00,2026-09-10,Stranger Things 5,35,open
2026-09-10T18:51:06.890699-04:00,2026-09-10,Cybergoria,45,open
2026-09-10T18:51:06.890699-04:00,2026-09-10,Evil Dead Burn,40,open
2026-09-10T18:51:06.890699-04:00,2026-09-10,H.R. Bloodengutz,50,open
2026-09-10T18:51:06.890699-04:00,2026-09-10,Hellraiser,15,open
2026-09-10T18:51:06.890699-04:00,2026-09-10,INVASION,40,open
2026-09-10T18:51:06.890699-04:00,2026-09-10,Jack & Oddfellow,30,open
2026-09-10T18:51:06.890699-04:00,2026-09-10,MADLANDS,45,open
2026-09-10T18:51:06.890699-04:00,2026-09-10,Ozzy Osbourne,70,open
2026-09-10T18:51:06.890699-04:00,2026-09-10,Sinners,45,open
2026-09-10T18:51:06.890699-04:00,2026-09-10,Stranger Things 5,35,open
2026-09-10T18:59:27.743629-04:00,2026-09-10,Cybergoria,50,open
2026-09-10T18:59:27.743629-04:00,2026-09-10,Evil Dead Burn,35,open
2026-09-10T18:59:27.743629-04:00,2026-09-10,H.R. Bloodengutz,45,open
2026-09-10T18:59:27.743629-04:00,2026-09-10,Hellraiser,30,open
2026-09-10T18:59:27.743629-04:00,2026-09-10,INVASION,40,open
2026-09-10T18:59:27.743629-04:00,2026-09-10,Jack & Oddfellow,30,open
2026-09-10T18:59:27.743629-04:00,2026-09-10,MADLANDS,55,open
2026-09-10T18:59:27.743629-04:00,2026-09-10,Ozzy Osbourne,120,open
2026-09-10T18:59:27.743629-04:00,2026-09-10,Sinners,45,open
2026-09-10T18:59:27.743629-04:00,2026-09-10,Stranger Things 5,35,open
2026-09-10T19:12:03.494947-04:00,2026-09-10,Cybergoria,50,open
2026-09-10T19:12:03.494947-04:00,2026-09-10,Evil Dead Burn,35,open
2026-09-10T19:12:03.494947-04:00,2026-09-10,H.R. Bloodengutz,45,open
2026-09-10T19:12:03.494947-04:00,2026-09-10,Hellraiser,30,open
2026-09-10T19:12:03.494947-04:00,2026-09-10,INVASION,40,open
2026-09-10T19:12:03.494947-04:00,2026-09-10,Jack & Oddfellow,30,open
2026-09-10T19:12:03.494947-04:00,2026-09-10,MADLANDS,45,open
2026-09-10T19:12:03.494947-04:00,2026-09-10,Ozzy Osbourne,150,open
2026-09-10T19:12:03.494947-04:00,2026-09-10,Sinners,55,open
2026-09-10T19:12:03.494947-04:00,2026-09-10,Stranger Things 5,35,open
2026-09-10T19:23:14.376670-04:00,2026-09-10,Cybergoria,40,open
2026-09-10T19:23:14.376670-04:00,2026-09-10,Evil Dead Burn,35,open
2026-09-10T19:23:14.376670-04:00,2026-09-10,H.R. Bloodengutz,45,open
2026-09-10T19:23:14.376670-04:00,2026-09-10,Hellraiser,50,open
2026-09-10T19:23:14.376670-04:00,2026-09-10,INVASION,40,open
2026-09-10T19:23:14.376670-04:00,2026-09-10,Jack & Oddfellow,40,open
2026-09-10T19:23:14.376670-04:00,2026-09-10,MADLANDS,45,open
2026-09-10T19:23:14.376670-04:00,2026-09-10,Ozzy Osbourne,150,open
2026-09-10T19:23:14.376670-04:00,2026-09-10,Sinners,65,open
2026-09-10T19:23:14.376670-04:00,2026-09-10,Stranger Things 5,40,open
2026-09-10T19:32:04.249105-04:00,2026-09-10,Cybergoria,40,open
2026-09-10T19:32:04.249105-04:00,2026-09-10,Evil Dead Burn,35,open
2026-09-10T19:32:04.249105-04:00,2026-09-10,H.R. Bloodengutz,45,open
2026-09-10T19:32:04.249105-04:00,2026-09-10,Hellraiser,50,open
2026-09-10T19:32:04.249105-04:00,2026-09-10,INVASION,40,open
2026-09-10T19:32:04.249105-04:00,2026-09-10,Jack & Oddfellow,40,open
2026-09-10T19:32:04.249105-04:00,2026-09-10,MADLANDS,45,open
2026-09-10T19:32:04.249105-04:00,2026-09-10,Ozzy Osbourne,150,open
2026-09-10T19:32:04.249105-04:00,2026-09-10,Sinners,65,open
2026-09-10T19:32:04.249105-04:00,2026-09-10,Stranger Things 5,50,open
2026-09-10T19:41:36.134124-04:00,2026-09-10,Cybergoria,40,open
2026-09-10T19:41:36.134124-04:00,2026-09-10,Evil Dead Burn,45,open
2026-09-10T19:41:36.134124-04:00,2026-09-10,H.R. Bloodengutz,65,open
2026-09-10T19:41:36.134124-04:00,2026-09-10,Hellraiser,50,open
2026-09-10T19:41:36.134124-04:00,2026-09-10,INVASION,40,open
2026-09-10T19:41:36.134124-04:00,2026-09-10,Jack & Oddfellow,40,open
2026-09-10T19:41:36.134124-04:00,2026-09-10,MADLANDS,50,open
2026-09-10T19:41:36.134124-04:00,2026-09-10,Ozzy Osbourne,110,open
2026-09-10T19:41:36.134124-04:00,2026-09-10,Sinners,65,open
2026-09-10T19:41:36.134124-04:00,2026-09-10,Stranger Things 5,50,open
2026-09-10T19:50:03.323860-04:00,2026-09-10,Cybergoria,40,open
2026-09-10T19:50:03.323860-04:00,2026-09-10,Evil Dead Burn,60,open
2026-09-10T19:50:03.323860-04:00,2026-09-10,H.R. Bloodengutz,65,open
2026-09-10T19:50:03.323860-04:00,2026-09-10,Hellraiser,70,open
2026-09-10T19:50:03.323860-04:00,2026-09-10,INVASION,40,open
2026-09-10T19:50:03.323860-04:00,2026-09-10,Jack & Oddfellow,40,open
2026-09-10T19:50:03.323860-04:00,2026-09-10,MADLANDS,50,open
2026-09-10T19:50:03.323860-04:00,2026-09-10,Ozzy Osbourne,95,open
2026-09-10T19:50:03.323860-04:00,2026-09-10,Sinners,100,open
2026-09-10T19:50:03.323860-04:00,2026-09-10,Stranger Things 5,50,open
2026-09-10T19:58:00.156299-04:00,2026-09-10,Cybergoria,50,open
2026-09-10T19:58:00.156299-04:00,2026-09-10,Evil Dead Burn,60,open
2026-09-10T19:58:00.156299-04:00,2026-09-10,H.R. Bloodengutz,65,open
2026-09-10T19:58:00.156299-04:00,2026-09-10,Hellraiser,35,open
2026-09-10T19:58:00.156299-04:00,2026-09-10,INVASION,40,open
2026-09-10T19:58:00.156299-04:00,2026-09-10,Jack & Oddfellow,55,open
2026-09-10T19:58:00.156299-04:00,2026-09-10,MADLANDS,50,open
2026-09-10T19:58:00.156299-04:00,2026-09-10,Ozzy Osbourne,80,open
2026-09-10T19:58:00.156299-04:00,2026-09-10,Sinners,100,open
2026-09-10T19:58:00.156299-04:00,2026-09-10,Stranger Things 5,50,open
2026-09-10T20:17:02.529100-04:00,2026-09-10,Cybergoria,60,open
2026-09-10T20:17:02.529100-04:00,2026-09-10,Evil Dead Burn,50,open
2026-09-10T20:17:02.529100-04:00,2026-09-10,H.R. Bloodengutz,65,open
2026-09-10T20:17:02.529100-04:00,2026-09-10,Hellraiser,35,open
2026-09-10T20:17:02.529100-04:00,2026-09-10,INVASION,40,open
2026-09-10T20:17:02.529100-04:00,2026-09-10,Jack & Oddfellow,55,open
2026-09-10T20:17:02.529100-04:00,2026-09-10,MADLANDS,50,open
2026-09-10T20:17:02.529100-04:00,2026-09-10,Ozzy Osbourne,65,open
2026-09-10T20:17:02.529100-04:00,2026-09-10,Sinners,90,open
2026-09-10T20:17:02.529100-04:00,2026-09-10,Stranger Things 5,40,open
2026-09-10T20:37:18.509100-04:00,2026-09-10,Cybergoria,60,open
2026-09-10T20:37:18.509100-04:00,2026-09-10,Evil Dead Burn,40,open
2026-09-10T20:37:18.509100-04:00,2026-09-10,H.R. Bloodengutz,65,open
2026-09-10T20:37:18.509100-04:00,2026-09-10,Hellraiser,80,open
2026-09-10T20:37:18.509100-04:00,2026-09-10,INVASION,50,open
2026-09-10T20:37:18.509100-04:00,2026-09-10,Jack & Oddfellow,80,open
2026-09-10T20:37:18.509100-04:00,2026-09-10,MADLANDS,50,open
2026-09-10T20:37:18.509100-04:00,2026-09-10,Ozzy Osbourne,65,open
2026-09-10T20:37:18.509100-04:00,2026-09-10,Sinners,85,open
2026-09-10T20:37:18.509100-04:00,2026-09-10,Stranger Things 5,45,open
2026-09-10T20:49:36.481068-04:00,2026-09-10,Cybergoria,60,open
2026-09-10T20:49:36.481068-04:00,2026-09-10,Evil Dead Burn,40,open
2026-09-10T20:49:36.481068-04:00,2026-09-10,H.R. Bloodengutz,65,open
2026-09-10T20:49:36.481068-04:00,2026-09-10,Hellraiser,80,open
2026-09-10T20:49:36.481068-04:00,2026-09-10,INVASION,50,open
2026-09-10T20:49:36.481068-04:00,2026-09-10,Jack & Oddfellow,60,open
2026-09-10T20:49:36.481068-04:00,2026-09-10,MADLANDS,50,open
2026-09-10T20:49:36.481068-04:00,2026-09-10,Ozzy Osbourne,65,open
2026-09-10T20:49:36.481068-04:00,2026-09-10,Sinners,130,open
2026-09-10T20:49:36.481068-04:00,2026-09-10,Stranger Things 5,45,open
2026-09-10T20:59:29.176335-04:00,2026-09-10,Cybergoria,85,open
2026-09-10T20:59:29.176335-04:00,2026-09-10,Evil Dead Burn,45,open
2026-09-10T20:59:29.176335-04:00,2026-09-10,H.R. Bloodengutz,65,open
2026-09-10T20:59:29.176335-04:00,2026-09-10,Hellraiser,80,open
2026-09-10T20:59:29.176335-04:00,2026-09-10,INVASION,40,open
2026-09-10T20:59:29.176335-04:00,2026-09-10,Jack & Oddfellow,50,open
2026-09-10T20:59:29.176335-04:00,2026-09-10,MADLANDS,50,open
2026-09-10T20:59:29.176335-04:00,2026-09-10,Ozzy Osbourne,65,open
2026-09-10T20:59:29.176335-04:00,2026-09-10,Sinners,130,open
2026-09-10T20:59:29.176335-04:00,2026-09-10,Stranger Things 5,45,open
2026-09-10T21:13:03.831826-04:00,2026-09-10,Cybergoria,75,open
2026-09-10T21:13:03.831826-04:00,2026-09-10,Evil Dead Burn,50,open
2026-09-10T21:13:03.831826-04:00,2026-09-10,H.R. Bloodengutz,40,open
2026-09-10T21:13:03.831826-04:00,2026-09-10,Hellraiser,80,open
2026-09-10T21:13:03.831826-04:00,2026-09-10,INVASION,40,open
2026-09-10T21:13:03.831826-04:00,2026-09-10,Jack & Oddfellow,50,open
2026-09-10T21:13:03.831826-04:00,2026-09-10,MADLANDS,50,open
2026-09-10T21:13:03.831826-04:00,2026-09-10,Ozzy Osbourne,65,open
2026-09-10T21:13:03.831826-04:00,2026-09-10,Sinners,75,open
2026-09-10T21:13:03.831826-04:00,2026-09-10,Stranger Things 5,45,open
2026-09-10T21:26:01.536424-04:00,2026-09-10,Cybergoria,65,open
2026-09-10T21:26:01.536424-04:00,2026-09-10,Evil Dead Burn,50,open
2026-09-10T21:26:01.536424-04:00,2026-09-10,H.R. Bloodengutz,40,open
2026-09-10T21:26:01.536424-04:00,2026-09-10,Hellraiser,45,open
2026-09-10T21:26:01.536424-04:00,2026-09-10,INVASION,40,open
2026-09-10T21:26:01.536424-04:00,2026-09-10,Jack & Oddfellow,50,open
2026-09-10T21:26:01.536424-04:00,2026-09-10,MADLANDS,50,open
2026-09-10T21:26:01.536424-04:00,2026-09-10,Ozzy Osbourne,65,open
2026-09-10T21:26:01.536424-04:00,2026-09-10,Sinners,95,open
2026-09-10T21:26:01.536424-04:00,2026-09-10,Stranger Things 5,45,open
2026-09-10T21:37:49.615611-04:00,2026-09-10,Cybergoria,65,open
2026-09-10T21:37:49.615611-04:00,2026-09-10,Evil Dead Burn,60,open
2026-09-10T21:37:49.615611-04:00,2026-09-10,H.R. Bloodengutz,65,open
2026-09-10T21:37:49.615611-04:00,2026-09-10,Hellraiser,30,open
2026-09-10T21:37:49.615611-04:00,2026-09-10,INVASION,50,open
2026-09-10T21:37:49.615611-04:00,2026-09-10,Jack & Oddfellow,35,open
2026-09-10T21:37:49.615611-04:00,2026-09-10,MADLANDS,35,open
2026-09-10T21:37:49.615611-04:00,2026-09-10,Ozzy Osbourne,100,open
2026-09-10T21:37:49.615611-04:00,2026-09-10,Sinners,70,open
2026-09-10T21:37:49.615611-04:00,2026-09-10,Stranger Things 5,55,open
2026-09-10T21:48:47.067082-04:00,2026-09-10,Cybergoria,60,open
2026-09-10T21:48:47.067082-04:00,2026-09-10,Evil Dead Burn,60,open
2026-09-10T21:48:47.067082-04:00,2026-09-10,H.R. Bloodengutz,65,open
2026-09-10T21:48:47.067082-04:00,2026-09-10,Hellraiser,70,open
2026-09-10T21:48:47.067082-04:00,2026-09-10,INVASION,50,open
2026-09-10T21:48:47.067082-04:00,2026-09-10,Jack & Oddfellow,35,open
2026-09-10T21:48:47.067082-04:00,2026-09-10,MADLANDS,35,open
2026-09-10T21:48:47.067082-04:00,2026-09-10,Ozzy Osbourne,100,open
2026-09-10T21:48:47.067082-04:00,2026-09-10,Sinners,70,open
2026-09-10T21:48:47.067082-04:00,2026-09-10,Stranger Things 5,55,open
2026-09-10T21:57:51.537725-04:00,2026-09-10,Cybergoria,75,open
2026-09-10T21:57:51.537725-04:00,2026-09-10,Evil Dead Burn,50,open
2026-09-10T21:57:51.537725-04:00,2026-09-10,H.R. Bloodengutz,75,open
2026-09-10T21:57:51.537725-04:00,2026-09-10,Hellraiser,100,open
2026-09-10T21:57:51.537725-04:00,2026-09-10,INVASION,50,open
2026-09-10T21:57:51.537725-04:00,2026-09-10,Jack & Oddfellow,45,open
2026-09-10T21:57:51.537725-04:00,2026-09-10,MADLANDS,45,open
2026-09-10T21:57:51.537725-04:00,2026-09-10,Ozzy Osbourne,100,open
2026-09-10T21:57:51.537725-04:00,2026-09-10,Sinners,125,open
2026-09-10T21:57:51.537725-04:00,2026-09-10,Stranger Things 5,55,open
2026-09-10T22:11:42.531067-04:00,2026-09-10,Cybergoria,65,open
2026-09-10T22:11:42.531067-04:00,2026-09-10,Evil Dead Burn,35,open
2026-09-10T22:11:42.531067-04:00,2026-09-10,H.R. Bloodengutz,90,open
2026-09-10T22:11:42.531067-04:00,2026-09-10,Hellraiser,100,open
2026-09-10T22:11:42.531067-04:00,2026-09-10,INVASION,50,open
2026-09-10T22:11:42.531067-04:00,2026-09-10,Jack & Oddfellow,55,open
2026-09-10T22:11:42.531067-04:00,2026-09-10,MADLANDS,65,open
2026-09-10T22:11:42.531067-04:00,2026-09-10,Ozzy Osbourne,95,open
2026-09-10T22:11:42.531067-04:00,2026-09-10,Sinners,125,open
2026-09-10T22:11:42.531067-04:00,2026-09-10,Stranger Things 5,45,open
2026-09-10T22:26:30.291073-04:00,2026-09-10,Cybergoria,70,open
2026-09-10T22:26:30.291073-04:00,2026-09-10,Evil Dead Burn,50,open
2026-09-10T22:26:30.291073-04:00,2026-09-10,H.R. Bloodengutz,90,open
2026-09-10T22:26:30.291073-04:00,2026-09-10,Hellraiser,70,open
2026-09-10T22:26:30.291073-04:00,2026-09-10,INVASION,75,open
2026-09-10T22:26:30.291073-04:00,2026-09-10,Jack & Oddfellow,55,open
2026-09-10T22:26:30.291073-04:00,2026-09-10,MADLANDS,65,open
2026-09-10T22:26:30.291073-04:00,2026-09-10,Ozzy Osbourne,60,open
2026-09-10T22:26:30.291073-04:00,2026-09-10,Sinners,90,open
2026-09-10T22:26:30.291073-04:00,2026-09-10,Stranger Things 5,40,open
2026-09-10T22:40:00.708229-04:00,2026-09-10,Cybergoria,65,open
2026-09-10T22:40:00.708229-04:00,2026-09-10,Evil Dead Burn,65,open
2026-09-10T22:40:00.708229-04:00,2026-09-10,H.R. Bloodengutz,90,open
2026-09-10T22:40:00.708229-04:00,2026-09-10,Hellraiser,70,open
2026-09-10T22:40:00.708229-04:00,2026-09-10,INVASION,75,open
2026-09-10T22:40:00.708229-04:00,2026-09-10,Jack & Oddfellow,45,open
2026-09-10T22:40:00.708229-04:00,2026-09-10,MADLANDS,55,open
2026-09-10T22:40:00.708229-04:00,2026-09-10,Ozzy Osbourne,95,open
2026-09-10T22:40:00.708229-04:00,2026-09-10,Sinners,90,open
2026-09-10T22:40:00.708229-04:00,2026-09-10,Stranger Things 5,40,open
2026-09-10T22:51:04.111493-04:00,2026-09-10,Cybergoria,50,open
2026-09-10T22:51:04.111493-04:00,2026-09-10,Evil Dead Burn,65,open
2026-09-10T22:51:04.111493-04:00,2026-09-10,H.R. Bloodengutz,90,open
2026-09-10T22:51:04.111493-04:00,2026-09-10,Hellraiser,30,open
2026-09-10T22:51:04.111493-04:00,2026-09-10,INVASION,75,open
2026-09-10T22:51:04.111493-04:00,2026-09-10,Jack & Oddfellow,55,open
2026-09-10T22:51:04.111493-04:00,2026-09-10,MADLANDS,40,open
2026-09-10T22:51:04.111493-04:00,2026-09-10,Ozzy Osbourne,65,open
2026-09-10T22:51:04.111493-04:00,2026-09-10,Sinners,90,open
2026-09-10T22:51:04.111493-04:00,2026-09-10,Stranger Things 5,40,open
2026-09-10T22:59:21.455886-04:00,2026-09-10,Cybergoria,45,open
2026-09-10T22:59:21.455886-04:00,2026-09-10,Evil Dead Burn,65,open
2026-09-10T22:59:21.455886-04:00,2026-09-10,H.R. Bloodengutz,60,open
2026-09-10T22:59:21.455886-04:00,2026-09-10,Hellraiser,30,open
2026-09-10T22:59:21.455886-04:00,2026-09-10,INVASION,75,open
2026-09-10T22:59:21.455886-04:00,2026-09-10,Jack & Oddfellow,55,open
2026-09-10T22:59:21.455886-04:00,2026-09-10,MADLANDS,40,open
2026-09-10T22:59:21.455886-04:00,2026-09-10,Ozzy Osbourne,65,open
2026-09-10T22:59:21.455886-04:00,2026-09-10,Sinners,90,open
2026-09-10T22:59:21.455886-04:00,2026-09-10,Stranger Things 5,50,open
2026-09-10T23:14:17.187666-04:00,2026-09-10,Cybergoria,55,open
2026-09-10T23:14:17.187666-04:00,2026-09-10,Evil Dead Burn,50,open
2026-09-10T23:14:17.187666-04:00,2026-09-10,H.R. Bloodengutz,40,open
2026-09-10T23:14:17.187666-04:00,2026-09-10,Hellraiser,60,open
2026-09-10T23:14:17.187666-04:00,2026-09-10,INVASION,40,open
2026-09-10T23:14:17.187666-04:00,2026-09-10,Jack & Oddfellow,65,open
2026-09-10T23:14:17.187666-04:00,2026-09-10,MADLANDS,40,open
2026-09-10T23:14:17.187666-04:00,2026-09-10,Ozzy Osbourne,50,open
2026-09-10T23:14:17.187666-04:00,2026-09-10,Sinners,65,open
2026-09-10T23:14:17.187666-04:00,2026-09-10,Stranger Things 5,50,open
2026-09-10T23:28:54.242569-04:00,2026-09-10,Cybergoria,50,open
2026-09-10T23:28:54.242569-04:00,2026-09-10,Evil Dead Burn,35,open
2026-09-10T23:28:54.242569-04:00,2026-09-10,H.R. Bloodengutz,30,open
2026-09-10T23:28:54.242569-04:00,2026-09-10,Hellraiser,60,open
2026-09-10T23:28:54.242569-04:00,2026-09-10,INVASION,35,open
2026-09-10T23:28:54.242569-04:00,2026-09-10,Jack & Oddfellow,65,open
2026-09-10T23:28:54.242569-04:00,2026-09-10,MADLANDS,40,open
2026-09-10T23:28:54.242569-04:00,2026-09-10,Ozzy Osbourne,65,open
2026-09-10T23:28:54.242569-04:00,2026-09-10,Sinners,65,open
2026-09-10T23:28:54.242569-04:00,2026-09-10,Stranger Things 5,40,open
2026-09-10T23:42:28.091477-04:00,2026-09-10,Cybergoria,45,open
2026-09-10T23:42:28.091477-04:00,2026-09-10,Evil Dead Burn,35,open
2026-09-10T23:42:28.091477-04:00,2026-09-10,H.R. Bloodengutz,70,open
2026-09-10T23:42:28.091477-04:00,2026-09-10,Hellraiser,60,open
2026-09-10T23:42:28.091477-04:00,2026-09-10,INVASION,35,open
2026-09-10T23:42:28.091477-04:00,2026-09-10,Jack & Oddfellow,50,open
2026-09-10T23:42:28.091477-04:00,2026-09-10,MADLANDS,30,open
2026-09-10T23:42:28.091477-04:00,2026-09-10,Ozzy Osbourne,75,open
2026-09-10T23:42:28.091477-04:00,2026-09-10,Sinners,65,open
2026-09-10T23:42:28.091477-04:00,2026-09-10,Stranger Things 5,30,open
2026-09-10T23:53:16.062805-04:00,2026-09-10,Cybergoria,50,open
2026-09-10T23:53:16.062805-04:00,2026-09-10,Evil Dead Burn,35,open
2026-09-10T23:53:16.062805-04:00,2026-09-10,H.R. Bloodengutz,70,open
2026-09-10T23:53:16.062805-04:00,2026-09-10,Hellraiser,60,open
2026-09-10T23:53:16.062805-04:00,2026-09-10,INVASION,35,open
2026-09-10T23:53:16.062805-04:00,2026-09-10,Jack & Oddfellow,40,open
2026-09-10T23:53:16.062805-04:00,2026-09-10,MADLANDS,25,open
2026-09-10T23:53:16.062805-04:00,2026-09-10,Ozzy Osbourne,75,open
2026-09-10T23:53:16.062805-04:00,2026-09-10,Sinners,65,open
2026-09-10T23:53:16.062805-04:00,2026-09-10,Stranger Things 5,30,open
2026-09-11T00:01:57.415518-04:00,2026-09-10,Cybergoria,55,open
2026-09-11T00:01:57.415518-04:00,2026-09-10,Evil Dead Burn,35,open
2026-09-11T00:01:57.415518-04:00,2026-09-10,H.R. Bloodengutz,70,open
2026-09-11T00:01:57.415518-04:00,2026-09-10,Hellraiser,40,open
2026-09-11T00:01:57.415518-04:00,2026-09-10,INVASION,45,open
2026-09-11T00:01:57.415518-04:00,2026-09-10,Jack & Oddfellow,35,open
2026-09-11T00:01:57.415518-04:00,2026-09-10,MADLANDS,35,open
2026-09-11T00:01:57.415518-04:00,2026-09-10,Ozzy Osbourne,60,open
2026-09-11T00:01:57.415518-04:00,2026-09-10,Sinners,65,open
2026-09-11T00:01:57.415518-04:00,2026-09-10,Stranger Things 5,30,open
2026-09-11T00:19:48.575966-04:00,2026-09-10,Cybergoria,45,open
2026-09-11T00:19:48.575966-04:00,2026-09-10,Evil Dead Burn,35,open
2026-09-11T00:19:48.575966-04:00,2026-09-10,H.R. Bloodengutz,55,open
2026-09-11T00:19:48.575966-04:00,2026-09-10,Hellraiser,30,open
2026-09-11T00:19:48.575966-04:00,2026-09-10,INVASION,35,open
2026-09-11T00:19:48.575966-04:00,2026-09-10,Jack & Oddfellow,40,open
2026-09-11T00:19:48.575966-04:00,2026-09-10,MADLANDS,40,open
2026-09-11T00:19:48.575966-04:00,2026-09-10,Ozzy Osbourne,75,open
2026-09-11T00:19:48.575966-04:00,2026-09-10,Sinners,65,open
2026-09-11T00:19:48.575966-04:00,2026-09-10,Stranger Things 5,30,open
2026-09-11T00:33:16.074194-04:00,2026-09-10,Cybergoria,40,open
2026-09-11T00:33:16.074194-04:00,2026-09-10,Evil Dead Burn,45,open
2026-09-11T00:33:16.074194-04:00,2026-09-10,H.R. Bloodengutz,25,open
2026-09-11T00:33:16.074194-04:00,2026-09-10,Hellraiser,15,open
2026-09-11T00:33:16.074194-04:00,2026-09-10,INVASION,35,open
2026-09-11T00:33:16.074194-04:00,2026-09-10,Jack & Oddfellow,40,open
2026-09-11T00:33:16.074194-04:00,2026-09-10,MADLANDS,25,open
2026-09-11T00:33:16.074194-04:00,2026-09-10,Ozzy Osbourne,50,open
2026-09-11T00:33:16.074194-04:00,2026-09-10,Sinners,50,open
2026-09-11T00:33:16.074194-04:00,2026-09-10,Stranger Things 5,30,open
2026-09-11T00:45:50.202507-04:00,2026-09-10,Cybergoria,40,open
2026-09-11T00:45:50.202507-04:00,2026-09-10,Evil Dead Burn,45,open
2026-09-11T00:45:50.202507-04:00,2026-09-10,H.R. Bloodengutz,45,open
2026-09-11T00:45:50.202507-04:00,2026-09-10,Hellraiser,20,open
2026-09-11T00:45:50.202507-04:00,2026-09-10,INVASION,30,open
2026-09-11T00:45:50.202507-04:00,2026-09-10,Jack & Oddfellow,35,open
2026-09-11T00:45:50.202507-04:00,2026-09-10,MADLANDS,15,open
2026-09-11T00:45:50.202507-04:00,2026-09-10,Ozzy Osbourne,45,open
2026-09-11T00:45:50.202507-04:00,2026-09-10,Sinners,50,open
2026-09-11T00:45:50.202507-04:00,2026-09-10,Stranger Things 5,30,open
2026-09-11T00:55:19.787323-04:00,2026-09-10,Cybergoria,40,open
2026-09-11T00:55:19.787323-04:00,2026-09-10,Evil Dead Burn,45,open
2026-09-11T00:55:19.787323-04:00,2026-09-10,H.R. Bloodengutz,45,open
2026-09-11T00:55:19.787323-04:00,2026-09-10,Hellraiser,20,open
2026-09-11T00:55:19.787323-04:00,2026-09-10,INVASION,30,open
2026-09-11T00:55:19.787323-04:00,2026-09-10,Jack & Oddfellow,30,open
2026-09-11T00:55:19.787323-04:00,2026-09-10,MADLANDS,15,open
2026-09-11T00:55:19.787323-04:00,2026-09-10,Ozzy Osbourne,40,open
2026-09-11T00:55:19.787323-04:00,2026-09-10,Sinners,50,open
2026-09-11T00:55:19.787323-04:00,2026-09-10,Stranger Things 5,25,open
2026-09-11T01:06:01.930686-04:00,2026-09-10,Cybergoria,40,open
2026-09-11T01:06:01.930686-04:00,2026-09-10,Evil Dead Burn,20,open
2026-09-11T01:06:01.930686-04:00,2026-09-10,H.R. Bloodengutz,45,open
2026-09-11T01:06:01.930686-04:00,2026-09-10,Hellraiser,35,open
2026-09-11T01:06:01.930686-04:00,2026-09-10,INVASION,15,open
2026-09-11T01:06:01.930686-04:00,2026-09-10,Jack & Oddfellow,30,open
2026-09-11T01:06:01.930686-04:00,2026-09-10,MADLANDS,15,open
2026-09-11T01:06:01.930686-04:00,2026-09-10,Ozzy Osbourne,35,open
2026-09-11T01:06:01.930686-04:00,2026-09-10,Sinners,25,open
2026-09-11T01:06:01.930686-04:00,2026-09-10,Stranger Things 5,15,open
2026-09-11T01:20:35.724196-04:00,2026-09-10,Cybergoria,40,open
2026-09-11T01:20:35.724196-04:00,2026-09-10,Evil Dead Burn,10,open
2026-09-11T01:20:35.724196-04:00,2026-09-10,H.R. Bloodengutz,25,open
2026-09-11T01:20:35.724196-04:00,2026-09-10,Hellraiser,35,open
2026-09-11T01:20:35.724196-04:00,2026-09-10,INVASION,5,open
2026-09-11T01:20:35.724196-04:00,2026-09-10,Jack & Oddfellow,25,open
2026-09-11T01:20:35.724196-04:00,2026-09-10,MADLANDS,15,open
2026-09-11T01:20:35.724196-04:00,2026-09-10,Ozzy Osbourne,45,open
2026-09-11T01:20:35.724196-04:00,2026-09-10,Sinners,45,open
2026-09-11T01:20:35.724196-04:00,2026-09-10,Stranger Things 5,15,open
2026-09-11T01:32:59.478644-04:00,2026-09-10,Cybergoria,25,open
2026-09-11T01:32:59.478644-04:00,2026-09-10,Evil Dead Burn,20,open
2026-09-11T01:32:59.478644-04:00,2026-09-10,H.R. Bloodengutz,25,open
2026-09-11T01:32:59.478644-04:00,2026-09-10,Hellraiser,15,open
2026-09-11T01:32:59.478644-04:00,2026-09-10,INVASION,5,open
2026-09-11T01:32:59.478644-04:00,2026-09-10,Jack & Oddfellow,25,open
2026-09-11T01:32:59.478644-04:00,2026-09-10,MADLANDS,15,open
2026-09-11T01:32:59.478644-04:00,2026-09-10,Ozzy Osbourne,55,open
2026-09-11T01:32:59.478644-04:00,2026-09-10,Sinners,25,open
2026-09-11T01:32:59.478644-04:00,2026-09-10,Stranger Things 5,10,open
2026-09-11T01:44:49.082772-04:00,2026-09-10,Cybergoria,15,open
2026-09-11T01:44:49.082772-04:00,2026-09-10,Evil Dead Burn,25,open
2026-09-11T01:44:49.082772-04:00,2026-09-10,H.R. Bloodengutz,10,open
2026-09-11T01:44:49.082772-04:00,2026-09-10,Hellraiser,5,open
2026-09-11T01:44:49.082772-04:00,2026-09-10,INVASION,5,open
2026-09-11T01:44:49.082772-04:00,2026-09-10,Jack & Oddfellow,25,open
2026-09-11T01:44:49.082772-04:00,2026-09-10,MADLANDS,15,open
2026-09-11T01:44:49.082772-04:00,2026-09-10,Ozzy Osbourne,55,open
2026-09-11T01:44:49.082772-04:00,2026-09-10,Sinners,25,open
2026-09-11T01:44:49.082772-04:00,2026-09-10,Stranger Things 5,5,open
2026-09-11T01:53:59.992583-04:00,2026-09-10,Cybergoria,15,open
2026-09-11T01:53:59.992583-04:00,2026-09-10,Evil Dead Burn,25,open
2026-09-11T01:53:59.992583-04:00,2026-09-10,H.R. Bloodengutz,10,open
2026-09-11T01:53:59.992583-04:00,2026-09-10,Hellraiser,5,open
2026-09-11T01:53:59.992583-04:00,2026-09-10,INVASION,5,open
2026-09-11T01:53:59.992583-04:00,2026-09-10,Jack & Oddfellow,25,open
2026-09-11T01:53:59.992583-04:00,2026-09-10,MADLANDS,15,open
2026-09-11T01:53:59.992583-04:00,2026-09-10,Ozzy Osbourne,55,open
2026-09-11T01:53:59.992583-04:00,2026-09-10,Sinners,25,open
2026-09-11T01:53:59.992583-04:00,2026-09-10,Stranger Things 5,5,open
2026-09-11T02:04:01.081636-04:00,2026-09-10,Cybergoria,0,closed
2026-09-11T02:04:01.081636-04:00,2026-09-10,Evil Dead Burn,25,open
2026-09-11T02:04:01.081636-04:00,2026-09-10,H.R. Bloodengutz,10,open
2026-09-11T02:04:01.081636-04:00,2026-09-10,Hellraiser,5,open
2026-09-11T02:04:01.081636-04:00,2026-09-10,INVASION,5,open
2026-09-11T02:04:01.081636-04:00,2026-09-10,Jack & Oddfellow,25,open
2026-09-11T02:04:01.081636-04:00,2026-09-10,MADLANDS,0,closed
2026-09-11T02:04:01.081636-04:00,2026-09-10,Ozzy Osbourne,55,open
2026-09-11T02:04:01.081636-04:00,2026-09-10,Sinners,25,open
2026-09-11T02:04:01.081636-04:00,2026-09-10,Stranger Things 5,0,closed
2026-09-11T02:25:16.480767-04:00,2026-09-10,Cybergoria,0,closed
2026-09-11T02:25:16.480767-04:00,2026-09-10,Evil Dead Burn,0,closed
2026-09-11T02:25:16.480767-04:00,2026-09-10,H.R. Bloodengutz,0,closed
2026-09-11T02:25:16.480767-04:00,2026-09-10,Hellraiser,0,closed
2026-09-11T02:25:16.480767-04:00,2026-09-10,INVASION,0,closed
2026-09-11T02:25:16.480767-04:00,2026-09-10,Jack & Oddfellow,0,closed
2026-09-11T02:25:16.480767-04:00,2026-09-10,MADLANDS,0,closed
2026-09-11T02:25:16.480767-04:00,2026-09-10,Ozzy Osbourne,0,closed
2026-09-11T02:25:16.480767-04:00,2026-09-10,Sinners,0,closed
2026-09-11T02:25:16.480767-04:00,2026-09-10,Stranger Things 5,0,closed
2026-09-11T02:41:45.651577-04:00,2026-09-10,Cybergoria,0,closed
2026-09-11T02:41:45.651577-04:00,2026-09-10,Evil Dead Burn,0,closed
2026-09-11T02:41:45.651577-04:00,2026-09-10,H.R. Bloodengutz,0,closed
2026-09-11T02:41:45.651577-04:00,2026-09-10,Hellraiser,0,closed
2026-09-11T02:41:45.651577-04:00,2026-09-10,INVASION,0,closed
2026-09-11T02:41:45.651577-04:00,2026-09-10,Jack & Oddfellow,0,closed
2026-09-11T02:41:45.651577-04:00,2026-09-10,MADLANDS,0,closed
2026-09-11T02:41:45.651577-04:00,2026-09-10,Ozzy Osbourne,0,closed
2026-09-11T02:41:45.651577-04:00,2026-09-10,Sinners,0,closed
2026-09-11T02:41:45.651577-04:00,2026-09-10,Stranger Things 5,0,closed
2026-09-11T02:55:50.068252-04:00,2026-09-10,Cybergoria,0,closed
2026-09-11T02:55:50.068252-04:00,2026-09-10,Evil Dead Burn,0,closed
2026-09-11T02:55:50.068252-04:00,2026-09-10,H.R. Bloodengutz,0,closed
2026-09-11T02:55:50.068252-04:00,2026-09-10,Hellraiser,0,closed
2026-09-11T02:55:50.068252-04:00,2026-09-10,INVASION,0,closed
2026-09-11T02:55:50.068252-04:00,2026-09-10,Jack & Oddfellow,0,closed
2026-09-11T02:55:50.068252-04:00,2026-09-10,MADLANDS,0,closed
2026-09-11T02:55:50.068252-04:00,2026-09-10,Ozzy Osbourne,0,closed
2026-09-11T02:55:50.068252-04:00,2026-09-10,Sinners,0,closed
2026-09-11T02:55:50.068252-04:00,2026-09-10,Stranger Things 5,0,closed
2026-09-11T14:06:16.413406-04:00,2026-09-11,Cybergoria,0,closed
2026-09-11T14:06:16.413406-04:00,2026-09-11,Evil Dead Burn,0,closed
2026-09-11T14:06:16.413406-04:00,2026-09-11,H.R. Bloodengutz,0,closed
2026-09-11T14:06:16.413406-04:00,2026-09-11,Hellraiser,0,closed
2026-09-11T14:06:16.413406-04:00,2026-09-11,INVASION,0,closed
2026-09-11T14:06:16.413406-04:00,2026-09-11,Jack & Oddfellow,0,closed
2026-09-11T14:06:16.413406-04:00,2026-09-11,MADLANDS,0,closed
2026-09-11T14:06:16.413406-04:00,2026-09-11,Ozzy Osbourne,0,closed
2026-09-11T14:06:16.413406-04:00,2026-09-11,Sinners,0,closed
2026-09-11T14:06:16.413406-04:00,2026-09-11,Stranger Things 5,0,closed
2026-09-11T14:24:12.656296-04:00,2026-09-11,Cybergoria,0,closed
2026-09-11T14:24:12.656296-04:00,2026-09-11,Evil Dead Burn,0,closed
2026-09-11T14:24:12.656296-04:00,2026-09-11,H.R. Bloodengutz,0,closed
2026-09-11T14:24:12.656296-04:00,2026-09-11,Hellraiser,5,open
2026-09-11T14:24:12.656296-04:00,2026-09-11,INVASION,0,closed
2026-09-11T14:24:12.656296-04:00,2026-09-11,Jack & Oddfellow,25,open
2026-09-11T14:24:12.656296-04:00,2026-09-11,MADLANDS,0,closed
2026-09-11T14:24:12.656296-04:00,2026-09-11,Ozzy Osbourne,0,closed
2026-09-11T14:24:12.656296-04:00,2026-09-11,Sinners,0,closed
2026-09-11T14:24:12.656296-04:00,2026-09-11,Stranger Things 5,15,open
2026-09-11T14:38:25.280763-04:00,2026-09-11,Cybergoria,0,closed
2026-09-11T14:38:25.280763-04:00,2026-09-11,Evil Dead Burn,0,closed
2026-09-11T14:38:25.280763-04:00,2026-09-11,H.R. Bloodengutz,0,closed
2026-09-11T14:38:25.280763-04:00,2026-09-11,Hellraiser,5,open
2026-09-11T14:38:25.280763-04:00,2026-09-11,INVASION,0,closed
2026-09-11T14:38:25.280763-04:00,2026-09-11,Jack & Oddfellow,25,open
2026-09-11T14:38:25.280763-04:00,2026-09-11,MADLANDS,0,closed
2026-09-11T14:38:25.280763-04:00,2026-09-11,Ozzy Osbourne,0,closed
2026-09-11T14:38:25.280763-04:00,2026-09-11,Sinners,0,closed
2026-09-11T14:38:25.280763-04:00,2026-09-11,Stranger Things 5,10,open
2026-09-11T14:49:46.198244-04:00,2026-09-11,Cybergoria,0,closed
2026-09-11T14:49:46.198244-04:00,2026-09-11,Evil Dead Burn,0,closed
2026-09-11T14:49:46.198244-04:00,2026-09-11,H.R. Bloodengutz,0,closed
2026-09-11T14:49:46.198244-04:00,2026-09-11,Hellraiser,5,open
2026-09-11T14:49:46.198244-04:00,2026-09-11,INVASION,0,closed
2026-09-11T14:49:46.198244-04:00,2026-09-11,Jack & Oddfellow,15,open
2026-09-11T14:49:46.198244-04:00,2026-09-11,MADLANDS,0,closed
2026-09-11T14:49:46.198244-04:00,2026-09-11,Ozzy Osbourne,0,closed
2026-09-11T14:49:46.198244-04:00,2026-09-11,Sinners,0,closed
2026-09-11T14:49:46.198244-04:00,2026-09-11,Stranger Things 5,10,open
2026-09-11T14:57:45.213419-04:00,2026-09-11,Cybergoria,0,closed
2026-09-11T14:57:45.213419-04:00,2026-09-11,Evil Dead Burn,0,closed
2026-09-11T14:57:45.213419-04:00,2026-09-11,H.R. Bloodengutz,0,closed
2026-09-11T14:57:45.213419-04:00,2026-09-11,Hellraiser,5,open
2026-09-11T14:57:45.213419-04:00,2026-09-11,INVASION,0,closed
2026-09-11T14:57:45.213419-04:00,2026-09-11,Jack & Oddfellow,15,open
2026-09-11T14:57:45.213419-04:00,2026-09-11,MADLANDS,0,closed
2026-09-11T14:57:45.213419-04:00,2026-09-11,Ozzy Osbourne,0,closed
2026-09-11T14:57:45.213419-04:00,2026-09-11,Sinners,0,closed
2026-09-11T14:57:45.213419-04:00,2026-09-11,Stranger Things 5,5,open
2026-09-11T15:09:54.185146-04:00,2026-09-11,Cybergoria,0,closed
2026-09-11T15:09:54.185146-04:00,2026-09-11,Evil Dead Burn,0,closed
2026-09-11T15:09:54.185146-04:00,2026-09-11,H.R. Bloodengutz,0,closed
2026-09-11T15:09:54.185146-04:00,2026-09-11,Hellraiser,5,open
2026-09-11T15:09:54.185146-04:00,2026-09-11,INVASION,0,closed
2026-09-11T15:09:54.185146-04:00,2026-09-11,Jack & Oddfellow,20,open
2026-09-11T15:09:54.185146-04:00,2026-09-11,MADLANDS,0,closed
2026-09-11T15:09:54.185146-04:00,2026-09-11,Ozzy Osbourne,0,closed
2026-09-11T15:09:54.185146-04:00,2026-09-11,Sinners,0,closed
2026-09-11T15:09:54.185146-04:00,2026-09-11,Stranger Things 5,5,open
2026-09-11T15:22:08.178252-04:00,2026-09-11,Cybergoria,0,closed
2026-09-11T15:22:08.178252-04:00,2026-09-11,Evil Dead Burn,0,closed
2026-09-11T15:22:08.178252-04:00,2026-09-11,H.R. Bloodengutz,0,closed
2026-09-11T15:22:08.178252-04:00,2026-09-11,Hellraiser,5,open
2026-09-11T15:22:08.178252-04:00,2026-09-11,INVASION,0,closed
2026-09-11T15:22:08.178252-04:00,2026-09-11,Jack & Oddfellow,20,open
2026-09-11T15:22:08.178252-04:00,2026-09-11,MADLANDS,0,closed
2026-09-11T15:22:08.178252-04:00,2026-09-11,Ozzy Osbourne,0,closed
2026-09-11T15:22:08.178252-04:00,2026-09-11,Sinners,0,closed
2026-09-11T15:22:08.178252-04:00,2026-09-11,Stranger Things 5,5,open
2026-09-11T15:32:11.294600-04:00,2026-09-11,Cybergoria,0,closed
2026-09-11T15:32:11.294600-04:00,2026-09-11,Evil Dead Burn,0,closed
2026-09-11T15:32:11.294600-04:00,2026-09-11,H.R. Bloodengutz,0,closed
2026-09-11T15:32:11.294600-04:00,2026-09-11,Hellraiser,5,open
2026-09-11T15:32:11.294600-04:00,2026-09-11,INVASION,0,closed
2026-09-11T15:32:11.294600-04:00,2026-09-11,Jack & Oddfellow,10,open
2026-09-11T15:32:11.294600-04:00,2026-09-11,MADLANDS,0,closed
2026-09-11T15:32:11.294600-04:00,2026-09-11,Ozzy Osbourne,0,closed
2026-09-11T15:32:11.294600-04:00,2026-09-11,Sinners,0,closed
2026-09-11T15:32:11.294600-04:00,2026-09-11,Stranger Things 5,5,open
2026-09-11T15:42:24.026802-04:00,2026-09-11,Cybergoria,0,closed
2026-09-11T15:42:24.026802-04:00,2026-09-11,Evil Dead Burn,0,closed
2026-09-11T15:42:24.026802-04:00,2026-09-11,H.R. Bloodengutz,0,closed
2026-09-11T15:42:24.026802-04:00,2026-09-11,Hellraiser,10,open
2026-09-11T15:42:24.026802-04:00,2026-09-11,INVASION,0,closed
2026-09-11T15:42:24.026802-04:00,2026-09-11,Jack & Oddfellow,10,open
2026-09-11T15:42:24.026802-04:00,2026-09-11,MADLANDS,0,closed
2026-09-11T15:42:24.026802-04:00,2026-09-11,Ozzy Osbourne,0,closed
2026-09-11T15:42:24.026802-04:00,2026-09-11,Sinners,0,closed
2026-09-11T15:42:24.026802-04:00,2026-09-11,Stranger Things 5,5,open
2026-09-11T15:50:23.588755-04:00,2026-09-11,Cybergoria,0,closed
2026-09-11T15:50:23.588755-04:00,2026-09-11,Evil Dead Burn,0,closed
2026-09-11T15:50:23.588755-04:00,2026-09-11,H.R. Bloodengutz,0,closed
2026-09-11T15:50:23.588755-04:00,2026-09-11,Hellraiser,10,open
2026-09-11T15:50:23.588755-04:00,2026-09-11,INVASION,0,closed
2026-09-11T15:50:23.588755-04:00,2026-09-11,Jack & Oddfellow,10,open
2026-09-11T15:50:23.588755-04:00,2026-09-11,MADLANDS,0,closed
2026-09-11T15:50:23.588755-04:00,2026-09-11,Ozzy Osbourne,0,closed
2026-09-11T15:50:23.588755-04:00,2026-09-11,Sinners,0,closed
2026-09-11T15:50:23.588755-04:00,2026-09-11,Stranger Things 5,5,open
2026-09-11T15:58:21.229981-04:00,2026-09-11,Cybergoria,0,closed
2026-09-11T15:58:21.229981-04:00,2026-09-11,Evil Dead Burn,0,closed
2026-09-11T15:58:21.229981-04:00,2026-09-11,H.R. Bloodengutz,0,closed
2026-09-11T15:58:21.229981-04:00,2026-09-11,Hellraiser,10,open
2026-09-11T15:58:21.229981-04:00,2026-09-11,INVASION,0,closed
2026-09-11T15:58:21.229981-04:00,2026-09-11,Jack & Oddfellow,10,open
2026-09-11T15:58:21.229981-04:00,2026-09-11,MADLANDS,0,closed
2026-09-11T15:58:21.229981-04:00,2026-09-11,Ozzy Osbourne,0,closed
2026-09-11T15:58:21.229981-04:00,2026-09-11,Sinners,0,closed
2026-09-11T15:58:21.229981-04:00,2026-09-11,Stranger Things 5,5,open
2026-09-11T16:12:26.781224-04:00,2026-09-11,Cybergoria,0,closed
2026-09-11T16:12:26.781224-04:00,2026-09-11,Evil Dead Burn,0,closed
2026-09-11T16:12:26.781224-04:00,2026-09-11,H.R. Bloodengutz,0,closed
2026-09-11T16:12:26.781224-04:00,2026-09-11,Hellraiser,10,open
2026-09-11T16:12:26.781224-04:00,2026-09-11,INVASION,0,closed
2026-09-11T16:12:26.781224-04:00,2026-09-11,Jack & Oddfellow,10,open
2026-09-11T16:12:26.781224-04:00,2026-09-11,MADLANDS,0,closed
2026-09-11T16:12:26.781224-04:00,2026-09-11,Ozzy Osbourne,0,closed
2026-09-11T16:12:26.781224-04:00,2026-09-11,Sinners,0,closed
2026-09-11T16:12:26.781224-04:00,2026-09-11,Stranger Things 5,5,open
2026-09-11T16:27:06.126915-04:00,2026-09-11,Cybergoria,0,closed
2026-09-11T16:27:06.126915-04:00,2026-09-11,Evil Dead Burn,0,closed
2026-09-11T16:27:06.126915-04:00,2026-09-11,H.R. Bloodengutz,0,closed
2026-09-11T16:27:06.126915-04:00,2026-09-11,Hellraiser,10,open
2026-09-11T16:27:06.126915-04:00,2026-09-11,INVASION,0,closed
2026-09-11T16:27:06.126915-04:00,2026-09-11,Jack & Oddfellow,10,open
2026-09-11T16:27:06.126915-04:00,2026-09-11,MADLANDS,0,closed
2026-09-11T16:27:06.126915-04:00,2026-09-11,Ozzy Osbourne,0,closed
2026-09-11T16:27:06.126915-04:00,2026-09-11,Sinners,0,closed
2026-09-11T16:27:06.126915-04:00,2026-09-11,Stranger Things 5,5,open
2026-09-11T16:39:26.811142-04:00,2026-09-11,Cybergoria,0,closed
2026-09-11T16:39:26.811142-04:00,2026-09-11,Evil Dead Burn,0,closed
2026-09-11T16:39:26.811142-04:00,2026-09-11,H.R. Bloodengutz,0,closed
2026-09-11T16:39:26.811142-04:00,2026-09-11,Hellraiser,10,open
2026-09-11T16:39:26.811142-04:00,2026-09-11,INVASION,0,closed
2026-09-11T16:39:26.811142-04:00,2026-09-11,Jack & Oddfellow,10,open
2026-09-11T16:39:26.811142-04:00,2026-09-11,MADLANDS,0,closed
2026-09-11T16:39:26.811142-04:00,2026-09-11,Ozzy Osbourne,0,closed
2026-09-11T16:39:26.811142-04:00,2026-09-11,Sinners,0,closed
2026-09-11T16:39:26.811142-04:00,2026-09-11,Stranger Things 5,5,open
2026-09-11T16:50:50.623297-04:00,2026-09-11,Cybergoria,0,closed
2026-09-11T16:50:50.623297-04:00,2026-09-11,Evil Dead Burn,0,closed
2026-09-11T16:50:50.623297-04:00,2026-09-11,H.R. Bloodengutz,0,closed
2026-09-11T16:50:50.623297-04:00,2026-09-11,Hellraiser,10,open
2026-09-11T16:50:50.623297-04:00,2026-09-11,INVASION,0,closed
2026-09-11T16:50:50.623297-04:00,2026-09-11,Jack & Oddfellow,10,open
2026-09-11T16:50:50.623297-04:00,2026-09-11,MADLANDS,0,closed
2026-09-11T16:50:50.623297-04:00,2026-09-11,Ozzy Osbourne,0,closed
2026-09-11T16:50:50.623297-04:00,2026-09-11,Sinners,0,closed
2026-09-11T16:50:50.623297-04:00,2026-09-11,Stranger Things 5,5,open
2026-09-11T16:58:54.364082-04:00,2026-09-11,Cybergoria,0,closed
2026-09-11T16:58:54.364082-04:00,2026-09-11,Evil Dead Burn,0,closed
2026-09-11T16:58:54.364082-04:00,2026-09-11,H.R. Bloodengutz,0,closed
2026-09-11T16:58:54.364082-04:00,2026-09-11,Hellraiser,10,open
2026-09-11T16:58:54.364082-04:00,2026-09-11,INVASION,0,closed
2026-09-11T16:58:54.364082-04:00,2026-09-11,Jack & Oddfellow,10,open
2026-09-11T16:58:54.364082-04:00,2026-09-11,MADLANDS,0,closed
2026-09-11T16:58:54.364082-04:00,2026-09-11,Ozzy Osbourne,0,closed
2026-09-11T16:58:54.364082-04:00,2026-09-11,Sinners,0,closed
2026-09-11T16:58:54.364082-04:00,2026-09-11,Stranger Things 5,5,open
2026-09-11T17:12:49.887255-04:00,2026-09-11,Cybergoria,0,closed
2026-09-11T17:12:49.887255-04:00,2026-09-11,Evil Dead Burn,0,closed
2026-09-11T17:12:49.887255-04:00,2026-09-11,H.R. Bloodengutz,0,closed
2026-09-11T17:12:49.887255-04:00,2026-09-11,Hellraiser,10,open
2026-09-11T17:12:49.887255-04:00,2026-09-11,INVASION,0,closed
2026-09-11T17:12:49.887255-04:00,2026-09-11,Jack & Oddfellow,10,open
2026-09-11T17:12:49.887255-04:00,2026-09-11,MADLANDS,0,closed
2026-09-11T17:12:49.887255-04:00,2026-09-11,Ozzy Osbourne,0,closed
2026-09-11T17:12:49.887255-04:00,2026-09-11,Sinners,0,closed
2026-09-11T17:12:49.887255-04:00,2026-09-11,Stranger Things 5,5,open
2026-09-11T17:24:53.547145-04:00,2026-09-11,Cybergoria,0,closed
2026-09-11T17:24:53.547145-04:00,2026-09-11,Evil Dead Burn,0,closed
2026-09-11T17:24:53.547145-04:00,2026-09-11,H.R. Bloodengutz,0,closed
2026-09-11T17:24:53.547145-04:00,2026-09-11,Hellraiser,10,open
2026-09-11T17:24:53.547145-04:00,2026-09-11,INVASION,0,closed
2026-09-11T17:24:53.547145-04:00,2026-09-11,Jack & Oddfellow,10,open
2026-09-11T17:24:53.547145-04:00,2026-09-11,MADLANDS,0,closed
2026-09-11T17:24:53.547145-04:00,2026-09-11,Ozzy Osbourne,90,open
2026-09-11T17:24:53.547145-04:00,2026-09-11,Sinners,95,open
2026-09-11T17:24:53.547145-04:00,2026-09-11,Stranger Things 5,5,open
2026-09-11T17:34:13.208039-04:00,2026-09-11,Cybergoria,0,closed
2026-09-11T17:34:13.208039-04:00,2026-09-11,Evil Dead Burn,0,closed
2026-09-11T17:34:13.208039-04:00,2026-09-11,H.R. Bloodengutz,0,closed
2026-09-11T17:34:13.208039-04:00,2026-09-11,Hellraiser,10,open
2026-09-11T17:34:13.208039-04:00,2026-09-11,INVASION,0,closed
2026-09-11T17:34:13.208039-04:00,2026-09-11,Jack & Oddfellow,10,open
2026-09-11T17:34:13.208039-04:00,2026-09-11,MADLANDS,0,closed
2026-09-11T17:34:13.208039-04:00,2026-09-11,Ozzy Osbourne,80,open
2026-09-11T17:34:13.208039-04:00,2026-09-11,Sinners,95,open
2026-09-11T17:34:13.208039-04:00,2026-09-11,Stranger Things 5,5,open
2026-09-11T17:42:48.252796-04:00,2026-09-11,Cybergoria,0,closed
2026-09-11T17:42:48.252796-04:00,2026-09-11,Evil Dead Burn,0,closed
2026-09-11T17:42:48.252796-04:00,2026-09-11,H.R. Bloodengutz,0,closed
2026-09-11T17:42:48.252796-04:00,2026-09-11,Hellraiser,10,open
2026-09-11T17:42:48.252796-04:00,2026-09-11,INVASION,0,closed
2026-09-11T17:42:48.252796-04:00,2026-09-11,Jack & Oddfellow,10,open
2026-09-11T17:42:48.252796-04:00,2026-09-11,MADLANDS,0,closed
2026-09-11T17:42:48.252796-04:00,2026-09-11,Ozzy Osbourne,90,open
2026-09-11T17:42:48.252796-04:00,2026-09-11,Sinners,85,open
2026-09-11T17:42:48.252796-04:00,2026-09-11,Stranger Things 5,5,open
2026-09-11T17:51:03.217712-04:00,2026-09-11,Cybergoria,25,open
2026-09-11T17:51:03.217712-04:00,2026-09-11,Evil Dead Burn,0,closed
2026-09-11T17:51:03.217712-04:00,2026-09-11,H.R. Bloodengutz,0,closed
2026-09-11T17:51:03.217712-04:00,2026-09-11,Hellraiser,10,open
2026-09-11T17:51:03.217712-04:00,2026-09-11,INVASION,0,closed
2026-09-11T17:51:03.217712-04:00,2026-09-11,Jack & Oddfellow,5,open
2026-09-11T17:51:03.217712-04:00,2026-09-11,MADLANDS,0,closed
2026-09-11T17:51:03.217712-04:00,2026-09-11,Ozzy Osbourne,90,open
2026-09-11T17:51:03.217712-04:00,2026-09-11,Sinners,85,open
2026-09-11T17:51:03.217712-04:00,2026-09-11,Stranger Things 5,5,open
2026-09-11T17:58:51.857897-04:00,2026-09-11,Cybergoria,20,open
2026-09-11T17:58:51.857897-04:00,2026-09-11,Evil Dead Burn,25,open
2026-09-11T17:58:51.857897-04:00,2026-09-11,H.R. Bloodengutz,65,open
2026-09-11T17:58:51.857897-04:00,2026-09-11,Hellraiser,10,open
2026-09-11T17:58:51.857897-04:00,2026-09-11,INVASION,0,closed
2026-09-11T17:58:51.857897-04:00,2026-09-11,Jack & Oddfellow,5,open
2026-09-11T17:58:51.857897-04:00,2026-09-11,MADLANDS,0,closed
2026-09-11T17:58:51.857897-04:00,2026-09-11,Ozzy Osbourne,50,open
2026-09-11T17:58:51.857897-04:00,2026-09-11,Sinners,85,open
2026-09-11T17:58:51.857897-04:00,2026-09-11,Stranger Things 5,5,open
2026-09-11T18:13:21.220143-04:00,2026-09-11,Cybergoria,15,open
2026-09-11T18:13:21.220143-04:00,2026-09-11,Evil Dead Burn,15,open
2026-09-11T18:13:21.220143-04:00,2026-09-11,H.R. Bloodengutz,65,open
2026-09-11T18:13:21.220143-04:00,2026-09-11,Hellraiser,10,open
2026-09-11T18:13:21.220143-04:00,2026-09-11,INVASION,20,open
2026-09-11T18:13:21.220143-04:00,2026-09-11,Jack & Oddfellow,10,open
2026-09-11T18:13:21.220143-04:00,2026-09-11,MADLANDS,15,open
2026-09-11T18:13:21.220143-04:00,2026-09-11,Ozzy Osbourne,50,open
2026-09-11T18:13:21.220143-04:00,2026-09-11,Sinners,65,open
2026-09-11T18:13:21.220143-04:00,2026-09-11,Stranger Things 5,15,open
2026-09-11T18:25:58.599722-04:00,2026-09-11,Cybergoria,40,open
2026-09-11T18:25:58.599722-04:00,2026-09-11,Evil Dead Burn,10,open
2026-09-11T18:25:58.599722-04:00,2026-09-11,H.R. Bloodengutz,25,open
2026-09-11T18:25:58.599722-04:00,2026-09-11,Hellraiser,10,open
2026-09-11T18:25:58.599722-04:00,2026-09-11,INVASION,20,open
2026-09-11T18:25:58.599722-04:00,2026-09-11,Jack & Oddfellow,20,open
2026-09-11T18:25:58.599722-04:00,2026-09-11,MADLANDS,25,open
2026-09-11T18:25:58.599722-04:00,2026-09-11,Ozzy Osbourne,40,open
2026-09-11T18:25:58.599722-04:00,2026-09-11,Sinners,25,open
2026-09-11T18:25:58.599722-04:00,2026-09-11,Stranger Things 5,25,open
2026-09-11T18:36:35.893624-04:00,2026-09-11,Cybergoria,30,open
2026-09-11T18:36:35.893624-04:00,2026-09-11,Evil Dead Burn,15,open
2026-09-11T18:36:35.893624-04:00,2026-09-11,H.R. Bloodengutz,25,open
2026-09-11T18:36:35.893624-04:00,2026-09-11,Hellraiser,10,open
2026-09-11T18:36:35.893624-04:00,2026-09-11,INVASION,20,open
2026-09-11T18:36:35.893624-04:00,2026-09-11,Jack & Oddfellow,25,open
2026-09-11T18:36:35.893624-04:00,2026-09-11,MADLANDS,35,open
2026-09-11T18:36:35.893624-04:00,2026-09-11,Ozzy Osbourne,40,open
2026-09-11T18:36:35.893624-04:00,2026-09-11,Sinners,35,open
2026-09-11T18:36:35.893624-04:00,2026-09-11,Stranger Things 5,25,open
2026-09-11T18:45:13.201055-04:00,2026-09-11,Cybergoria,30,open
2026-09-11T18:45:13.201055-04:00,2026-09-11,Evil Dead Burn,35,open
2026-09-11T18:45:13.201055-04:00,2026-09-11,H.R. Bloodengutz,25,open
2026-09-11T18:45:13.201055-04:00,2026-09-11,Hellraiser,10,open
2026-09-11T18:45:13.201055-04:00,2026-09-11,INVASION,25,open
2026-09-11T18:45:13.201055-04:00,2026-09-11,Jack & Oddfellow,25,open
2026-09-11T18:45:13.201055-04:00,2026-09-11,MADLANDS,35,open
2026-09-11T18:45:13.201055-04:00,2026-09-11,Ozzy Osbourne,70,open
2026-09-11T18:45:13.201055-04:00,2026-09-11,Sinners,45,open
2026-09-11T18:45:13.201055-04:00,2026-09-11,Stranger Things 5,25,open
2026-09-11T18:53:13.104296-04:00,2026-09-11,Cybergoria,30,open
2026-09-11T18:53:13.104296-04:00,2026-09-11,Evil Dead Burn,25,open
2026-09-11T18:53:13.104296-04:00,2026-09-11,H.R. Bloodengutz,45,open
2026-09-11T18:53:13.104296-04:00,2026-09-11,Hellraiser,10,open
2026-09-11T18:53:13.104296-04:00,2026-09-11,INVASION,25,open
2026-09-11T18:53:13.104296-04:00,2026-09-11,Jack & Oddfellow,25,open
2026-09-11T18:53:13.104296-04:00,2026-09-11,MADLANDS,35,open
2026-09-11T18:53:13.104296-04:00,2026-09-11,Ozzy Osbourne,70,open
2026-09-11T18:53:13.104296-04:00,2026-09-11,Sinners,45,open
2026-09-11T18:53:13.104296-04:00,2026-09-11,Stranger Things 5,35,open
2026-09-11T19:01:44.463124-04:00,2026-09-11,Cybergoria,30,open
2026-09-11T19:01:44.463124-04:00,2026-09-11,Evil Dead Burn,25,open
2026-09-11T19:01:44.463124-04:00,2026-09-11,H.R. Bloodengutz,45,open
2026-09-11T19:01:44.463124-04:00,2026-09-11,Hellraiser,20,open
2026-09-11T19:01:44.463124-04:00,2026-09-11,INVASION,35,open
2026-09-11T19:01:44.463124-04:00,2026-09-11,Jack & Oddfellow,25,open
2026-09-11T19:01:44.463124-04:00,2026-09-11,MADLANDS,35,open
2026-09-11T19:01:44.463124-04:00,2026-09-11,Ozzy Osbourne,100,open
2026-09-11T19:01:44.463124-04:00,2026-09-11,Sinners,55,open
2026-09-11T19:01:44.463124-04:00,2026-09-11,Stranger Things 5,35,open
2026-09-11T19:15:30.318551-04:00,2026-09-11,Cybergoria,30,open
2026-09-11T19:15:30.318551-04:00,2026-09-11,Evil Dead Burn,25,open
2026-09-11T19:15:30.318551-04:00,2026-09-11,H.R. Bloodengutz,55,open
2026-09-11T19:15:30.318551-04:00,2026-09-11,Hellraiser,20,open
2026-09-11T19:15:30.318551-04:00,2026-09-11,INVASION,35,open
2026-09-11T19:15:30.318551-04:00,2026-09-11,Jack & Oddfellow,25,open
2026-09-11T19:15:30.318551-04:00,2026-09-11,MADLANDS,35,open
2026-09-11T19:15:30.318551-04:00,2026-09-11,Ozzy Osbourne,100,open
2026-09-11T19:15:30.318551-04:00,2026-09-11,Sinners,55,open
2026-09-11T19:15:30.318551-04:00,2026-09-11,Stranger Things 5,35,open
2026-09-11T19:26:14.162770-04:00,2026-09-11,Cybergoria,85,open
2026-09-11T19:26:14.162770-04:00,2026-09-11,Evil Dead Burn,45,open
2026-09-11T19:26:14.162770-04:00,2026-09-11,H.R. Bloodengutz,55,open
2026-09-11T19:26:14.162770-04:00,2026-09-11,Hellraiser,25,open
2026-09-11T19:26:14.162770-04:00,2026-09-11,INVASION,40,open
2026-09-11T19:26:14.162770-04:00,2026-09-11,Jack & Oddfellow,35,open
2026-09-11T19:26:14.162770-04:00,2026-09-11,MADLANDS,35,open
2026-09-11T19:26:14.162770-04:00,2026-09-11,Ozzy Osbourne,100,open
2026-09-11T19:26:14.162770-04:00,2026-09-11,Sinners,65,open
2026-09-11T19:26:14.162770-04:00,2026-09-11,Stranger Things 5,35,open
2026-09-11T19:35:39.443717-04:00,2026-09-11,Cybergoria,70,open
2026-09-11T19:35:39.443717-04:00,2026-09-11,Evil Dead Burn,45,open
2026-09-11T19:35:39.443717-04:00,2026-09-11,H.R. Bloodengutz,55,open
2026-09-11T19:35:39.443717-04:00,2026-09-11,Hellraiser,45,open
2026-09-11T19:35:39.443717-04:00,2026-09-11,INVASION,40,open
2026-09-11T19:35:39.443717-04:00,2026-09-11,Jack & Oddfellow,35,open
2026-09-11T19:35:39.443717-04:00,2026-09-11,MADLANDS,45,open
2026-09-11T19:35:39.443717-04:00,2026-09-11,Ozzy Osbourne,80,open
2026-09-11T19:35:39.443717-04:00,2026-09-11,Sinners,65,open
2026-09-11T19:35:39.443717-04:00,2026-09-11,Stranger Things 5,35,open
2026-09-11T19:44:09.690370-04:00,2026-09-11,Cybergoria,50,open
2026-09-11T19:44:09.690370-04:00,2026-09-11,Evil Dead Burn,45,open
2026-09-11T19:44:09.690370-04:00,2026-09-11,H.R. Bloodengutz,55,open
2026-09-11T19:44:09.690370-04:00,2026-09-11,Hellraiser,45,open
2026-09-11T19:44:09.690370-04:00,2026-09-11,INVASION,40,open
2026-09-11T19:44:09.690370-04:00,2026-09-11,Jack & Oddfellow,35,open
2026-09-11T19:44:09.690370-04:00,2026-09-11,MADLANDS,55,open
2026-09-11T19:44:09.690370-04:00,2026-09-11,Ozzy Osbourne,60,open
2026-09-11T19:44:09.690370-04:00,2026-09-11,Sinners,65,open
2026-09-11T19:44:09.690370-04:00,2026-09-11,Stranger Things 5,35,open
2026-09-11T19:51:59.515825-04:00,2026-09-11,Cybergoria,40,open
2026-09-11T19:51:59.515825-04:00,2026-09-11,Evil Dead Burn,55,open
2026-09-11T19:51:59.515825-04:00,2026-09-11,H.R. Bloodengutz,55,open
2026-09-11T19:51:59.515825-04:00,2026-09-11,Hellraiser,45,open
2026-09-11T19:51:59.515825-04:00,2026-09-11,INVASION,30,open
2026-09-11T19:51:59.515825-04:00,2026-09-11,Jack & Oddfellow,60,open
2026-09-11T19:51:59.515825-04:00,2026-09-11,MADLANDS,55,open
2026-09-11T19:51:59.515825-04:00,2026-09-11,Ozzy Osbourne,70,open
2026-09-11T19:51:59.515825-04:00,2026-09-11,Sinners,65,open
2026-09-11T19:51:59.515825-04:00,2026-09-11,Stranger Things 5,35,open
2026-09-11T19:59:56.909004-04:00,2026-09-11,Cybergoria,40,open
2026-09-11T19:59:56.909004-04:00,2026-09-11,Evil Dead Burn,55,open
2026-09-11T19:59:56.909004-04:00,2026-09-11,H.R. Bloodengutz,45,open
2026-09-11T19:59:56.909004-04:00,2026-09-11,Hellraiser,45,open
2026-09-11T19:59:56.909004-04:00,2026-09-11,INVASION,30,open
2026-09-11T19:59:56.909004-04:00,2026-09-11,Jack & Oddfellow,60,open
2026-09-11T19:59:56.909004-04:00,2026-09-11,MADLANDS,55,open
2026-09-11T19:59:56.909004-04:00,2026-09-11,Ozzy Osbourne,70,open
2026-09-11T19:59:56.909004-04:00,2026-09-11,Sinners,65,open
2026-09-11T19:59:56.909004-04:00,2026-09-11,Stranger Things 5,35,open
2026-09-11T20:21:41.694181-04:00,2026-09-11,Cybergoria,55,open
2026-09-11T20:21:41.694181-04:00,2026-09-11,Evil Dead Burn,35,open
2026-09-11T20:21:41.694181-04:00,2026-09-11,H.R. Bloodengutz,55,open
2026-09-11T20:21:41.694181-04:00,2026-09-11,Hellraiser,45,open
2026-09-11T20:21:41.694181-04:00,2026-09-11,INVASION,40,open
2026-09-11T20:21:41.694181-04:00,2026-09-11,Jack & Oddfellow,60,open
2026-09-11T20:21:41.694181-04:00,2026-09-11,MADLANDS,55,open
2026-09-11T20:21:41.694181-04:00,2026-09-11,Ozzy Osbourne,100,open
2026-09-11T20:21:41.694181-04:00,2026-09-11,Sinners,65,open
2026-09-11T20:21:41.694181-04:00,2026-09-11,Stranger Things 5,50,open
2026-09-11T20:38:34.374915-04:00,2026-09-11,Cybergoria,55,open
2026-09-11T20:38:34.374915-04:00,2026-09-11,Evil Dead Burn,35,open
2026-09-11T20:38:34.374915-04:00,2026-09-11,H.R. Bloodengutz,75,open
2026-09-11T20:38:34.374915-04:00,2026-09-11,Hellraiser,55,open
2026-09-11T20:38:34.374915-04:00,2026-09-11,INVASION,65,open
2026-09-11T20:38:34.374915-04:00,2026-09-11,Jack & Oddfellow,40,open
2026-09-11T20:38:34.374915-04:00,2026-09-11,MADLANDS,55,open
2026-09-11T20:38:34.374915-04:00,2026-09-11,Ozzy Osbourne,60,open
2026-09-11T20:38:34.374915-04:00,2026-09-11,Sinners,75,open
2026-09-11T20:38:34.374915-04:00,2026-09-11,Stranger Things 5,60,open
2026-09-11T20:51:22.318485-04:00,2026-09-11,Cybergoria,55,open
2026-09-11T20:51:22.318485-04:00,2026-09-11,Evil Dead Burn,55,open
2026-09-11T20:51:22.318485-04:00,2026-09-11,H.R. Bloodengutz,75,open
2026-09-11T20:51:22.318485-04:00,2026-09-11,Hellraiser,55,open
2026-09-11T20:51:22.318485-04:00,2026-09-11,INVASION,55,open
2026-09-11T20:51:22.318485-04:00,2026-09-11,Jack & Oddfellow,35,open
2026-09-11T20:51:22.318485-04:00,2026-09-11,MADLANDS,45,open
2026-09-11T20:51:22.318485-04:00,2026-09-11,Ozzy Osbourne,80,open
2026-09-11T20:51:22.318485-04:00,2026-09-11,Sinners,75,open
2026-09-11T20:51:22.318485-04:00,2026-09-11,Stranger Things 5,60,open
2026-09-11T21:00:26.190274-04:00,2026-09-11,Cybergoria,75,open
2026-09-11T21:00:26.190274-04:00,2026-09-11,Evil Dead Burn,60,open
2026-09-11T21:00:26.190274-04:00,2026-09-11,H.R. Bloodengutz,75,open
2026-09-11T21:00:26.190274-04:00,2026-09-11,Hellraiser,65,open
2026-09-11T21:00:26.190274-04:00,2026-09-11,INVASION,45,open
2026-09-11T21:00:26.190274-04:00,2026-09-11,Jack & Oddfellow,35,open
2026-09-11T21:00:26.190274-04:00,2026-09-11,MADLANDS,35,open
2026-09-11T21:00:26.190274-04:00,2026-09-11,Ozzy Osbourne,80,open
2026-09-11T21:00:26.190274-04:00,2026-09-11,Sinners,75,open
2026-09-11T21:00:26.190274-04:00,2026-09-11,Stranger Things 5,60,open
2026-09-11T21:14:12.647669-04:00,2026-09-11,Cybergoria,90,open
2026-09-11T21:14:12.647669-04:00,2026-09-11,Evil Dead Burn,65,open
2026-09-11T21:14:12.647669-04:00,2026-09-11,H.R. Bloodengutz,75,open
2026-09-11T21:14:12.647669-04:00,2026-09-11,Hellraiser,45,open
2026-09-11T21:14:12.647669-04:00,2026-09-11,INVASION,45,open
2026-09-11T21:14:12.647669-04:00,2026-09-11,Jack & Oddfellow,75,open
2026-09-11T21:14:12.647669-04:00,2026-09-11,MADLANDS,35,open
2026-09-11T21:14:12.647669-04:00,2026-09-11,Ozzy Osbourne,80,open
2026-09-11T21:14:12.647669-04:00,2026-09-11,Sinners,75,open
2026-09-11T21:14:12.647669-04:00,2026-09-11,Stranger Things 5,50,open
2026-09-11T21:25:31.259373-04:00,2026-09-11,Cybergoria,90,open
2026-09-11T21:25:31.259373-04:00,2026-09-11,Evil Dead Burn,60,open
2026-09-11T21:25:31.259373-04:00,2026-09-11,H.R. Bloodengutz,55,open
2026-09-11T21:25:31.259373-04:00,2026-09-11,Hellraiser,55,open
2026-09-11T21:25:31.259373-04:00,2026-09-11,INVASION,45,open
2026-09-11T21:25:31.259373-04:00,2026-09-11,Jack & Oddfellow,60,open
2026-09-11T21:25:31.259373-04:00,2026-09-11,MADLANDS,50,open
2026-09-11T21:25:31.259373-04:00,2026-09-11,Ozzy Osbourne,80,open
2026-09-11T21:25:31.259373-04:00,2026-09-11,Sinners,75,open
2026-09-11T21:25:31.259373-04:00,2026-09-11,Stranger Things 5,40,open
2026-09-11T21:35:31.205017-04:00,2026-09-11,Cybergoria,90,open
2026-09-11T21:35:31.205017-04:00,2026-09-11,Evil Dead Burn,70,open
2026-09-11T21:35:31.205017-04:00,2026-09-11,H.R. Bloodengutz,75,open
2026-09-11T21:35:31.205017-04:00,2026-09-11,Hellraiser,55,open
2026-09-11T21:35:31.205017-04:00,2026-09-11,INVASION,50,open
2026-09-11T21:35:31.205017-04:00,2026-09-11,Jack & Oddfellow,60,open
2026-09-11T21:35:31.205017-04:00,2026-09-11,MADLANDS,80,open
2026-09-11T21:35:31.205017-04:00,2026-09-11,Ozzy Osbourne,80,open
2026-09-11T21:35:31.205017-04:00,2026-09-11,Sinners,75,open
2026-09-11T21:35:31.205017-04:00,2026-09-11,Stranger Things 5,40,open
2026-09-11T21:46:06.696340-04:00,2026-09-11,Cybergoria,90,open
2026-09-11T21:46:06.696340-04:00,2026-09-11,Evil Dead Burn,60,open
2026-09-11T21:46:06.696340-04:00,2026-09-11,H.R. Bloodengutz,75,open
2026-09-11T21:46:06.696340-04:00,2026-09-11,Hellraiser,55,open
2026-09-11T21:46:06.696340-04:00,2026-09-11,INVASION,50,open
2026-09-11T21:46:06.696340-04:00,2026-09-11,Jack & Oddfellow,60,open
2026-09-11T21:46:06.696340-04:00,2026-09-11,MADLANDS,80,open
2026-09-11T21:46:06.696340-04:00,2026-09-11,Ozzy Osbourne,80,open
2026-09-11T21:46:06.696340-04:00,2026-09-11,Sinners,100,open
2026-09-11T21:46:06.696340-04:00,2026-09-11,Stranger Things 5,40,open
2026-09-11T21:54:40.484663-04:00,2026-09-11,Cybergoria,75,open
2026-09-11T21:54:40.484663-04:00,2026-09-11,Evil Dead Burn,60,open
2026-09-11T21:54:40.484663-04:00,2026-09-11,H.R. Bloodengutz,85,open
2026-09-11T21:54:40.484663-04:00,2026-09-11,Hellraiser,120,open
2026-09-11T21:54:40.484663-04:00,2026-09-11,INVASION,65,open
2026-09-11T21:54:40.484663-04:00,2026-09-11,Jack & Oddfellow,60,open
2026-09-11T21:54:40.484663-04:00,2026-09-11,MADLANDS,80,open
2026-09-11T21:54:40.484663-04:00,2026-09-11,Ozzy Osbourne,80,open
2026-09-11T21:54:40.484663-04:00,2026-09-11,Sinners,100,open
2026-09-11T21:54:40.484663-04:00,2026-09-11,Stranger Things 5,30,open
2026-09-11T22:05:17.218874-04:00,2026-09-11,Cybergoria,70,open
2026-09-11T22:05:17.218874-04:00,2026-09-11,Evil Dead Burn,60,open
2026-09-11T22:05:17.218874-04:00,2026-09-11,H.R. Bloodengutz,85,open
2026-09-11T22:05:17.218874-04:00,2026-09-11,Hellraiser,120,open
2026-09-11T22:05:17.218874-04:00,2026-09-11,INVASION,70,open
2026-09-11T22:05:17.218874-04:00,2026-09-11,Jack & Oddfellow,60,open
2026-09-11T22:05:17.218874-04:00,2026-09-11,MADLANDS,80,open
2026-09-11T22:05:17.218874-04:00,2026-09-11,Ozzy Osbourne,70,open
2026-09-11T22:05:17.218874-04:00,2026-09-11,Sinners,100,open
2026-09-11T22:05:17.218874-04:00,2026-09-11,Stranger Things 5,30,open
2026-09-11T22:21:07.243557-04:00,2026-09-11,Cybergoria,70,open
2026-09-11T22:21:07.243557-04:00,2026-09-11,Evil Dead Burn,55,open
2026-09-11T22:21:07.243557-04:00,2026-09-11,H.R. Bloodengutz,85,open
2026-09-11T22:21:07.243557-04:00,2026-09-11,Hellraiser,120,open
2026-09-11T22:21:07.243557-04:00,2026-09-11,INVASION,50,open
2026-09-11T22:21:07.243557-04:00,2026-09-11,Jack & Oddfellow,45,open
2026-09-11T22:21:07.243557-04:00,2026-09-11,MADLANDS,65,open
2026-09-11T22:21:07.243557-04:00,2026-09-11,Ozzy Osbourne,70,open
2026-09-11T22:21:07.243557-04:00,2026-09-11,Sinners,100,open
2026-09-11T22:21:07.243557-04:00,2026-09-11,Stranger Things 5,100,open
2026-09-11T22:33:14.764033-04:00,2026-09-11,Cybergoria,70,open
2026-09-11T22:33:14.764033-04:00,2026-09-11,Evil Dead Burn,60,open
2026-09-11T22:33:14.764033-04:00,2026-09-11,H.R. Bloodengutz,65,open
2026-09-11T22:33:14.764033-04:00,2026-09-11,Hellraiser,120,open
2026-09-11T22:33:14.764033-04:00,2026-09-11,INVASION,50,open
2026-09-11T22:33:14.764033-04:00,2026-09-11,Jack & Oddfellow,55,open
2026-09-11T22:33:14.764033-04:00,2026-09-11,MADLANDS,65,open
2026-09-11T22:33:14.764033-04:00,2026-09-11,Ozzy Osbourne,70,open
2026-09-11T22:33:14.764033-04:00,2026-09-11,Sinners,100,open
2026-09-11T22:33:14.764033-04:00,2026-09-11,Stranger Things 5,100,open
2026-09-11T22:44:55.970979-04:00,2026-09-11,Cybergoria,85,open
2026-09-11T22:44:55.970979-04:00,2026-09-11,Evil Dead Burn,50,open
2026-09-11T22:44:55.970979-04:00,2026-09-11,H.R. Bloodengutz,55,open
2026-09-11T22:44:55.970979-04:00,2026-09-11,Hellraiser,90,open
2026-09-11T22:44:55.970979-04:00,2026-09-11,INVASION,55,open
2026-09-11T22:44:55.970979-04:00,2026-09-11,Jack & Oddfellow,55,open
2026-09-11T22:44:55.970979-04:00,2026-09-11,MADLANDS,65,open
2026-09-11T22:44:55.970979-04:00,2026-09-11,Ozzy Osbourne,70,open
2026-09-11T22:44:55.970979-04:00,2026-09-11,Sinners,100,open
2026-09-11T22:44:55.970979-04:00,2026-09-11,Stranger Things 5,100,open
2026-09-11T22:53:59.290959-04:00,2026-09-11,Cybergoria,65,open
2026-09-11T22:53:59.290959-04:00,2026-09-11,Evil Dead Burn,45,open
2026-09-11T22:53:59.290959-04:00,2026-09-11,H.R. Bloodengutz,75,open
2026-09-11T22:53:59.290959-04:00,2026-09-11,Hellraiser,90,open
2026-09-11T22:53:59.290959-04:00,2026-09-11,INVASION,55,open
2026-09-11T22:53:59.290959-04:00,2026-09-11,Jack & Oddfellow,55,open
2026-09-11T22:53:59.290959-04:00,2026-09-11,MADLANDS,20,open
2026-09-11T22:53:59.290959-04:00,2026-09-11,Ozzy Osbourne,70,open
2026-09-11T22:53:59.290959-04:00,2026-09-11,Sinners,100,open
2026-09-11T22:53:59.290959-04:00,2026-09-11,Stranger Things 5,80,open
2026-09-11T23:03:20.018485-04:00,2026-09-11,Cybergoria,65,open
2026-09-11T23:03:20.018485-04:00,2026-09-11,Evil Dead Burn,45,open
2026-09-11T23:03:20.018485-04:00,2026-09-11,H.R. Bloodengutz,75,open
2026-09-11T23:03:20.018485-04:00,2026-09-11,Hellraiser,60,open
2026-09-11T23:03:20.018485-04:00,2026-09-11,INVASION,55,open
2026-09-11T23:03:20.018485-04:00,2026-09-11,Jack & Oddfellow,55,open
2026-09-11T23:03:20.018485-04:00,2026-09-11,MADLANDS,35,open
2026-09-11T23:03:20.018485-04:00,2026-09-11,Ozzy Osbourne,70,open
2026-09-11T23:03:20.018485-04:00,2026-09-11,Sinners,110,open
2026-09-11T23:03:20.018485-04:00,2026-09-11,Stranger Things 5,60,open
2026-09-11T23:19:25.943274-04:00,2026-09-11,Cybergoria,65,open
2026-09-11T23:19:25.943274-04:00,2026-09-11,Evil Dead Burn,45,open
2026-09-11T23:19:25.943274-04:00,2026-09-11,H.R. Bloodengutz,75,open
2026-09-11T23:19:25.943274-04:00,2026-09-11,Hellraiser,60,open
2026-09-11T23:19:25.943274-04:00,2026-09-11,INVASION,55,open
2026-09-11T23:19:25.943274-04:00,2026-09-11,Jack & Oddfellow,70,open
2026-09-11T23:19:25.943274-04:00,2026-09-11,MADLANDS,45,open
2026-09-11T23:19:25.943274-04:00,2026-09-11,Ozzy Osbourne,95,open
2026-09-11T23:19:25.943274-04:00,2026-09-11,Sinners,110,open
2026-09-11T23:19:25.943274-04:00,2026-09-11,Stranger Things 5,60,open
2026-09-11T23:31:59.695607-04:00,2026-09-11,Cybergoria,50,open
2026-09-11T23:31:59.695607-04:00,2026-09-11,Evil Dead Burn,60,open
2026-09-11T23:31:59.695607-04:00,2026-09-11,H.R. Bloodengutz,75,open
2026-09-11T23:31:59.695607-04:00,2026-09-11,Hellraiser,60,open
2026-09-11T23:31:59.695607-04:00,2026-09-11,INVASION,45,open
2026-09-11T23:31:59.695607-04:00,2026-09-11,Jack & Oddfellow,70,open
2026-09-11T23:31:59.695607-04:00,2026-09-11,MADLANDS,75,open
2026-09-11T23:31:59.695607-04:00,2026-09-11,Ozzy Osbourne,95,open
2026-09-11T23:31:59.695607-04:00,2026-09-11,Sinners,110,open
2026-09-11T23:31:59.695607-04:00,2026-09-11,Stranger Things 5,45,open
2026-09-11T23:43:47.945637-04:00,2026-09-11,Cybergoria,50,open
2026-09-11T23:43:47.945637-04:00,2026-09-11,Evil Dead Burn,50,open
2026-09-11T23:43:47.945637-04:00,2026-09-11,H.R. Bloodengutz,75,open
2026-09-11T23:43:47.945637-04:00,2026-09-11,Hellraiser,35,open
2026-09-11T23:43:47.945637-04:00,2026-09-11,INVASION,45,open
2026-09-11T23:43:47.945637-04:00,2026-09-11,Jack & Oddfellow,60,open
2026-09-11T23:43:47.945637-04:00,2026-09-11,MADLANDS,60,open
2026-09-11T23:43:47.945637-04:00,2026-09-11,Ozzy Osbourne,95,open
2026-09-11T23:43:47.945637-04:00,2026-09-11,Sinners,125,open
2026-09-11T23:43:47.945637-04:00,2026-09-11,Stranger Things 5,45,open
2026-09-11T23:52:52.417665-04:00,2026-09-11,Cybergoria,65,open
2026-09-11T23:52:52.417665-04:00,2026-09-11,Evil Dead Burn,50,open
2026-09-11T23:52:52.417665-04:00,2026-09-11,H.R. Bloodengutz,45,open
2026-09-11T23:52:52.417665-04:00,2026-09-11,Hellraiser,45,open
2026-09-11T23:52:52.417665-04:00,2026-09-11,INVASION,40,open
2026-09-11T23:52:52.417665-04:00,2026-09-11,Jack & Oddfellow,60,open
2026-09-11T23:52:52.417665-04:00,2026-09-11,MADLANDS,50,open
2026-09-11T23:52:52.417665-04:00,2026-09-11,Ozzy Osbourne,95,open
2026-09-11T23:52:52.417665-04:00,2026-09-11,Sinners,125,open
2026-09-11T23:52:52.417665-04:00,2026-09-11,Stranger Things 5,45,open
2026-09-12T00:01:12.519021-04:00,2026-09-11,Cybergoria,75,open
2026-09-12T00:01:12.519021-04:00,2026-09-11,Evil Dead Burn,45,open
2026-09-12T00:01:12.519021-04:00,2026-09-11,H.R. Bloodengutz,45,open
2026-09-12T00:01:12.519021-04:00,2026-09-11,Hellraiser,60,open
2026-09-12T00:01:12.519021-04:00,2026-09-11,INVASION,40,open
2026-09-12T00:01:12.519021-04:00,2026-09-11,Jack & Oddfellow,60,open
2026-09-12T00:01:12.519021-04:00,2026-09-11,MADLANDS,50,open
2026-09-12T00:01:12.519021-04:00,2026-09-11,Ozzy Osbourne,95,open
2026-09-12T00:01:12.519021-04:00,2026-09-11,Sinners,125,open
2026-09-12T00:01:12.519021-04:00,2026-09-11,Stranger Things 5,45,open
2026-09-12T00:17:27.713530-04:00,2026-09-11,Cybergoria,75,open
2026-09-12T00:17:27.713530-04:00,2026-09-11,Evil Dead Burn,50,open
2026-09-12T00:17:27.713530-04:00,2026-09-11,H.R. Bloodengutz,65,open
2026-09-12T00:17:27.713530-04:00,2026-09-11,Hellraiser,50,open
2026-09-12T00:17:27.713530-04:00,2026-09-11,INVASION,35,open
2026-09-12T00:17:27.713530-04:00,2026-09-11,Jack & Oddfellow,45,open
2026-09-12T00:17:27.713530-04:00,2026-09-11,MADLANDS,35,open
2026-09-12T00:17:27.713530-04:00,2026-09-11,Ozzy Osbourne,95,open
2026-09-12T00:17:27.713530-04:00,2026-09-11,Sinners,65,open
2026-09-12T00:17:27.713530-04:00,2026-09-11,Stranger Things 5,45,open
2026-09-12T00:30:23.062128-04:00,2026-09-11,Cybergoria,75,open
2026-09-12T00:30:23.062128-04:00,2026-09-11,Evil Dead Burn,50,open
2026-09-12T00:30:23.062128-04:00,2026-09-11,H.R. Bloodengutz,55,open
2026-09-12T00:30:23.062128-04:00,2026-09-11,Hellraiser,50,open
2026-09-12T00:30:23.062128-04:00,2026-09-11,INVASION,35,open
2026-09-12T00:30:23.062128-04:00,2026-09-11,Jack & Oddfellow,45,open
2026-09-12T00:30:23.062128-04:00,2026-09-11,MADLANDS,20,open
2026-09-12T00:30:23.062128-04:00,2026-09-11,Ozzy Osbourne,95,open
2026-09-12T00:30:23.062128-04:00,2026-09-11,Sinners,105,open
2026-09-12T00:30:23.062128-04:00,2026-09-11,Stranger Things 5,45,open
2026-09-12T00:43:22.152506-04:00,2026-09-11,Cybergoria,45,open
2026-09-12T00:43:22.152506-04:00,2026-09-11,Evil Dead Burn,50,open
2026-09-12T00:43:22.152506-04:00,2026-09-11,H.R. Bloodengutz,45,open
2026-09-12T00:43:22.152506-04:00,2026-09-11,Hellraiser,35,open
2026-09-12T00:43:22.152506-04:00,2026-09-11,INVASION,45,open
2026-09-12T00:43:22.152506-04:00,2026-09-11,Jack & Oddfellow,45,open
2026-09-12T00:43:22.152506-04:00,2026-09-11,MADLANDS,20,open
2026-09-12T00:43:22.152506-04:00,2026-09-11,Ozzy Osbourne,95,open
2026-09-12T00:43:22.152506-04:00,2026-09-11,Sinners,40,open
2026-09-12T00:43:22.152506-04:00,2026-09-11,Stranger Things 5,45,open
2026-09-12T00:52:30.524799-04:00,2026-09-11,Cybergoria,45,open
2026-09-12T00:52:30.524799-04:00,2026-09-11,Evil Dead Burn,40,open
2026-09-12T00:52:30.524799-04:00,2026-09-11,H.R. Bloodengutz,40,open
2026-09-12T00:52:30.524799-04:00,2026-09-11,Hellraiser,35,open
2026-09-12T00:52:30.524799-04:00,2026-09-11,INVASION,45,open
2026-09-12T00:52:30.524799-04:00,2026-09-11,Jack & Oddfellow,45,open
2026-09-12T00:52:30.524799-04:00,2026-09-11,MADLANDS,35,open
2026-09-12T00:52:30.524799-04:00,2026-09-11,Ozzy Osbourne,65,open
2026-09-12T00:52:30.524799-04:00,2026-09-11,Sinners,40,open
2026-09-12T00:52:30.524799-04:00,2026-09-11,Stranger Things 5,45,open
2026-09-12T01:00:14.467579-04:00,2026-09-11,Cybergoria,45,open
2026-09-12T01:00:14.467579-04:00,2026-09-11,Evil Dead Burn,20,open
2026-09-12T01:00:14.467579-04:00,2026-09-11,H.R. Bloodengutz,40,open
2026-09-12T01:00:14.467579-04:00,2026-09-11,Hellraiser,35,open
2026-09-12T01:00:14.467579-04:00,2026-09-11,INVASION,35,open
2026-09-12T01:00:14.467579-04:00,2026-09-11,Jack & Oddfellow,45,open
2026-09-12T01:00:14.467579-04:00,2026-09-11,MADLANDS,35,open
2026-09-12T01:00:14.467579-04:00,2026-09-11,Ozzy Osbourne,35,open
2026-09-12T01:00:14.467579-04:00,2026-09-11,Sinners,60,open
2026-09-12T01:00:14.467579-04:00,2026-09-11,Stranger Things 5,45,open
2026-09-12T01:14:49.718514-04:00,2026-09-11,Cybergoria,35,open
2026-09-12T01:14:49.718514-04:00,2026-09-11,Evil Dead Burn,20,open
2026-09-12T01:14:49.718514-04:00,2026-09-11,H.R. Bloodengutz,40,open
2026-09-12T01:14:49.718514-04:00,2026-09-11,Hellraiser,50,open
2026-09-12T01:14:49.718514-04:00,2026-09-11,INVASION,20,open
2026-09-12T01:14:49.718514-04:00,2026-09-11,Jack & Oddfellow,30,open
2026-09-12T01:14:49.718514-04:00,2026-09-11,MADLANDS,35,open
2026-09-12T01:14:49.718514-04:00,2026-09-11,Ozzy Osbourne,45,open
2026-09-12T01:14:49.718514-04:00,2026-09-11,Sinners,60,open
2026-09-12T01:14:49.718514-04:00,2026-09-11,Stranger Things 5,35,open
2026-09-12T01:26:45.713423-04:00,2026-09-11,Cybergoria,45,open
2026-09-12T01:26:45.713423-04:00,2026-09-11,Evil Dead Burn,25,open
2026-09-12T01:26:45.713423-04:00,2026-09-11,H.R. Bloodengutz,30,open
2026-09-12T01:26:45.713423-04:00,2026-09-11,Hellraiser,35,open
2026-09-12T01:26:45.713423-04:00,2026-09-11,INVASION,5,open
2026-09-12T01:26:45.713423-04:00,2026-09-11,Jack & Oddfellow,30,open
2026-09-12T01:26:45.713423-04:00,2026-09-11,MADLANDS,35,open
2026-09-12T01:26:45.713423-04:00,2026-09-11,Ozzy Osbourne,70,open
2026-09-12T01:26:45.713423-04:00,2026-09-11,Sinners,60,open
2026-09-12T01:26:45.713423-04:00,2026-09-11,Stranger Things 5,35,open
2026-09-12T01:37:38.692506-04:00,2026-09-11,Cybergoria,45,open
2026-09-12T01:37:38.692506-04:00,2026-09-11,Evil Dead Burn,25,open
2026-09-12T01:37:38.692506-04:00,2026-09-11,H.R. Bloodengutz,35,open
2026-09-12T01:37:38.692506-04:00,2026-09-11,Hellraiser,10,open
2026-09-12T01:37:38.692506-04:00,2026-09-11,INVASION,5,open
2026-09-12T01:37:38.692506-04:00,2026-09-11,Jack & Oddfellow,30,open
2026-09-12T01:37:38.692506-04:00,2026-09-11,MADLANDS,35,open
2026-09-12T01:37:38.692506-04:00,2026-09-11,Ozzy Osbourne,70,open
2026-09-12T01:37:38.692506-04:00,2026-09-11,Sinners,25,open
2026-09-12T01:37:38.692506-04:00,2026-09-11,Stranger Things 5,15,open
2026-09-12T01:46:18.009616-04:00,2026-09-11,Cybergoria,45,open
2026-09-12T01:46:18.009616-04:00,2026-09-11,Evil Dead Burn,15,open
2026-09-12T01:46:18.009616-04:00,2026-09-11,H.R. Bloodengutz,35,open
2026-09-12T01:46:18.009616-04:00,2026-09-11,Hellraiser,20,open
2026-09-12T01:46:18.009616-04:00,2026-09-11,INVASION,5,open
2026-09-12T01:46:18.009616-04:00,2026-09-11,Jack & Oddfellow,30,open
2026-09-12T01:46:18.009616-04:00,2026-09-11,MADLANDS,35,open
2026-09-12T01:46:18.009616-04:00,2026-09-11,Ozzy Osbourne,70,open
2026-09-12T01:46:18.009616-04:00,2026-09-11,Sinners,25,open
2026-09-12T01:46:18.009616-04:00,2026-09-11,Stranger Things 5,15,open
2026-09-12T01:54:04.203014-04:00,2026-09-11,Cybergoria,25,open
2026-09-12T01:54:04.203014-04:00,2026-09-11,Evil Dead Burn,15,open
2026-09-12T01:54:04.203014-04:00,2026-09-11,H.R. Bloodengutz,15,open
2026-09-12T01:54:04.203014-04:00,2026-09-11,Hellraiser,10,open
2026-09-12T01:54:04.203014-04:00,2026-09-11,INVASION,5,open
2026-09-12T01:54:04.203014-04:00,2026-09-11,Jack & Oddfellow,30,open
2026-09-12T01:54:04.203014-04:00,2026-09-11,MADLANDS,15,open
2026-09-12T01:54:04.203014-04:00,2026-09-11,Ozzy Osbourne,70,open
2026-09-12T01:54:04.203014-04:00,2026-09-11,Sinners,25,open
2026-09-12T01:54:04.203014-04:00,2026-09-11,Stranger Things 5,15,open
2026-09-12T02:04:37.765124-04:00,2026-09-11,Cybergoria,15,open
2026-09-12T02:04:37.765124-04:00,2026-09-11,Evil Dead Burn,15,open
2026-09-12T02:04:37.765124-04:00,2026-09-11,H.R. Bloodengutz,15,open
2026-09-12T02:04:37.765124-04:00,2026-09-11,Hellraiser,10,open
2026-09-12T02:04:37.765124-04:00,2026-09-11,INVASION,5,open
2026-09-12T02:04:37.765124-04:00,2026-09-11,Jack & Oddfellow,20,open
2026-09-12T02:04:37.765124-04:00,2026-09-11,MADLANDS,15,open
2026-09-12T02:04:37.765124-04:00,2026-09-11,Ozzy Osbourne,70,open
2026-09-12T02:04:37.765124-04:00,2026-09-11,Sinners,25,open
2026-09-12T02:04:37.765124-04:00,2026-09-11,Stranger Things 5,15,open
2026-09-12T02:24:17.878101-04:00,2026-09-11,Cybergoria,0,closed
2026-09-12T02:24:17.878101-04:00,2026-09-11,Evil Dead Burn,0,closed
2026-09-12T02:24:17.878101-04:00,2026-09-11,H.R. Bloodengutz,0,closed
2026-09-12T02:24:17.878101-04:00,2026-09-11,Hellraiser,0,closed
2026-09-12T02:24:17.878101-04:00,2026-09-11,INVASION,0,closed
2026-09-12T02:24:17.878101-04:00,2026-09-11,Jack & Oddfellow,0,closed
2026-09-12T02:24:17.878101-04:00,2026-09-11,MADLANDS,0,closed
2026-09-12T02:24:17.878101-04:00,2026-09-11,Ozzy Osbourne,0,closed
2026-09-12T02:24:17.878101-04:00,2026-09-11,Sinners,0,closed
2026-09-12T02:24:17.878101-04:00,2026-09-11,Stranger Things 5,0,closed
2026-09-12T02:38:57.018515-04:00,2026-09-11,Cybergoria,0,closed
2026-09-12T02:38:57.018515-04:00,2026-09-11,Evil Dead Burn,0,closed
2026-09-12T02:38:57.018515-04:00,2026-09-11,H.R. Bloodengutz,0,closed
2026-09-12T02:38:57.018515-04:00,2026-09-11,Hellraiser,0,closed
2026-09-12T02:38:57.018515-04:00,2026-09-11,INVASION,0,closed
2026-09-12T02:38:57.018515-04:00,2026-09-11,Jack & Oddfellow,0,closed
2026-09-12T02:38:57.018515-04:00,2026-09-11,MADLANDS,0,closed
2026-09-12T02:38:57.018515-04:00,2026-09-11,Ozzy Osbourne,0,closed
2026-09-12T02:38:57.018515-04:00,2026-09-11,Sinners,0,closed
2026-09-12T02:38:57.018515-04:00,2026-09-11,Stranger Things 5,0,closed
2026-09-12T02:51:37.436947-04:00,2026-09-11,Cybergoria,0,closed
2026-09-12T02:51:37.436947-04:00,2026-09-11,Evil Dead Burn,0,closed
2026-09-12T02:51:37.436947-04:00,2026-09-11,H.R. Bloodengutz,0,closed
2026-09-12T02:51:37.436947-04:00,2026-09-11,Hellraiser,0,closed
2026-09-12T02:51:37.436947-04:00,2026-09-11,INVASION,0,closed
2026-09-12T02:51:37.436947-04:00,2026-09-11,Jack & Oddfellow,0,closed
2026-09-12T02:51:37.436947-04:00,2026-09-11,MADLANDS,0,closed
2026-09-12T02:51:37.436947-04:00,2026-09-11,Ozzy Osbourne,0,closed
2026-09-12T02:51:37.436947-04:00,2026-09-11,Sinners,0,closed
2026-09-12T02:51:37.436947-04:00,2026-09-11,Stranger Things 5,0,closed
2026-09-12T14:15:57.766306-04:00,2026-09-12,Cybergoria,0,closed
2026-09-12T14:15:57.766306-04:00,2026-09-12,Evil Dead Burn,0,closed
2026-09-12T14:15:57.766306-04:00,2026-09-12,H.R. Bloodengutz,0,closed
2026-09-12T14:15:57.766306-04:00,2026-09-12,Hellraiser,10,open
2026-09-12T14:15:57.766306-04:00,2026-09-12,INVASION,0,closed
2026-09-12T14:15:57.766306-04:00,2026-09-12,Jack & Oddfellow,20,open
2026-09-12T14:15:57.766306-04:00,2026-09-12,MADLANDS,0,closed
2026-09-12T14:15:57.766306-04:00,2026-09-12,Ozzy Osbourne,0,closed
2026-09-12T14:15:57.766306-04:00,2026-09-12,Sinners,0,closed
2026-09-12T14:15:57.766306-04:00,2026-09-12,Stranger Things 5,20,open
2026-09-12T14:29:56.787202-04:00,2026-09-12,Cybergoria,0,closed
2026-09-12T14:29:56.787202-04:00,2026-09-12,Evil Dead Burn,0,closed
2026-09-12T14:29:56.787202-04:00,2026-09-12,H.R. Bloodengutz,0,closed
2026-09-12T14:29:56.787202-04:00,2026-09-12,Hellraiser,10,open
2026-09-12T14:29:56.787202-04:00,2026-09-12,INVASION,0,closed
2026-09-12T14:29:56.787202-04:00,2026-09-12,Jack & Oddfellow,20,open
2026-09-12T14:29:56.787202-04:00,2026-09-12,MADLANDS,0,closed
2026-09-12T14:29:56.787202-04:00,2026-09-12,Ozzy Osbourne,0,closed
2026-09-12T14:29:56.787202-04:00,2026-09-12,Sinners,0,closed
2026-09-12T14:29:56.787202-04:00,2026-09-12,Stranger Things 5,15,open
2026-09-12T14:41:45.939416-04:00,2026-09-12,Cybergoria,0,closed
2026-09-12T14:41:45.939416-04:00,2026-09-12,Evil Dead Burn,0,closed
2026-09-12T14:41:45.939416-04:00,2026-09-12,H.R. Bloodengutz,0,closed
2026-09-12T14:41:45.939416-04:00,2026-09-12,Hellraiser,10,open
2026-09-12T14:41:45.939416-04:00,2026-09-12,INVASION,0,closed
2026-09-12T14:41:45.939416-04:00,2026-09-12,Jack & Oddfellow,45,open
2026-09-12T14:41:45.939416-04:00,2026-09-12,MADLANDS,0,closed
2026-09-12T14:41:45.939416-04:00,2026-09-12,Ozzy Osbourne,0,closed
2026-09-12T14:41:45.939416-04:00,2026-09-12,Sinners,0,closed
2026-09-12T14:41:45.939416-04:00,2026-09-12,Stranger Things 5,60,open
2026-09-12T14:50:31.418684-04:00,2026-09-12,Cybergoria,0,closed
2026-09-12T14:50:31.418684-04:00,2026-09-12,Evil Dead Burn,0,closed
2026-09-12T14:50:31.418684-04:00,2026-09-12,H.R. Bloodengutz,0,closed
2026-09-12T14:50:31.418684-04:00,2026-09-12,Hellraiser,15,open
2026-09-12T14:50:31.418684-04:00,2026-09-12,INVASION,0,closed
2026-09-12T14:50:31.418684-04:00,2026-09-12,Jack & Oddfellow,45,open
2026-09-12T14:50:31.418684-04:00,2026-09-12,MADLANDS,0,closed
2026-09-12T14:50:31.418684-04:00,2026-09-12,Ozzy Osbourne,0,closed
2026-09-12T14:50:31.418684-04:00,2026-09-12,Sinners,0,closed
2026-09-12T14:50:31.418684-04:00,2026-09-12,Stranger Things 5,60,open
2026-09-12T14:58:35.014769-04:00,2026-09-12,Cybergoria,0,closed
2026-09-12T14:58:35.014769-04:00,2026-09-12,Evil Dead Burn,0,closed
2026-09-12T14:58:35.014769-04:00,2026-09-12,H.R. Bloodengutz,0,closed
2026-09-12T14:58:35.014769-04:00,2026-09-12,Hellraiser,15,open
2026-09-12T14:58:35.014769-04:00,2026-09-12,INVASION,0,closed
2026-09-12T14:58:35.014769-04:00,2026-09-12,Jack & Oddfellow,45,open
2026-09-12T14:58:35.014769-04:00,2026-09-12,MADLANDS,0,closed
2026-09-12T14:58:35.014769-04:00,2026-09-12,Ozzy Osbourne,0,closed
2026-09-12T14:58:35.014769-04:00,2026-09-12,Sinners,0,closed
2026-09-12T14:58:35.014769-04:00,2026-09-12,Stranger Things 5,45,open
2026-09-12T15:10:31.900731-04:00,2026-09-12,Cybergoria,0,closed
2026-09-12T15:10:31.900731-04:00,2026-09-12,Evil Dead Burn,0,closed
2026-09-12T15:10:31.900731-04:00,2026-09-12,H.R. Bloodengutz,0,closed
2026-09-12T15:10:31.900731-04:00,2026-09-12,Hellraiser,35,open
2026-09-12T15:10:31.900731-04:00,2026-09-12,INVASION,0,closed
2026-09-12T15:10:31.900731-04:00,2026-09-12,Jack & Oddfellow,35,open
2026-09-12T15:10:31.900731-04:00,2026-09-12,MADLANDS,0,closed
2026-09-12T15:10:31.900731-04:00,2026-09-12,Ozzy Osbourne,0,closed
2026-09-12T15:10:31.900731-04:00,2026-09-12,Sinners,0,closed
2026-09-12T15:10:31.900731-04:00,2026-09-12,Stranger Things 5,30,open
2026-09-12T15:21:37.038975-04:00,2026-09-12,Cybergoria,0,closed
2026-09-12T15:21:37.038975-04:00,2026-09-12,Evil Dead Burn,0,closed
2026-09-12T15:21:37.038975-04:00,2026-09-12,H.R. Bloodengutz,0,closed
2026-09-12T15:21:37.038975-04:00,2026-09-12,Hellraiser,35,open
2026-09-12T15:21:37.038975-04:00,2026-09-12,INVASION,0,closed
2026-09-12T15:21:37.038975-04:00,2026-09-12,Jack & Oddfellow,35,open
2026-09-12T15:21:37.038975-04:00,2026-09-12,MADLANDS,0,closed
2026-09-12T15:21:37.038975-04:00,2026-09-12,Ozzy Osbourne,0,closed
2026-09-12T15:21:37.038975-04:00,2026-09-12,Sinners,0,closed
2026-09-12T15:21:37.038975-04:00,2026-09-12,Stranger Things 5,30,open
2026-09-12T15:29:44.456045-04:00,2026-09-12,Cybergoria,0,closed
2026-09-12T15:29:44.456045-04:00,2026-09-12,Evil Dead Burn,0,closed
2026-09-12T15:29:44.456045-04:00,2026-09-12,H.R. Bloodengutz,0,closed
2026-09-12T15:29:44.456045-04:00,2026-09-12,Hellraiser,80,open
2026-09-12T15:29:44.456045-04:00,2026-09-12,INVASION,0,closed
2026-09-12T15:29:44.456045-04:00,2026-09-12,Jack & Oddfellow,25,open
2026-09-12T15:29:44.456045-04:00,2026-09-12,MADLANDS,0,closed
2026-09-12T15:29:44.456045-04:00,2026-09-12,Ozzy Osbourne,0,closed
2026-09-12T15:29:44.456045-04:00,2026-09-12,Sinners,0,closed
2026-09-12T15:29:44.456045-04:00,2026-09-12,Stranger Things 5,30,open
2026-09-12T15:39:56.443751-04:00,2026-09-12,Cybergoria,0,closed
2026-09-12T15:39:56.443751-04:00,2026-09-12,Evil Dead Burn,0,closed
2026-09-12T15:39:56.443751-04:00,2026-09-12,H.R. Bloodengutz,0,closed
2026-09-12T15:39:56.443751-04:00,2026-09-12,Hellraiser,80,open
2026-09-12T15:39:56.443751-04:00,2026-09-12,INVASION,0,closed
2026-09-12T15:39:56.443751-04:00,2026-09-12,Jack & Oddfellow,25,open
2026-09-12T15:39:56.443751-04:00,2026-09-12,MADLANDS,0,closed
2026-09-12T15:39:56.443751-04:00,2026-09-12,Ozzy Osbourne,0,closed
2026-09-12T15:39:56.443751-04:00,2026-09-12,Sinners,0,closed
2026-09-12T15:39:56.443751-04:00,2026-09-12,Stranger Things 5,25,open
2026-09-12T15:48:06.480267-04:00,2026-09-12,Cybergoria,0,closed
2026-09-12T15:48:06.480267-04:00,2026-09-12,Evil Dead Burn,0,closed
2026-09-12T15:48:06.480267-04:00,2026-09-12,H.R. Bloodengutz,0,closed
2026-09-12T15:48:06.480267-04:00,2026-09-12,Hellraiser,65,open
2026-09-12T15:48:06.480267-04:00,2026-09-12,INVASION,0,closed
2026-09-12T15:48:06.480267-04:00,2026-09-12,Jack & Oddfellow,45,open
2026-09-12T15:48:06.480267-04:00,2026-09-12,MADLANDS,0,closed
2026-09-12T15:48:06.480267-04:00,2026-09-12,Ozzy Osbourne,0,closed
2026-09-12T15:48:06.480267-04:00,2026-09-12,Sinners,0,closed
2026-09-12T15:48:06.480267-04:00,2026-09-12,Stranger Things 5,25,open
2026-09-12T15:56:02.184606-04:00,2026-09-12,Cybergoria,0,closed
2026-09-12T15:56:02.184606-04:00,2026-09-12,Evil Dead Burn,0,closed
2026-09-12T15:56:02.184606-04:00,2026-09-12,H.R. Bloodengutz,0,closed
2026-09-12T15:56:02.184606-04:00,2026-09-12,Hellraiser,65,open
2026-09-12T15:56:02.184606-04:00,2026-09-12,INVASION,0,closed
2026-09-12T15:56:02.184606-04:00,2026-09-12,Jack & Oddfellow,45,open
2026-09-12T15:56:02.184606-04:00,2026-09-12,MADLANDS,0,closed
2026-09-12T15:56:02.184606-04:00,2026-09-12,Ozzy Osbourne,0,closed
2026-09-12T15:56:02.184606-04:00,2026-09-12,Sinners,0,closed
2026-09-12T15:56:02.184606-04:00,2026-09-12,Stranger Things 5,25,open
2026-09-12T16:07:11.669333-04:00,2026-09-12,Cybergoria,0,closed
2026-09-12T16:07:11.669333-04:00,2026-09-12,Evil Dead Burn,0,closed
2026-09-12T16:07:11.669333-04:00,2026-09-12,H.R. Bloodengutz,0,closed
2026-09-12T16:07:11.669333-04:00,2026-09-12,Hellraiser,65,open
2026-09-12T16:07:11.669333-04:00,2026-09-12,INVASION,0,closed
2026-09-12T16:07:11.669333-04:00,2026-09-12,Jack & Oddfellow,35,open
2026-09-12T16:07:11.669333-04:00,2026-09-12,MADLANDS,0,closed
2026-09-12T16:07:11.669333-04:00,2026-09-12,Ozzy Osbourne,0,closed
2026-09-12T16:07:11.669333-04:00,2026-09-12,Sinners,0,closed
2026-09-12T16:07:11.669333-04:00,2026-09-12,Stranger Things 5,30,open
2026-09-12T16:22:01.856614-04:00,2026-09-12,Cybergoria,0,closed
2026-09-12T16:22:01.856614-04:00,2026-09-12,Evil Dead Burn,0,closed
2026-09-12T16:22:01.856614-04:00,2026-09-12,H.R. Bloodengutz,0,closed
2026-09-12T16:22:01.856614-04:00,2026-09-12,Hellraiser,65,open
2026-09-12T16:22:01.856614-04:00,2026-09-12,INVASION,0,closed
2026-09-12T16:22:01.856614-04:00,2026-09-12,Jack & Oddfellow,35,open
2026-09-12T16:22:01.856614-04:00,2026-09-12,MADLANDS,0,closed
2026-09-12T16:22:01.856614-04:00,2026-09-12,Ozzy Osbourne,0,closed
2026-09-12T16:22:01.856614-04:00,2026-09-12,Sinners,0,closed
2026-09-12T16:22:01.856614-04:00,2026-09-12,Stranger Things 5,30,open
2026-09-12T16:37:27.887156-04:00,2026-09-12,Cybergoria,0,closed
2026-09-12T16:37:27.887156-04:00,2026-09-12,Evil Dead Burn,0,closed
2026-09-12T16:37:27.887156-04:00,2026-09-12,H.R. Bloodengutz,0,closed
2026-09-12T16:37:27.887156-04:00,2026-09-12,Hellraiser,10,open
2026-09-12T16:37:27.887156-04:00,2026-09-12,INVASION,0,closed
2026-09-12T16:37:27.887156-04:00,2026-09-12,Jack & Oddfellow,30,open
2026-09-12T16:37:27.887156-04:00,2026-09-12,MADLANDS,0,closed
2026-09-12T16:37:27.887156-04:00,2026-09-12,Ozzy Osbourne,0,closed
2026-09-12T16:37:27.887156-04:00,2026-09-12,Sinners,0,closed
2026-09-12T16:37:27.887156-04:00,2026-09-12,Stranger Things 5,30,open
2026-09-12T16:47:03.990320-04:00,2026-09-12,Cybergoria,0,closed
2026-09-12T16:47:03.990320-04:00,2026-09-12,Evil Dead Burn,0,closed
2026-09-12T16:47:03.990320-04:00,2026-09-12,H.R. Bloodengutz,0,closed
2026-09-12T16:47:03.990320-04:00,2026-09-12,Hellraiser,10,open
2026-09-12T16:47:03.990320-04:00,2026-09-12,INVASION,0,closed
2026-09-12T16:47:03.990320-04:00,2026-09-12,Jack & Oddfellow,30,open
2026-09-12T16:47:03.990320-04:00,2026-09-12,MADLANDS,0,closed
2026-09-12T16:47:03.990320-04:00,2026-09-12,Ozzy Osbourne,0,closed
2026-09-12T16:47:03.990320-04:00,2026-09-12,Sinners,0,closed
2026-09-12T16:47:03.990320-04:00,2026-09-12,Stranger Things 5,30,open
2026-09-12T16:56:45.166414-04:00,2026-09-12,Cybergoria,0,closed
2026-09-12T16:56:45.166414-04:00,2026-09-12,Evil Dead Burn,0,closed
2026-09-12T16:56:45.166414-04:00,2026-09-12,H.R. Bloodengutz,0,closed
2026-09-12T16:56:45.166414-04:00,2026-09-12,Hellraiser,10,open
2026-09-12T16:56:45.166414-04:00,2026-09-12,INVASION,0,closed
2026-09-12T16:56:45.166414-04:00,2026-09-12,Jack & Oddfellow,30,open
2026-09-12T16:56:45.166414-04:00,2026-09-12,MADLANDS,0,closed
2026-09-12T16:56:45.166414-04:00,2026-09-12,Ozzy Osbourne,0,closed
2026-09-12T16:56:45.166414-04:00,2026-09-12,Sinners,0,closed
2026-09-12T16:56:45.166414-04:00,2026-09-12,Stranger Things 5,20,open
2026-09-12T17:08:17.595987-04:00,2026-09-12,Cybergoria,0,closed
2026-09-12T17:08:17.595987-04:00,2026-09-12,Evil Dead Burn,0,closed
2026-09-12T17:08:17.595987-04:00,2026-09-12,H.R. Bloodengutz,0,closed
2026-09-12T17:08:17.595987-04:00,2026-09-12,Hellraiser,20,open
2026-09-12T17:08:17.595987-04:00,2026-09-12,INVASION,0,closed
2026-09-12T17:08:17.595987-04:00,2026-09-12,Jack & Oddfellow,30,open
2026-09-12T17:08:17.595987-04:00,2026-09-12,MADLANDS,0,closed
2026-09-12T17:08:17.595987-04:00,2026-09-12,Ozzy Osbourne,0,closed
2026-09-12T17:08:17.595987-04:00,2026-09-12,Sinners,0,closed
2026-09-12T17:08:17.595987-04:00,2026-09-12,Stranger Things 5,5,open
2026-09-12T17:21:34.579772-04:00,2026-09-12,Cybergoria,0,closed
2026-09-12T17:21:34.579772-04:00,2026-09-12,Evil Dead Burn,0,closed
2026-09-12T17:21:34.579772-04:00,2026-09-12,H.R. Bloodengutz,0,closed
2026-09-12T17:21:34.579772-04:00,2026-09-12,Hellraiser,20,open
2026-09-12T17:21:34.579772-04:00,2026-09-12,INVASION,0,closed
2026-09-12T17:21:34.579772-04:00,2026-09-12,Jack & Oddfellow,30,open
2026-09-12T17:21:34.579772-04:00,2026-09-12,MADLANDS,0,closed
2026-09-12T17:21:34.579772-04:00,2026-09-12,Ozzy Osbourne,0,closed
2026-09-12T17:21:34.579772-04:00,2026-09-12,Sinners,0,closed
2026-09-12T17:21:34.579772-04:00,2026-09-12,Stranger Things 5,5,open
2026-09-12T17:31:49.046776-04:00,2026-09-12,Cybergoria,0,closed
2026-09-12T17:31:49.046776-04:00,2026-09-12,Evil Dead Burn,0,closed
2026-09-12T17:31:49.046776-04:00,2026-09-12,H.R. Bloodengutz,0,closed
2026-09-12T17:31:49.046776-04:00,2026-09-12,Hellraiser,35,open
2026-09-12T17:31:49.046776-04:00,2026-09-12,INVASION,0,closed
2026-09-12T17:31:49.046776-04:00,2026-09-12,Jack & Oddfellow,25,open
2026-09-12T17:31:49.046776-04:00,2026-09-12,MADLANDS,0,closed
2026-09-12T17:31:49.046776-04:00,2026-09-12,Ozzy Osbourne,120,open
2026-09-12T17:31:49.046776-04:00,2026-09-12,Sinners,120,open
2026-09-12T17:31:49.046776-04:00,2026-09-12,Stranger Things 5,5,open
2026-09-12T17:42:31.434063-04:00,2026-09-12,Cybergoria,0,closed
2026-09-12T17:42:31.434063-04:00,2026-09-12,Evil Dead Burn,0,closed
2026-09-12T17:42:31.434063-04:00,2026-09-12,H.R. Bloodengutz,0,closed
2026-09-12T17:42:31.434063-04:00,2026-09-12,Hellraiser,35,open
2026-09-12T17:42:31.434063-04:00,2026-09-12,INVASION,0,closed
2026-09-12T17:42:31.434063-04:00,2026-09-12,Jack & Oddfellow,15,open
2026-09-12T17:42:31.434063-04:00,2026-09-12,MADLANDS,0,closed
2026-09-12T17:42:31.434063-04:00,2026-09-12,Ozzy Osbourne,120,open
2026-09-12T17:42:31.434063-04:00,2026-09-12,Sinners,140,open
2026-09-12T17:42:31.434063-04:00,2026-09-12,Stranger Things 5,5,open
2026-09-12T17:50:45.216472-04:00,2026-09-12,Cybergoria,25,open
2026-09-12T17:50:45.216472-04:00,2026-09-12,Evil Dead Burn,0,closed
2026-09-12T17:50:45.216472-04:00,2026-09-12,H.R. Bloodengutz,0,closed
2026-09-12T17:50:45.216472-04:00,2026-09-12,Hellraiser,15,open
2026-09-12T17:50:45.216472-04:00,2026-09-12,INVASION,0,closed
2026-09-12T17:50:45.216472-04:00,2026-09-12,Jack & Oddfellow,15,open
2026-09-12T17:50:45.216472-04:00,2026-09-12,MADLANDS,0,closed
2026-09-12T17:50:45.216472-04:00,2026-09-12,Ozzy Osbourne,120,open
2026-09-12T17:50:45.216472-04:00,2026-09-12,Sinners,85,open
2026-09-12T17:50:45.216472-04:00,2026-09-12,Stranger Things 5,5,open
2026-09-12T17:59:03.730094-04:00,2026-09-12,Cybergoria,25,open
2026-09-12T17:59:03.730094-04:00,2026-09-12,Evil Dead Burn,20,open
2026-09-12T17:59:03.730094-04:00,2026-09-12,H.R. Bloodengutz,55,open
2026-09-12T17:59:03.730094-04:00,2026-09-12,Hellraiser,15,open
2026-09-12T17:59:03.730094-04:00,2026-09-12,INVASION,0,closed
2026-09-12T17:59:03.730094-04:00,2026-09-12,Jack & Oddfellow,5,open
2026-09-12T17:59:03.730094-04:00,2026-09-12,MADLANDS,0,closed
2026-09-12T17:59:03.730094-04:00,2026-09-12,Ozzy Osbourne,75,open
2026-09-12T17:59:03.730094-04:00,2026-09-12,Sinners,95,open
2026-09-12T17:59:03.730094-04:00,2026-09-12,Stranger Things 5,5,open
2026-09-12T18:13:10.163905-04:00,2026-09-12,Cybergoria,45,open
2026-09-12T18:13:10.163905-04:00,2026-09-12,Evil Dead Burn,15,open
2026-09-12T18:13:10.163905-04:00,2026-09-12,H.R. Bloodengutz,55,open
2026-09-12T18:13:10.163905-04:00,2026-09-12,Hellraiser,15,open
2026-09-12T18:13:10.163905-04:00,2026-09-12,INVASION,20,open
2026-09-12T18:13:10.163905-04:00,2026-09-12,Jack & Oddfellow,5,open
2026-09-12T18:13:10.163905-04:00,2026-09-12,MADLANDS,25,open
2026-09-12T18:13:10.163905-04:00,2026-09-12,Ozzy Osbourne,60,open
2026-09-12T18:13:10.163905-04:00,2026-09-12,Sinners,75,open
2026-09-12T18:13:10.163905-04:00,2026-09-12,Stranger Things 5,5,open
2026-09-12T18:24:51.167376-04:00,2026-09-12,Cybergoria,35,open
2026-09-12T18:24:51.167376-04:00,2026-09-12,Evil Dead Burn,25,open
2026-09-12T18:24:51.167376-04:00,2026-09-12,H.R. Bloodengutz,55,open
2026-09-12T18:24:51.167376-04:00,2026-09-12,Hellraiser,15,open
2026-09-12T18:24:51.167376-04:00,2026-09-12,INVASION,20,open
2026-09-12T18:24:51.167376-04:00,2026-09-12,Jack & Oddfellow,10,open
2026-09-12T18:24:51.167376-04:00,2026-09-12,MADLANDS,35,open
2026-09-12T18:24:51.167376-04:00,2026-09-12,Ozzy Osbourne,50,open
2026-09-12T18:24:51.167376-04:00,2026-09-12,Sinners,75,open
2026-09-12T18:24:51.167376-04:00,2026-09-12,Stranger Things 5,35,open
2026-09-12T18:35:45.924604-04:00,2026-09-12,Cybergoria,35,open
2026-09-12T18:35:45.924604-04:00,2026-09-12,Evil Dead Burn,25,open
2026-09-12T18:35:45.924604-04:00,2026-09-12,H.R. Bloodengutz,40,open
2026-09-12T18:35:45.924604-04:00,2026-09-12,Hellraiser,15,open
2026-09-12T18:35:45.924604-04:00,2026-09-12,INVASION,35,open
2026-09-12T18:35:45.924604-04:00,2026-09-12,Jack & Oddfellow,30,open
2026-09-12T18:35:45.924604-04:00,2026-09-12,MADLANDS,40,open
2026-09-12T18:35:45.924604-04:00,2026-09-12,Ozzy Osbourne,65,open
2026-09-12T18:35:45.924604-04:00,2026-09-12,Sinners,75,open
2026-09-12T18:35:45.924604-04:00,2026-09-12,Stranger Things 5,35,open
2026-09-12T18:45:52.435935-04:00,2026-09-12,Cybergoria,35,open
2026-09-12T18:45:52.435935-04:00,2026-09-12,Evil Dead Burn,45,open
2026-09-12T18:45:52.435935-04:00,2026-09-12,H.R. Bloodengutz,30,open
2026-09-12T18:45:52.435935-04:00,2026-09-12,Hellraiser,15,open
2026-09-12T18:45:52.435935-04:00,2026-09-12,INVASION,55,open
2026-09-12T18:45:52.435935-04:00,2026-09-12,Jack & Oddfellow,35,open
2026-09-12T18:45:52.435935-04:00,2026-09-12,MADLANDS,30,open
2026-09-12T18:45:52.435935-04:00,2026-09-12,Ozzy Osbourne,65,open
2026-09-12T18:45:52.435935-04:00,2026-09-12,Sinners,30,open
2026-09-12T18:45:52.435935-04:00,2026-09-12,Stranger Things 5,35,open
2026-09-12T18:53:25.759227-04:00,2026-09-12,Cybergoria,45,open
2026-09-12T18:53:25.759227-04:00,2026-09-12,Evil Dead Burn,45,open
2026-09-12T18:53:25.759227-04:00,2026-09-12,H.R. Bloodengutz,55,open
2026-09-12T18:53:25.759227-04:00,2026-09-12,Hellraiser,15,open
2026-09-12T18:53:25.759227-04:00,2026-09-12,INVASION,75,open
2026-09-12T18:53:25.759227-04:00,2026-09-12,Jack & Oddfellow,35,open
2026-09-12T18:53:25.759227-04:00,2026-09-12,MADLANDS,30,open
2026-09-12T18:53:25.759227-04:00,2026-09-12,Ozzy Osbourne,90,open
2026-09-12T18:53:25.759227-04:00,2026-09-12,Sinners,55,open
2026-09-12T18:53:25.759227-04:00,2026-09-12,Stranger Things 5,60,open
2026-09-12T19:02:02.626394-04:00,2026-09-12,Cybergoria,45,open
2026-09-12T19:02:02.626394-04:00,2026-09-12,Evil Dead Burn,45,open
2026-09-12T19:02:02.626394-04:00,2026-09-12,H.R. Bloodengutz,55,open
2026-09-12T19:02:02.626394-04:00,2026-09-12,Hellraiser,15,open
2026-09-12T19:02:02.626394-04:00,2026-09-12,INVASION,75,open
2026-09-12T19:02:02.626394-04:00,2026-09-12,Jack & Oddfellow,35,open
2026-09-12T19:02:02.626394-04:00,2026-09-12,MADLANDS,40,open
2026-09-12T19:02:02.626394-04:00,2026-09-12,Ozzy Osbourne,120,open
2026-09-12T19:02:02.626394-04:00,2026-09-12,Sinners,65,open
2026-09-12T19:02:02.626394-04:00,2026-09-12,Stranger Things 5,60,open
2026-09-12T19:16:42.140154-04:00,2026-09-12,Cybergoria,55,open
2026-09-12T19:16:42.140154-04:00,2026-09-12,Evil Dead Burn,35,open
2026-09-12T19:16:42.140154-04:00,2026-09-12,H.R. Bloodengutz,65,open
2026-09-12T19:16:42.140154-04:00,2026-09-12,Hellraiser,45,open
2026-09-12T19:16:42.140154-04:00,2026-09-12,INVASION,60,open
2026-09-12T19:16:42.140154-04:00,2026-09-12,Jack & Oddfellow,35,open
2026-09-12T19:16:42.140154-04:00,2026-09-12,MADLANDS,90,open
2026-09-12T19:16:42.140154-04:00,2026-09-12,Ozzy Osbourne,150,open
2026-09-12T19:16:42.140154-04:00,2026-09-12,Sinners,85,open
2026-09-12T19:16:42.140154-04:00,2026-09-12,Stranger Things 5,60,open
2026-09-12T19:27:30.301828-04:00,2026-09-12,Cybergoria,45,open
2026-09-12T19:27:30.301828-04:00,2026-09-12,Evil Dead Burn,55,open
2026-09-12T19:27:30.301828-04:00,2026-09-12,H.R. Bloodengutz,75,open
2026-09-12T19:27:30.301828-04:00,2026-09-12,Hellraiser,45,open
2026-09-12T19:27:30.301828-04:00,2026-09-12,INVASION,55,open
2026-09-12T19:27:30.301828-04:00,2026-09-12,Jack & Oddfellow,40,open
2026-09-12T19:27:30.301828-04:00,2026-09-12,MADLANDS,90,open
2026-09-12T19:27:30.301828-04:00,2026-09-12,Ozzy Osbourne,150,open
2026-09-12T19:27:30.301828-04:00,2026-09-12,Sinners,85,open
2026-09-12T19:27:30.301828-04:00,2026-09-12,Stranger Things 5,50,open
2026-09-12T19:37:21.369785-04:00,2026-09-12,Cybergoria,45,open
2026-09-12T19:37:21.369785-04:00,2026-09-12,Evil Dead Burn,65,open
2026-09-12T19:37:21.369785-04:00,2026-09-12,H.R. Bloodengutz,90,open
2026-09-12T19:37:21.369785-04:00,2026-09-12,Hellraiser,45,open
2026-09-12T19:37:21.369785-04:00,2026-09-12,INVASION,55,open
2026-09-12T19:37:21.369785-04:00,2026-09-12,Jack & Oddfellow,40,open
2026-09-12T19:37:21.369785-04:00,2026-09-12,MADLANDS,110,open
2026-09-12T19:37:21.369785-04:00,2026-09-12,Ozzy Osbourne,105,open
2026-09-12T19:37:21.369785-04:00,2026-09-12,Sinners,85,open
2026-09-12T19:37:21.369785-04:00,2026-09-12,Stranger Things 5,50,open
2026-09-12T19:45:13.249294-04:00,2026-09-12,Cybergoria,60,open
2026-09-12T19:45:13.249294-04:00,2026-09-12,Evil Dead Burn,65,open
2026-09-12T19:45:13.249294-04:00,2026-09-12,H.R. Bloodengutz,90,open
2026-09-12T19:45:13.249294-04:00,2026-09-12,Hellraiser,45,open
2026-09-12T19:45:13.249294-04:00,2026-09-12,INVASION,40,open
2026-09-12T19:45:13.249294-04:00,2026-09-12,Jack & Oddfellow,50,open
2026-09-12T19:45:13.249294-04:00,2026-09-12,MADLANDS,110,open
2026-09-12T19:45:13.249294-04:00,2026-09-12,Ozzy Osbourne,105,open
2026-09-12T19:45:13.249294-04:00,2026-09-12,Sinners,85,open
2026-09-12T19:45:13.249294-04:00,2026-09-12,Stranger Things 5,50,open
2026-09-12T19:53:06.137273-04:00,2026-09-12,Cybergoria,60,open
2026-09-12T19:53:06.137273-04:00,2026-09-12,Evil Dead Burn,75,open
2026-09-12T19:53:06.137273-04:00,2026-09-12,H.R. Bloodengutz,90,open
2026-09-12T19:53:06.137273-04:00,2026-09-12,Hellraiser,45,open
2026-09-12T19:53:06.137273-04:00,2026-09-12,INVASION,40,open
2026-09-12T19:53:06.137273-04:00,2026-09-12,Jack & Oddfellow,50,open
2026-09-12T19:53:06.137273-04:00,2026-09-12,MADLANDS,70,open
2026-09-12T19:53:06.137273-04:00,2026-09-12,Ozzy Osbourne,105,open
2026-09-12T19:53:06.137273-04:00,2026-09-12,Sinners,65,open
2026-09-12T19:53:06.137273-04:00,2026-09-12,Stranger Things 5,50,open
2026-09-12T20:02:01.202864-04:00,2026-09-12,Cybergoria,70,open
2026-09-12T20:02:01.202864-04:00,2026-09-12,Evil Dead Burn,75,open
2026-09-12T20:02:01.202864-04:00,2026-09-12,H.R. Bloodengutz,90,open
2026-09-12T20:02:01.202864-04:00,2026-09-12,Hellraiser,45,open
2026-09-12T20:02:01.202864-04:00,2026-09-12,INVASION,40,open
2026-09-12T20:02:01.202864-04:00,2026-09-12,Jack & Oddfellow,50,open
2026-09-12T20:02:01.202864-04:00,2026-09-12,MADLANDS,60,open
2026-09-12T20:02:01.202864-04:00,2026-09-12,Ozzy Osbourne,105,open
2026-09-12T20:02:01.202864-04:00,2026-09-12,Sinners,65,open
2026-09-12T20:02:01.202864-04:00,2026-09-12,Stranger Things 5,50,open
2026-09-12T20:26:19.732376-04:00,2026-09-12,Cybergoria,70,open
2026-09-12T20:26:19.732376-04:00,2026-09-12,Evil Dead Burn,55,open
2026-09-12T20:26:19.732376-04:00,2026-09-12,H.R. Bloodengutz,95,open
2026-09-12T20:26:19.732376-04:00,2026-09-12,Hellraiser,90,open
2026-09-12T20:26:19.732376-04:00,2026-09-12,INVASION,65,open
2026-09-12T20:26:19.732376-04:00,2026-09-12,Jack & Oddfellow,75,open
2026-09-12T20:26:19.732376-04:00,2026-09-12,MADLANDS,60,open
2026-09-12T20:26:19.732376-04:00,2026-09-12,Ozzy Osbourne,100,open
2026-09-12T20:26:19.732376-04:00,2026-09-12,Sinners,135,open
2026-09-12T20:26:19.732376-04:00,2026-09-12,Stranger Things 5,60,open
2026-09-12T20:42:35.657562-04:00,2026-09-12,Cybergoria,85,open
2026-09-12T20:42:35.657562-04:00,2026-09-12,Evil Dead Burn,55,open
2026-09-12T20:42:35.657562-04:00,2026-09-12,H.R. Bloodengutz,95,open
2026-09-12T20:42:35.657562-04:00,2026-09-12,Hellraiser,150,open
2026-09-12T20:42:35.657562-04:00,2026-09-12,INVASION,75,open
2026-09-12T20:42:35.657562-04:00,2026-09-12,Jack & Oddfellow,75,open
2026-09-12T20:42:35.657562-04:00,2026-09-12,MADLANDS,60,open
2026-09-12T20:42:35.657562-04:00,2026-09-12,Ozzy Osbourne,85,open
2026-09-12T20:42:35.657562-04:00,2026-09-12,Sinners,150,open
2026-09-12T20:42:35.657562-04:00,2026-09-12,Stranger Things 5,50,open
2026-09-12T20:55:10.349147-04:00,2026-09-12,Cybergoria,140,open
2026-09-12T20:55:10.349147-04:00,2026-09-12,Evil Dead Burn,55,open
2026-09-12T20:55:10.349147-04:00,2026-09-12,H.R. Bloodengutz,95,open
2026-09-12T20:55:10.349147-04:00,2026-09-12,Hellraiser,150,open
2026-09-12T20:55:10.349147-04:00,2026-09-12,INVASION,65,open
2026-09-12T20:55:10.349147-04:00,2026-09-12,Jack & Oddfellow,60,open
2026-09-12T20:55:10.349147-04:00,2026-09-12,MADLANDS,45,open
2026-09-12T20:55:10.349147-04:00,2026-09-12,Ozzy Osbourne,60,open
2026-09-12T20:55:10.349147-04:00,2026-09-12,Sinners,150,open
2026-09-12T20:55:10.349147-04:00,2026-09-12,Stranger Things 5,50,open
2026-09-12T21:05:07.644207-04:00,2026-09-12,Cybergoria,120,open
2026-09-12T21:05:07.644207-04:00,2026-09-12,Evil Dead Burn,45,open
2026-09-12T21:05:07.644207-04:00,2026-09-12,H.R. Bloodengutz,95,open
2026-09-12T21:05:07.644207-04:00,2026-09-12,Hellraiser,120,open
2026-09-12T21:05:07.644207-04:00,2026-09-12,INVASION,65,open
2026-09-12T21:05:07.644207-04:00,2026-09-12,Jack & Oddfellow,40,open
2026-09-12T21:05:07.644207-04:00,2026-09-12,MADLANDS,40,open
2026-09-12T21:05:07.644207-04:00,2026-09-12,Ozzy Osbourne,80,open
2026-09-12T21:05:07.644207-04:00,2026-09-12,Sinners,150,open
2026-09-12T21:05:07.644207-04:00,2026-09-12,Stranger Things 5,50,open
2026-09-12T21:18:17.955220-04:00,2026-09-12,Cybergoria,120,open
2026-09-12T21:18:17.955220-04:00,2026-09-12,Evil Dead Burn,0,closed
2026-09-12T21:18:17.955220-04:00,2026-09-12,H.R. Bloodengutz,65,open
2026-09-12T21:18:17.955220-04:00,2026-09-12,Hellraiser,90,open
2026-09-12T21:18:17.955220-04:00,2026-09-12,INVASION,45,open
2026-09-12T21:18:17.955220-04:00,2026-09-12,Jack & Oddfellow,40,open
2026-09-12T21:18:17.955220-04:00,2026-09-12,MADLANDS,55,open
2026-09-12T21:18:17.955220-04:00,2026-09-12,Ozzy Osbourne,95,open
2026-09-12T21:18:17.955220-04:00,2026-09-12,Sinners,150,open
2026-09-12T21:18:17.955220-04:00,2026-09-12,Stranger Things 5,40,open
2026-09-12T21:30:48.288434-04:00,2026-09-12,Cybergoria,100,open
2026-09-12T21:30:48.288434-04:00,2026-09-12,Evil Dead Burn,0,closed
2026-09-12T21:30:48.288434-04:00,2026-09-12,H.R. Bloodengutz,50,open
2026-09-12T21:30:48.288434-04:00,2026-09-12,Hellraiser,75,open
2026-09-12T21:30:48.288434-04:00,2026-09-12,INVASION,45,open
2026-09-12T21:30:48.288434-04:00,2026-09-12,Jack & Oddfellow,45,open
2026-09-12T21:30:48.288434-04:00,2026-09-12,MADLANDS,60,open
2026-09-12T21:30:48.288434-04:00,2026-09-12,Ozzy Osbourne,95,open
2026-09-12T21:30:48.288434-04:00,2026-09-12,Sinners,150,open
2026-09-12T21:30:48.288434-04:00,2026-09-12,Stranger Things 5,45,open
2026-09-12T21:43:11.358320-04:00,2026-09-12,Cybergoria,95,open
2026-09-12T21:43:11.358320-04:00,2026-09-12,Evil Dead Burn,0,closed
2026-09-12T21:43:11.358320-04:00,2026-09-12,H.R. Bloodengutz,65,open
2026-09-12T21:43:11.358320-04:00,2026-09-12,Hellraiser,75,open
2026-09-12T21:43:11.358320-04:00,2026-09-12,INVASION,45,open
2026-09-12T21:43:11.358320-04:00,2026-09-12,Jack & Oddfellow,60,open
2026-09-12T21:43:11.358320-04:00,2026-09-12,MADLANDS,70,open
2026-09-12T21:43:11.358320-04:00,2026-09-12,Ozzy Osbourne,95,open
2026-09-12T21:43:11.358320-04:00,2026-09-12,Sinners,105,open
2026-09-12T21:43:11.358320-04:00,2026-09-12,Stranger Things 5,65,open
2026-09-12T21:52:48.970348-04:00,2026-09-12,Cybergoria,110,open
2026-09-12T21:52:48.970348-04:00,2026-09-12,Evil Dead Burn,35,open
2026-09-12T21:52:48.970348-04:00,2026-09-12,H.R. Bloodengutz,65,open
2026-09-12T21:52:48.970348-04:00,2026-09-12,Hellraiser,75,open
2026-09-12T21:52:48.970348-04:00,2026-09-12,INVASION,75,open
2026-09-12T21:52:48.970348-04:00,2026-09-12,Jack & Oddfellow,60,open
2026-09-12T21:52:48.970348-04:00,2026-09-12,MADLANDS,60,open
2026-09-12T21:52:48.970348-04:00,2026-09-12,Ozzy Osbourne,95,open
2026-09-12T21:52:48.970348-04:00,2026-09-12,Sinners,105,open
2026-09-12T21:52:48.970348-04:00,2026-09-12,Stranger Things 5,80,open
2026-09-12T22:01:08.055948-04:00,2026-09-12,Cybergoria,90,open
2026-09-12T22:01:08.055948-04:00,2026-09-12,Evil Dead Burn,35,open
2026-09-12T22:01:08.055948-04:00,2026-09-12,H.R. Bloodengutz,75,open
2026-09-12T22:01:08.055948-04:00,2026-09-12,Hellraiser,75,open
2026-09-12T22:01:08.055948-04:00,2026-09-12,INVASION,75,open
2026-09-12T22:01:08.055948-04:00,2026-09-12,Jack & Oddfellow,60,open
2026-09-12T22:01:08.055948-04:00,2026-09-12,MADLANDS,60,open
2026-09-12T22:01:08.055948-04:00,2026-09-12,Ozzy Osbourne,95,open
2026-09-12T22:01:08.055948-04:00,2026-09-12,Sinners,130,open
2026-09-12T22:01:08.055948-04:00,2026-09-12,Stranger Things 5,70,open
2026-09-12T22:17:33.399657-04:00,2026-09-12,Cybergoria,80,open
2026-09-12T22:17:33.399657-04:00,2026-09-12,Evil Dead Burn,40,open
2026-09-12T22:17:33.399657-04:00,2026-09-12,H.R. Bloodengutz,105,open
2026-09-12T22:17:33.399657-04:00,2026-09-12,Hellraiser,75,open
2026-09-12T22:17:33.399657-04:00,2026-09-12,INVASION,65,open
2026-09-12T22:17:33.399657-04:00,2026-09-12,Jack & Oddfellow,75,open
2026-09-12T22:17:33.399657-04:00,2026-09-12,MADLANDS,60,open
2026-09-12T22:17:33.399657-04:00,2026-09-12,Ozzy Osbourne,75,open
2026-09-12T22:17:33.399657-04:00,2026-09-12,Sinners,130,open
2026-09-12T22:17:33.399657-04:00,2026-09-12,Stranger Things 5,40,open
2026-09-12T22:31:07.121541-04:00,2026-09-12,Cybergoria,70,open
2026-09-12T22:31:07.121541-04:00,2026-09-12,Evil Dead Burn,55,open
2026-09-12T22:31:07.121541-04:00,2026-09-12,H.R. Bloodengutz,105,open
2026-09-12T22:31:07.121541-04:00,2026-09-12,Hellraiser,75,open
2026-09-12T22:31:07.121541-04:00,2026-09-12,INVASION,65,open
2026-09-12T22:31:07.121541-04:00,2026-09-12,Jack & Oddfellow,65,open
2026-09-12T22:31:07.121541-04:00,2026-09-12,MADLANDS,55,open
2026-09-12T22:31:07.121541-04:00,2026-09-12,Ozzy Osbourne,75,open
2026-09-12T22:31:07.121541-04:00,2026-09-12,Sinners,130,open
2026-09-12T22:31:07.121541-04:00,2026-09-12,Stranger Things 5,50,open
2026-09-12T22:42:38.559530-04:00,2026-09-12,Cybergoria,70,open
2026-09-12T22:42:38.559530-04:00,2026-09-12,Evil Dead Burn,85,open
2026-09-12T22:42:38.559530-04:00,2026-09-12,H.R. Bloodengutz,105,open
2026-09-12T22:42:38.559530-04:00,2026-09-12,Hellraiser,75,open
2026-09-12T22:42:38.559530-04:00,2026-09-12,INVASION,55,open
2026-09-12T22:42:38.559530-04:00,2026-09-12,Jack & Oddfellow,55,open
2026-09-12T22:42:38.559530-04:00,2026-09-12,MADLANDS,60,open
2026-09-12T22:42:38.559530-04:00,2026-09-12,Ozzy Osbourne,75,open
2026-09-12T22:42:38.559530-04:00,2026-09-12,Sinners,110,open
2026-09-12T22:42:38.559530-04:00,2026-09-12,Stranger Things 5,60,open
2026-09-12T22:52:11.388228-04:00,2026-09-12,Cybergoria,70,open
2026-09-12T22:52:11.388228-04:00,2026-09-12,Evil Dead Burn,85,open
2026-09-12T22:52:11.388228-04:00,2026-09-12,H.R. Bloodengutz,85,open
2026-09-12T22:52:11.388228-04:00,2026-09-12,Hellraiser,75,open
2026-09-12T22:52:11.388228-04:00,2026-09-12,INVASION,45,open
2026-09-12T22:52:11.388228-04:00,2026-09-12,Jack & Oddfellow,55,open
2026-09-12T22:52:11.388228-04:00,2026-09-12,MADLANDS,60,open
2026-09-12T22:52:11.388228-04:00,2026-09-12,Ozzy Osbourne,85,open
2026-09-12T22:52:11.388228-04:00,2026-09-12,Sinners,95,open
2026-09-12T22:52:11.388228-04:00,2026-09-12,Stranger Things 5,60,open
2026-09-12T23:00:18.003464-04:00,2026-09-12,Cybergoria,80,open
2026-09-12T23:00:18.003464-04:00,2026-09-12,Evil Dead Burn,85,open
2026-09-12T23:00:18.003464-04:00,2026-09-12,H.R. Bloodengutz,85,open
2026-09-12T23:00:18.003464-04:00,2026-09-12,Hellraiser,50,open
2026-09-12T23:00:18.003464-04:00,2026-09-12,INVASION,45,open
2026-09-12T23:00:18.003464-04:00,2026-09-12,Jack & Oddfellow,55,open
2026-09-12T23:00:18.003464-04:00,2026-09-12,MADLANDS,60,open
2026-09-12T23:00:18.003464-04:00,2026-09-12,Ozzy Osbourne,85,open
2026-09-12T23:00:18.003464-04:00,2026-09-12,Sinners,95,open
2026-09-12T23:00:18.003464-04:00,2026-09-12,Stranger Things 5,60,open
2026-09-12T23:15:57.752632-04:00,2026-09-12,Cybergoria,60,open
2026-09-12T23:15:57.752632-04:00,2026-09-12,Evil Dead Burn,60,open
2026-09-12T23:15:57.752632-04:00,2026-09-12,H.R. Bloodengutz,85,open
2026-09-12T23:15:57.752632-04:00,2026-09-12,Hellraiser,60,open
2026-09-12T23:15:57.752632-04:00,2026-09-12,INVASION,45,open
2026-09-12T23:15:57.752632-04:00,2026-09-12,Jack & Oddfellow,55,open
2026-09-12T23:15:57.752632-04:00,2026-09-12,MADLANDS,45,open
2026-09-12T23:15:57.752632-04:00,2026-09-12,Ozzy Osbourne,100,open
2026-09-12T23:15:57.752632-04:00,2026-09-12,Sinners,95,open
2026-09-12T23:15:57.752632-04:00,2026-09-12,Stranger Things 5,60,open
2026-09-12T23:29:22.020801-04:00,2026-09-12,Cybergoria,60,open
2026-09-12T23:29:22.020801-04:00,2026-09-12,Evil Dead Burn,60,open
2026-09-12T23:29:22.020801-04:00,2026-09-12,H.R. Bloodengutz,50,open
2026-09-12T23:29:22.020801-04:00,2026-09-12,Hellraiser,60,open
2026-09-12T23:29:22.020801-04:00,2026-09-12,INVASION,50,open
2026-09-12T23:29:22.020801-04:00,2026-09-12,Jack & Oddfellow,55,open
2026-09-12T23:29:22.020801-04:00,2026-09-12,MADLANDS,45,open
2026-09-12T23:29:22.020801-04:00,2026-09-12,Ozzy Osbourne,125,open
2026-09-12T23:29:22.020801-04:00,2026-09-12,Sinners,95,open
2026-09-12T23:29:22.020801-04:00,2026-09-12,Stranger Things 5,45,open
2026-09-12T23:41:49.014714-04:00,2026-09-12,Cybergoria,60,open
2026-09-12T23:41:49.014714-04:00,2026-09-12,Evil Dead Burn,60,open
2026-09-12T23:41:49.014714-04:00,2026-09-12,H.R. Bloodengutz,40,open
2026-09-12T23:41:49.014714-04:00,2026-09-12,Hellraiser,60,open
2026-09-12T23:41:49.014714-04:00,2026-09-12,INVASION,45,open
2026-09-12T23:41:49.014714-04:00,2026-09-12,Jack & Oddfellow,55,open
2026-09-12T23:41:49.014714-04:00,2026-09-12,MADLANDS,45,open
2026-09-12T23:41:49.014714-04:00,2026-09-12,Ozzy Osbourne,125,open
2026-09-12T23:41:49.014714-04:00,2026-09-12,Sinners,95,open
2026-09-12T23:41:49.014714-04:00,2026-09-12,Stranger Things 5,35,open
2026-09-12T23:51:32.968100-04:00,2026-09-12,Cybergoria,70,open
2026-09-12T23:51:32.968100-04:00,2026-09-12,Evil Dead Burn,60,open
2026-09-12T23:51:32.968100-04:00,2026-09-12,H.R. Bloodengutz,45,open
2026-09-12T23:51:32.968100-04:00,2026-09-12,Hellraiser,60,open
2026-09-12T23:51:32.968100-04:00,2026-09-12,INVASION,45,open
2026-09-12T23:51:32.968100-04:00,2026-09-12,Jack & Oddfellow,55,open
2026-09-12T23:51:32.968100-04:00,2026-09-12,MADLANDS,35,open
2026-09-12T23:51:32.968100-04:00,2026-09-12,Ozzy Osbourne,125,open
2026-09-12T23:51:32.968100-04:00,2026-09-12,Sinners,70,open
2026-09-12T23:51:32.968100-04:00,2026-09-12,Stranger Things 5,35,open
2026-09-12T23:59:30.873435-04:00,2026-09-12,Cybergoria,70,open
2026-09-12T23:59:30.873435-04:00,2026-09-12,Evil Dead Burn,60,open
2026-09-12T23:59:30.873435-04:00,2026-09-12,H.R. Bloodengutz,60,open
2026-09-12T23:59:30.873435-04:00,2026-09-12,Hellraiser,60,open
2026-09-12T23:59:30.873435-04:00,2026-09-12,INVASION,45,open
2026-09-12T23:59:30.873435-04:00,2026-09-12,Jack & Oddfellow,55,open
2026-09-12T23:59:30.873435-04:00,2026-09-12,MADLANDS,35,open
2026-09-12T23:59:30.873435-04:00,2026-09-12,Ozzy Osbourne,140,open
2026-09-12T23:59:30.873435-04:00,2026-09-12,Sinners,70,open
2026-09-12T23:59:30.873435-04:00,2026-09-12,Stranger Things 5,45,open
2026-09-13T00:15:03.689766-04:00,2026-09-12,Cybergoria,70,open
2026-09-13T00:15:03.689766-04:00,2026-09-12,Evil Dead Burn,45,open
2026-09-13T00:15:03.689766-04:00,2026-09-12,H.R. Bloodengutz,60,open
2026-09-13T00:15:03.689766-04:00,2026-09-12,Hellraiser,40,open
2026-09-13T00:15:03.689766-04:00,2026-09-12,INVASION,40,open
2026-09-13T00:15:03.689766-04:00,2026-09-12,Jack & Oddfellow,40,open
2026-09-13T00:15:03.689766-04:00,2026-09-12,MADLANDS,50,open
2026-09-13T00:15:03.689766-04:00,2026-09-12,Ozzy Osbourne,140,open
2026-09-13T00:15:03.689766-04:00,2026-09-12,Sinners,60,open
2026-09-13T00:15:03.689766-04:00,2026-09-12,Stranger Things 5,55,open
2026-09-13T00:29:37.701622-04:00,2026-09-12,Cybergoria,60,open
2026-09-13T00:29:37.701622-04:00,2026-09-12,Evil Dead Burn,20,open
2026-09-13T00:29:37.701622-04:00,2026-09-12,H.R. Bloodengutz,45,open
2026-09-13T00:29:37.701622-04:00,2026-09-12,Hellraiser,30,open
2026-09-13T00:29:37.701622-04:00,2026-09-12,INVASION,30,open
2026-09-13T00:29:37.701622-04:00,2026-09-12,Jack & Oddfellow,40,open
2026-09-13T00:29:37.701622-04:00,2026-09-12,MADLANDS,50,open
2026-09-13T00:29:37.701622-04:00,2026-09-12,Ozzy Osbourne,60,open
2026-09-13T00:29:37.701622-04:00,2026-09-12,Sinners,60,open
2026-09-13T00:29:37.701622-04:00,2026-09-12,Stranger Things 5,45,open
2026-09-13T00:40:09.641286-04:00,2026-09-12,Cybergoria,45,open
2026-09-13T00:40:09.641286-04:00,2026-09-12,Evil Dead Burn,20,open
2026-09-13T00:40:09.641286-04:00,2026-09-12,H.R. Bloodengutz,35,open
2026-09-13T00:40:09.641286-04:00,2026-09-12,Hellraiser,20,open
2026-09-13T00:40:09.641286-04:00,2026-09-12,INVASION,30,open
2026-09-13T00:40:09.641286-04:00,2026-09-12,Jack & Oddfellow,40,open
2026-09-13T00:40:09.641286-04:00,2026-09-12,MADLANDS,35,open
2026-09-13T00:40:09.641286-04:00,2026-09-12,Ozzy Osbourne,60,open
2026-09-13T00:40:09.641286-04:00,2026-09-12,Sinners,60,open
2026-09-13T00:40:09.641286-04:00,2026-09-12,Stranger Things 5,45,open
2026-09-13T00:49:47.010960-04:00,2026-09-12,Cybergoria,45,open
2026-09-13T00:49:47.010960-04:00,2026-09-12,Evil Dead Burn,45,open
2026-09-13T00:49:47.010960-04:00,2026-09-12,H.R. Bloodengutz,35,open
2026-09-13T00:49:47.010960-04:00,2026-09-12,Hellraiser,30,open
2026-09-13T00:49:47.010960-04:00,2026-09-12,INVASION,30,open
2026-09-13T00:49:47.010960-04:00,2026-09-12,Jack & Oddfellow,40,open
2026-09-13T00:49:47.010960-04:00,2026-09-12,MADLANDS,15,open
2026-09-13T00:49:47.010960-04:00,2026-09-12,Ozzy Osbourne,60,open
2026-09-13T00:49:47.010960-04:00,2026-09-12,Sinners,40,open
2026-09-13T00:49:47.010960-04:00,2026-09-12,Stranger Things 5,25,open
2026-09-13T00:57:48.957297-04:00,2026-09-12,Cybergoria,35,open
2026-09-13T00:57:48.957297-04:00,2026-09-12,Evil Dead Burn,60,open
2026-09-13T00:57:48.957297-04:00,2026-09-12,H.R. Bloodengutz,35,open
2026-09-13T00:57:48.957297-04:00,2026-09-12,Hellraiser,35,open
2026-09-13T00:57:48.957297-04:00,2026-09-12,INVASION,20,open
2026-09-13T00:57:48.957297-04:00,2026-09-12,Jack & Oddfellow,40,open
2026-09-13T00:57:48.957297-04:00,2026-09-12,MADLANDS,15,open
2026-09-13T00:57:48.957297-04:00,2026-09-12,Ozzy Osbourne,40,open
2026-09-13T00:57:48.957297-04:00,2026-09-12,Sinners,40,open
2026-09-13T00:57:48.957297-04:00,2026-09-12,Stranger Things 5,25,open
2026-09-13T01:10:38.402443-04:00,2026-09-12,Cybergoria,35,open
2026-09-13T01:10:38.402443-04:00,2026-09-12,Evil Dead Burn,60,open
2026-09-13T01:10:38.402443-04:00,2026-09-12,H.R. Bloodengutz,40,open
2026-09-13T01:10:38.402443-04:00,2026-09-12,Hellraiser,35,open
2026-09-13T01:10:38.402443-04:00,2026-09-12,INVASION,20,open
2026-09-13T01:10:38.402443-04:00,2026-09-12,Jack & Oddfellow,40,open
2026-09-13T01:10:38.402443-04:00,2026-09-12,MADLANDS,35,open
2026-09-13T01:10:38.402443-04:00,2026-09-12,Ozzy Osbourne,40,open
2026-09-13T01:10:38.402443-04:00,2026-09-12,Sinners,40,open
2026-09-13T01:10:38.402443-04:00,2026-09-12,Stranger Things 5,25,open
2026-09-13T01:23:03.217007-04:00,2026-09-12,Cybergoria,50,open
2026-09-13T01:23:03.217007-04:00,2026-09-12,Evil Dead Burn,40,open
2026-09-13T01:23:03.217007-04:00,2026-09-12,H.R. Bloodengutz,10,open
2026-09-13T01:23:03.217007-04:00,2026-09-12,Hellraiser,35,open
2026-09-13T01:23:03.217007-04:00,2026-09-12,INVASION,10,open
2026-09-13T01:23:03.217007-04:00,2026-09-12,Jack & Oddfellow,20,open
2026-09-13T01:23:03.217007-04:00,2026-09-12,MADLANDS,35,open
2026-09-13T01:23:03.217007-04:00,2026-09-12,Ozzy Osbourne,55,open
2026-09-13T01:23:03.217007-04:00,2026-09-12,Sinners,40,open
2026-09-13T01:23:03.217007-04:00,2026-09-12,Stranger Things 5,10,open
2026-09-13T01:33:20.655726-04:00,2026-09-12,Cybergoria,50,open
2026-09-13T01:33:20.655726-04:00,2026-09-12,Evil Dead Burn,25,open
2026-09-13T01:33:20.655726-04:00,2026-09-12,H.R. Bloodengutz,10,open
2026-09-13T01:33:20.655726-04:00,2026-09-12,Hellraiser,25,open
2026-09-13T01:33:20.655726-04:00,2026-09-12,INVASION,10,open
2026-09-13T01:33:20.655726-04:00,2026-09-12,Jack & Oddfellow,20,open
2026-09-13T01:33:20.655726-04:00,2026-09-12,MADLANDS,35,open
2026-09-13T01:33:20.655726-04:00,2026-09-12,Ozzy Osbourne,55,open
2026-09-13T01:33:20.655726-04:00,2026-09-12,Sinners,40,open
2026-09-13T01:33:20.655726-04:00,2026-09-12,Stranger Things 5,20,open
2026-09-13T01:43:24.155700-04:00,2026-09-12,Cybergoria,25,open
2026-09-13T01:43:24.155700-04:00,2026-09-12,Evil Dead Burn,25,open
2026-09-13T01:43:24.155700-04:00,2026-09-12,H.R. Bloodengutz,10,open
2026-09-13T01:43:24.155700-04:00,2026-09-12,Hellraiser,15,open
2026-09-13T01:43:24.155700-04:00,2026-09-12,INVASION,10,open
2026-09-13T01:43:24.155700-04:00,2026-09-12,Jack & Oddfellow,20,open
2026-09-13T01:43:24.155700-04:00,2026-09-12,MADLANDS,35,open
2026-09-13T01:43:24.155700-04:00,2026-09-12,Ozzy Osbourne,55,open
2026-09-13T01:43:24.155700-04:00,2026-09-12,Sinners,40,open
2026-09-13T01:43:24.155700-04:00,2026-09-12,Stranger Things 5,20,open
2026-09-13T01:51:13.885045-04:00,2026-09-12,Cybergoria,25,open
2026-09-13T01:51:13.885045-04:00,2026-09-12,Evil Dead Burn,25,open
2026-09-13T01:51:13.885045-04:00,2026-09-12,H.R. Bloodengutz,10,open
2026-09-13T01:51:13.885045-04:00,2026-09-12,Hellraiser,15,open
2026-09-13T01:51:13.885045-04:00,2026-09-12,INVASION,10,open
2026-09-13T01:51:13.885045-04:00,2026-09-12,Jack & Oddfellow,20,open
2026-09-13T01:51:13.885045-04:00,2026-09-12,MADLANDS,35,open
2026-09-13T01:51:13.885045-04:00,2026-09-12,Ozzy Osbourne,55,open
2026-09-13T01:51:13.885045-04:00,2026-09-12,Sinners,40,open
2026-09-13T01:51:13.885045-04:00,2026-09-12,Stranger Things 5,20,open
2026-09-13T01:59:35.348383-04:00,2026-09-12,Cybergoria,15,open
2026-09-13T01:59:35.348383-04:00,2026-09-12,Evil Dead Burn,25,open
2026-09-13T01:59:35.348383-04:00,2026-09-12,H.R. Bloodengutz,10,open
2026-09-13T01:59:35.348383-04:00,2026-09-12,Hellraiser,15,open
2026-09-13T01:59:35.348383-04:00,2026-09-12,INVASION,10,open
2026-09-13T01:59:35.348383-04:00,2026-09-12,Jack & Oddfellow,20,open
2026-09-13T01:59:35.348383-04:00,2026-09-12,MADLANDS,10,open
2026-09-13T01:59:35.348383-04:00,2026-09-12,Ozzy Osbourne,40,open
2026-09-13T01:59:35.348383-04:00,2026-09-12,Sinners,30,open
2026-09-13T01:59:35.348383-04:00,2026-09-12,Stranger Things 5,20,open
2026-09-13T02:23:02.477608-04:00,2026-09-12,Cybergoria,0,closed
2026-09-13T02:23:02.477608-04:00,2026-09-12,Evil Dead Burn,0,closed
2026-09-13T02:23:02.477608-04:00,2026-09-12,H.R. Bloodengutz,0,closed
2026-09-13T02:23:02.477608-04:00,2026-09-12,Hellraiser,0,closed
2026-09-13T02:23:02.477608-04:00,2026-09-12,INVASION,0,closed
2026-09-13T02:23:02.477608-04:00,2026-09-12,Jack & Oddfellow,0,closed
2026-09-13T02:23:02.477608-04:00,2026-09-12,MADLANDS,0,closed
2026-09-13T02:23:02.477608-04:00,2026-09-12,Ozzy Osbourne,0,closed
2026-09-13T02:23:02.477608-04:00,2026-09-12,Sinners,0,closed
2026-09-13T02:23:02.477608-04:00,2026-09-12,Stranger Things 5,0,closed
2026-09-13T02:40:53.183433-04:00,2026-09-12,Cybergoria,0,closed
2026-09-13T02:40:53.183433-04:00,2026-09-12,Evil Dead Burn,0,closed
2026-09-13T02:40:53.183433-04:00,2026-09-12,H.R. Bloodengutz,0,closed
2026-09-13T02:40:53.183433-04:00,2026-09-12,Hellraiser,0,closed
2026-09-13T02:40:53.183433-04:00,2026-09-12,INVASION,0,closed
2026-09-13T02:40:53.183433-04:00,2026-09-12,Jack & Oddfellow,0,closed
2026-09-13T02:40:53.183433-04:00,2026-09-12,MADLANDS,0,closed
2026-09-13T02:40:53.183433-04:00,2026-09-12,Ozzy Osbourne,0,closed
2026-09-13T02:40:53.183433-04:00,2026-09-12,Sinners,0,closed
2026-09-13T02:40:53.183433-04:00,2026-09-12,Stranger Things 5,0,closed
2026-09-13T02:54:16.330334-04:00,2026-09-12,Cybergoria,0,closed
2026-09-13T02:54:16.330334-04:00,2026-09-12,Evil Dead Burn,0,closed
2026-09-13T02:54:16.330334-04:00,2026-09-12,H.R. Bloodengutz,0,closed
2026-09-13T02:54:16.330334-04:00,2026-09-12,Hellraiser,0,closed
2026-09-13T02:54:16.330334-04:00,2026-09-12,INVASION,0,closed
2026-09-13T02:54:16.330334-04:00,2026-09-12,Jack & Oddfellow,0,closed
2026-09-13T02:54:16.330334-04:00,2026-09-12,MADLANDS,0,closed
2026-09-13T02:54:16.330334-04:00,2026-09-12,Ozzy Osbourne,0,closed
2026-09-13T02:54:16.330334-04:00,2026-09-12,Sinners,0,closed
2026-09-13T02:54:16.330334-04:00,2026-09-12,Stranger Things 5,0,closed
2026-09-13T14:05:25.064304-04:00,2026-09-13,Cybergoria,0,closed
2026-09-13T14:05:25.064304-04:00,2026-09-13,Evil Dead Burn,0,closed
2026-09-13T14:05:25.064304-04:00,2026-09-13,H.R. Bloodengutz,0,closed
2026-09-13T14:05:25.064304-04:00,2026-09-13,Hellraiser,0,closed
2026-09-13T14:05:25.064304-04:00,2026-09-13,INVASION,0,closed
2026-09-13T14:05:25.064304-04:00,2026-09-13,Jack & Oddfellow,0,closed
2026-09-13T14:05:25.064304-04:00,2026-09-13,MADLANDS,0,closed
2026-09-13T14:05:25.064304-04:00,2026-09-13,Ozzy Osbourne,0,closed
2026-09-13T14:05:25.064304-04:00,2026-09-13,Sinners,0,closed
2026-09-13T14:05:25.064304-04:00,2026-09-13,Stranger Things 5,0,closed
2026-09-13T14:22:20.141077-04:00,2026-09-13,Cybergoria,0,closed
2026-09-13T14:22:20.141077-04:00,2026-09-13,Evil Dead Burn,0,closed
2026-09-13T14:22:20.141077-04:00,2026-09-13,H.R. Bloodengutz,0,closed
2026-09-13T14:22:20.141077-04:00,2026-09-13,Hellraiser,15,open
2026-09-13T14:22:20.141077-04:00,2026-09-13,INVASION,0,closed
2026-09-13T14:22:20.141077-04:00,2026-09-13,Jack & Oddfellow,20,open
2026-09-13T14:22:20.141077-04:00,2026-09-13,MADLANDS,0,closed
2026-09-13T14:22:20.141077-04:00,2026-09-13,Ozzy Osbourne,0,closed
2026-09-13T14:22:20.141077-04:00,2026-09-13,Sinners,0,closed
2026-09-13T14:22:20.141077-04:00,2026-09-13,Stranger Things 5,45,open
2026-09-13T14:35:29.770392-04:00,2026-09-13,Cybergoria,0,closed
2026-09-13T14:35:29.770392-04:00,2026-09-13,Evil Dead Burn,0,closed
2026-09-13T14:35:29.770392-04:00,2026-09-13,H.R. Bloodengutz,0,closed
2026-09-13T14:35:29.770392-04:00,2026-09-13,Hellraiser,15,open
2026-09-13T14:35:29.770392-04:00,2026-09-13,INVASION,0,closed
2026-09-13T14:35:29.770392-04:00,2026-09-13,Jack & Oddfellow,30,open
2026-09-13T14:35:29.770392-04:00,2026-09-13,MADLANDS,0,closed
2026-09-13T14:35:29.770392-04:00,2026-09-13,Ozzy Osbourne,0,closed
2026-09-13T14:35:29.770392-04:00,2026-09-13,Sinners,0,closed
2026-09-13T14:35:29.770392-04:00,2026-09-13,Stranger Things 5,45,open
2026-09-13T14:47:15.790873-04:00,2026-09-13,Cybergoria,0,closed
2026-09-13T14:47:15.790873-04:00,2026-09-13,Evil Dead Burn,0,closed
2026-09-13T14:47:15.790873-04:00,2026-09-13,H.R. Bloodengutz,0,closed
2026-09-13T14:47:15.790873-04:00,2026-09-13,Hellraiser,15,open
2026-09-13T14:47:15.790873-04:00,2026-09-13,INVASION,0,closed
2026-09-13T14:47:15.790873-04:00,2026-09-13,Jack & Oddfellow,40,open
2026-09-13T14:47:15.790873-04:00,2026-09-13,MADLANDS,0,closed
2026-09-13T14:47:15.790873-04:00,2026-09-13,Ozzy Osbourne,0,closed
2026-09-13T14:47:15.790873-04:00,2026-09-13,Sinners,0,closed
2026-09-13T14:47:15.790873-04:00,2026-09-13,Stranger Things 5,45,open
2026-09-13T14:56:31.978373-04:00,2026-09-13,Cybergoria,0,closed
2026-09-13T14:56:31.978373-04:00,2026-09-13,Evil Dead Burn,0,closed
2026-09-13T14:56:31.978373-04:00,2026-09-13,H.R. Bloodengutz,0,closed
2026-09-13T14:56:31.978373-04:00,2026-09-13,Hellraiser,15,open
2026-09-13T14:56:31.978373-04:00,2026-09-13,INVASION,0,closed
2026-09-13T14:56:31.978373-04:00,2026-09-13,Jack & Oddfellow,40,open
2026-09-13T14:56:31.978373-04:00,2026-09-13,MADLANDS,0,closed
2026-09-13T14:56:31.978373-04:00,2026-09-13,Ozzy Osbourne,0,closed
2026-09-13T14:56:31.978373-04:00,2026-09-13,Sinners,0,closed
2026-09-13T14:56:31.978373-04:00,2026-09-13,Stranger Things 5,45,open
2026-09-13T15:07:24.715609-04:00,2026-09-13,Cybergoria,0,closed
2026-09-13T15:07:24.715609-04:00,2026-09-13,Evil Dead Burn,0,closed
2026-09-13T15:07:24.715609-04:00,2026-09-13,H.R. Bloodengutz,0,closed
2026-09-13T15:07:24.715609-04:00,2026-09-13,Hellraiser,50,open
2026-09-13T15:07:24.715609-04:00,2026-09-13,INVASION,0,closed
2026-09-13T15:07:24.715609-04:00,2026-09-13,Jack & Oddfellow,40,open
2026-09-13T15:07:24.715609-04:00,2026-09-13,MADLANDS,0,closed
2026-09-13T15:07:24.715609-04:00,2026-09-13,Ozzy Osbourne,0,closed
2026-09-13T15:07:24.715609-04:00,2026-09-13,Sinners,0,closed
2026-09-13T15:07:24.715609-04:00,2026-09-13,Stranger Things 5,45,open
2026-09-13T15:18:55.705175-04:00,2026-09-13,Cybergoria,0,closed
2026-09-13T15:18:55.705175-04:00,2026-09-13,Evil Dead Burn,0,closed
2026-09-13T15:18:55.705175-04:00,2026-09-13,H.R. Bloodengutz,0,closed
2026-09-13T15:18:55.705175-04:00,2026-09-13,Hellraiser,50,open
2026-09-13T15:18:55.705175-04:00,2026-09-13,INVASION,0,closed
2026-09-13T15:18:55.705175-04:00,2026-09-13,Jack & Oddfellow,40,open
2026-09-13T15:18:55.705175-04:00,2026-09-13,MADLANDS,0,closed
2026-09-13T15:18:55.705175-04:00,2026-09-13,Ozzy Osbourne,0,closed
2026-09-13T15:18:55.705175-04:00,2026-09-13,Sinners,0,closed
2026-09-13T15:18:55.705175-04:00,2026-09-13,Stranger Things 5,45,open
2026-09-13T15:29:13.535994-04:00,2026-09-13,Cybergoria,0,closed
2026-09-13T15:29:13.535994-04:00,2026-09-13,Evil Dead Burn,0,closed
2026-09-13T15:29:13.535994-04:00,2026-09-13,H.R. Bloodengutz,0,closed
2026-09-13T15:29:13.535994-04:00,2026-09-13,Hellraiser,40,open
2026-09-13T15:29:13.535994-04:00,2026-09-13,INVASION,0,closed
2026-09-13T15:29:13.535994-04:00,2026-09-13,Jack & Oddfellow,35,open
2026-09-13T15:29:13.535994-04:00,2026-09-13,MADLANDS,0,closed
2026-09-13T15:29:13.535994-04:00,2026-09-13,Ozzy Osbourne,0,closed
2026-09-13T15:29:13.535994-04:00,2026-09-13,Sinners,0,closed
2026-09-13T15:29:13.535994-04:00,2026-09-13,Stranger Things 5,30,open
2026-09-13T15:38:59.456641-04:00,2026-09-13,Cybergoria,0,closed
2026-09-13T15:38:59.456641-04:00,2026-09-13,Evil Dead Burn,0,closed
2026-09-13T15:38:59.456641-04:00,2026-09-13,H.R. Bloodengutz,0,closed
2026-09-13T15:38:59.456641-04:00,2026-09-13,Hellraiser,40,open
2026-09-13T15:38:59.456641-04:00,2026-09-13,INVASION,0,closed
2026-09-13T15:38:59.456641-04:00,2026-09-13,Jack & Oddfellow,45,open
2026-09-13T15:38:59.456641-04:00,2026-09-13,MADLANDS,0,closed
2026-09-13T15:38:59.456641-04:00,2026-09-13,Ozzy Osbourne,0,closed
2026-09-13T15:38:59.456641-04:00,2026-09-13,Sinners,0,closed
2026-09-13T15:38:59.456641-04:00,2026-09-13,Stranger Things 5,30,open
2026-09-13T15:47:22.561903-04:00,2026-09-13,Cybergoria,0,closed
2026-09-13T15:47:22.561903-04:00,2026-09-13,Evil Dead Burn,0,closed
2026-09-13T15:47:22.561903-04:00,2026-09-13,H.R. Bloodengutz,0,closed
2026-09-13T15:47:22.561903-04:00,2026-09-13,Hellraiser,40,open
2026-09-13T15:47:22.561903-04:00,2026-09-13,INVASION,0,closed
2026-09-13T15:47:22.561903-04:00,2026-09-13,Jack & Oddfellow,45,open
2026-09-13T15:47:22.561903-04:00,2026-09-13,MADLANDS,0,closed
2026-09-13T15:47:22.561903-04:00,2026-09-13,Ozzy Osbourne,0,closed
2026-09-13T15:47:22.561903-04:00,2026-09-13,Sinners,0,closed
2026-09-13T15:47:22.561903-04:00,2026-09-13,Stranger Things 5,30,open
2026-09-13T15:55:47.371704-04:00,2026-09-13,Cybergoria,0,closed
2026-09-13T15:55:47.371704-04:00,2026-09-13,Evil Dead Burn,0,closed
2026-09-13T15:55:47.371704-04:00,2026-09-13,H.R. Bloodengutz,0,closed
2026-09-13T15:55:47.371704-04:00,2026-09-13,Hellraiser,40,open
2026-09-13T15:55:47.371704-04:00,2026-09-13,INVASION,0,closed
2026-09-13T15:55:47.371704-04:00,2026-09-13,Jack & Oddfellow,45,open
2026-09-13T15:55:47.371704-04:00,2026-09-13,MADLANDS,0,closed
2026-09-13T15:55:47.371704-04:00,2026-09-13,Ozzy Osbourne,0,closed
2026-09-13T15:55:47.371704-04:00,2026-09-13,Sinners,0,closed
2026-09-13T15:55:47.371704-04:00,2026-09-13,Stranger Things 5,30,open
2026-09-13T16:07:20.608015-04:00,2026-09-13,Cybergoria,0,closed
2026-09-13T16:07:20.608015-04:00,2026-09-13,Evil Dead Burn,0,closed
2026-09-13T16:07:20.608015-04:00,2026-09-13,H.R. Bloodengutz,0,closed
2026-09-13T16:07:20.608015-04:00,2026-09-13,Hellraiser,25,open
2026-09-13T16:07:20.608015-04:00,2026-09-13,INVASION,0,closed
2026-09-13T16:07:20.608015-04:00,2026-09-13,Jack & Oddfellow,45,open
2026-09-13T16:07:20.608015-04:00,2026-09-13,MADLANDS,0,closed
2026-09-13T16:07:20.608015-04:00,2026-09-13,Ozzy Osbourne,0,closed
2026-09-13T16:07:20.608015-04:00,2026-09-13,Sinners,0,closed
2026-09-13T16:07:20.608015-04:00,2026-09-13,Stranger Things 5,30,open
2026-09-13T16:21:16.268396-04:00,2026-09-13,Cybergoria,0,closed
2026-09-13T16:21:16.268396-04:00,2026-09-13,Evil Dead Burn,0,closed
2026-09-13T16:21:16.268396-04:00,2026-09-13,H.R. Bloodengutz,0,closed
2026-09-13T16:21:16.268396-04:00,2026-09-13,Hellraiser,25,open
2026-09-13T16:21:16.268396-04:00,2026-09-13,INVASION,0,closed
2026-09-13T16:21:16.268396-04:00,2026-09-13,Jack & Oddfellow,45,open
2026-09-13T16:21:16.268396-04:00,2026-09-13,MADLANDS,0,closed
2026-09-13T16:21:16.268396-04:00,2026-09-13,Ozzy Osbourne,0,closed
2026-09-13T16:21:16.268396-04:00,2026-09-13,Sinners,0,closed
2026-09-13T16:21:16.268396-04:00,2026-09-13,Stranger Things 5,30,open
2026-09-13T16:32:54.998230-04:00,2026-09-13,Cybergoria,0,closed
2026-09-13T16:32:54.998230-04:00,2026-09-13,Evil Dead Burn,0,closed
2026-09-13T16:32:54.998230-04:00,2026-09-13,H.R. Bloodengutz,0,closed
2026-09-13T16:32:54.998230-04:00,2026-09-13,Hellraiser,25,open
2026-09-13T16:32:54.998230-04:00,2026-09-13,INVASION,0,closed
2026-09-13T16:32:54.998230-04:00,2026-09-13,Jack & Oddfellow,35,open
2026-09-13T16:32:54.998230-04:00,2026-09-13,MADLANDS,0,closed
2026-09-13T16:32:54.998230-04:00,2026-09-13,Ozzy Osbourne,0,closed
2026-09-13T16:32:54.998230-04:00,2026-09-13,Sinners,0,closed
2026-09-13T16:32:54.998230-04:00,2026-09-13,Stranger Things 5,30,open
2026-09-13T16:43:24.930818-04:00,2026-09-13,Cybergoria,0,closed
2026-09-13T16:43:24.930818-04:00,2026-09-13,Evil Dead Burn,0,closed
2026-09-13T16:43:24.930818-04:00,2026-09-13,H.R. Bloodengutz,0,closed
2026-09-13T16:43:24.930818-04:00,2026-09-13,Hellraiser,25,open
2026-09-13T16:43:24.930818-04:00,2026-09-13,INVASION,0,closed
2026-09-13T16:43:24.930818-04:00,2026-09-13,Jack & Oddfellow,35,open
2026-09-13T16:43:24.930818-04:00,2026-09-13,MADLANDS,0,closed
2026-09-13T16:43:24.930818-04:00,2026-09-13,Ozzy Osbourne,0,closed
2026-09-13T16:43:24.930818-04:00,2026-09-13,Sinners,0,closed
2026-09-13T16:43:24.930818-04:00,2026-09-13,Stranger Things 5,30,open
2026-09-13T16:51:09.719720-04:00,2026-09-13,Cybergoria,0,closed
2026-09-13T16:51:09.719720-04:00,2026-09-13,Evil Dead Burn,0,closed
2026-09-13T16:51:09.719720-04:00,2026-09-13,H.R. Bloodengutz,0,closed
2026-09-13T16:51:09.719720-04:00,2026-09-13,Hellraiser,25,open
2026-09-13T16:51:09.719720-04:00,2026-09-13,INVASION,0,closed
2026-09-13T16:51:09.719720-04:00,2026-09-13,Jack & Oddfellow,35,open
2026-09-13T16:51:09.719720-04:00,2026-09-13,MADLANDS,0,closed
2026-09-13T16:51:09.719720-04:00,2026-09-13,Ozzy Osbourne,0,closed
2026-09-13T16:51:09.719720-04:00,2026-09-13,Sinners,0,closed
2026-09-13T16:51:09.719720-04:00,2026-09-13,Stranger Things 5,30,open
2026-09-13T16:59:18.571439-04:00,2026-09-13,Cybergoria,0,closed
2026-09-13T16:59:18.571439-04:00,2026-09-13,Evil Dead Burn,0,closed
2026-09-13T16:59:18.571439-04:00,2026-09-13,H.R. Bloodengutz,0,closed
2026-09-13T16:59:18.571439-04:00,2026-09-13,Hellraiser,25,open
2026-09-13T16:59:18.571439-04:00,2026-09-13,INVASION,0,closed
2026-09-13T16:59:18.571439-04:00,2026-09-13,Jack & Oddfellow,35,open
2026-09-13T16:59:18.571439-04:00,2026-09-13,MADLANDS,0,closed
2026-09-13T16:59:18.571439-04:00,2026-09-13,Ozzy Osbourne,0,closed
2026-09-13T16:59:18.571439-04:00,2026-09-13,Sinners,0,closed
2026-09-13T16:59:18.571439-04:00,2026-09-13,Stranger Things 5,30,open
2026-09-13T17:13:25.466392-04:00,2026-09-13,Cybergoria,0,closed
2026-09-13T17:13:25.466392-04:00,2026-09-13,Evil Dead Burn,0,closed
2026-09-13T17:13:25.466392-04:00,2026-09-13,H.R. Bloodengutz,0,closed
2026-09-13T17:13:25.466392-04:00,2026-09-13,Hellraiser,25,open
2026-09-13T17:13:25.466392-04:00,2026-09-13,INVASION,0,closed
2026-09-13T17:13:25.466392-04:00,2026-09-13,Jack & Oddfellow,35,open
2026-09-13T17:13:25.466392-04:00,2026-09-13,MADLANDS,0,closed
2026-09-13T17:13:25.466392-04:00,2026-09-13,Ozzy Osbourne,0,closed
2026-09-13T17:13:25.466392-04:00,2026-09-13,Sinners,0,closed
2026-09-13T17:13:25.466392-04:00,2026-09-13,Stranger Things 5,15,open
2026-09-13T17:25:56.446781-04:00,2026-09-13,Cybergoria,0,closed
2026-09-13T17:25:56.446781-04:00,2026-09-13,Evil Dead Burn,0,closed
2026-09-13T17:25:56.446781-04:00,2026-09-13,H.R. Bloodengutz,0,closed
2026-09-13T17:25:56.446781-04:00,2026-09-13,Hellraiser,25,open
2026-09-13T17:25:56.446781-04:00,2026-09-13,INVASION,0,closed
2026-09-13T17:25:56.446781-04:00,2026-09-13,Jack & Oddfellow,25,open
2026-09-13T17:25:56.446781-04:00,2026-09-13,MADLANDS,0,closed
2026-09-13T17:25:56.446781-04:00,2026-09-13,Ozzy Osbourne,90,open
2026-09-13T17:25:56.446781-04:00,2026-09-13,Sinners,150,open
2026-09-13T17:25:56.446781-04:00,2026-09-13,Stranger Things 5,10,open
2026-09-13T17:36:49.916850-04:00,2026-09-13,Cybergoria,0,closed
2026-09-13T17:36:49.916850-04:00,2026-09-13,Evil Dead Burn,0,closed
2026-09-13T17:36:49.916850-04:00,2026-09-13,H.R. Bloodengutz,0,closed
2026-09-13T17:36:49.916850-04:00,2026-09-13,Hellraiser,35,open
2026-09-13T17:36:49.916850-04:00,2026-09-13,INVASION,0,closed
2026-09-13T17:36:49.916850-04:00,2026-09-13,Jack & Oddfellow,25,open
2026-09-13T17:36:49.916850-04:00,2026-09-13,MADLANDS,0,closed
2026-09-13T17:36:49.916850-04:00,2026-09-13,Ozzy Osbourne,90,open
2026-09-13T17:36:49.916850-04:00,2026-09-13,Sinners,100,open
2026-09-13T17:36:49.916850-04:00,2026-09-13,Stranger Things 5,10,open
2026-09-13T17:45:43.417347-04:00,2026-09-13,Cybergoria,0,closed
2026-09-13T17:45:43.417347-04:00,2026-09-13,Evil Dead Burn,0,closed
2026-09-13T17:45:43.417347-04:00,2026-09-13,H.R. Bloodengutz,0,closed
2026-09-13T17:45:43.417347-04:00,2026-09-13,Hellraiser,25,open
2026-09-13T17:45:43.417347-04:00,2026-09-13,INVASION,0,closed
2026-09-13T17:45:43.417347-04:00,2026-09-13,Jack & Oddfellow,25,open
2026-09-13T17:45:43.417347-04:00,2026-09-13,MADLANDS,0,closed
2026-09-13T17:45:43.417347-04:00,2026-09-13,Ozzy Osbourne,80,open
2026-09-13T17:45:43.417347-04:00,2026-09-13,Sinners,100,open
2026-09-13T17:45:43.417347-04:00,2026-09-13,Stranger Things 5,10,open
2026-09-13T17:53:53.976517-04:00,2026-09-13,Cybergoria,30,open
2026-09-13T17:53:53.976517-04:00,2026-09-13,Evil Dead Burn,25,open
2026-09-13T17:53:53.976517-04:00,2026-09-13,H.R. Bloodengutz,0,closed
2026-09-13T17:53:53.976517-04:00,2026-09-13,Hellraiser,10,open
2026-09-13T17:53:53.976517-04:00,2026-09-13,INVASION,0,closed
2026-09-13T17:53:53.976517-04:00,2026-09-13,Jack & Oddfellow,25,open
2026-09-13T17:53:53.976517-04:00,2026-09-13,MADLANDS,0,closed
2026-09-13T17:53:53.976517-04:00,2026-09-13,Ozzy Osbourne,80,open
2026-09-13T17:53:53.976517-04:00,2026-09-13,Sinners,100,open
2026-09-13T17:53:53.976517-04:00,2026-09-13,Stranger Things 5,10,open
2026-09-13T18:02:55.952476-04:00,2026-09-13,Cybergoria,20,open
2026-09-13T18:02:55.952476-04:00,2026-09-13,Evil Dead Burn,25,open
2026-09-13T18:02:55.952476-04:00,2026-09-13,H.R. Bloodengutz,70,open
2026-09-13T18:02:55.952476-04:00,2026-09-13,Hellraiser,10,open
2026-09-13T18:02:55.952476-04:00,2026-09-13,INVASION,0,closed
2026-09-13T18:02:55.952476-04:00,2026-09-13,Jack & Oddfellow,10,open
2026-09-13T18:02:55.952476-04:00,2026-09-13,MADLANDS,35,open
2026-09-13T18:02:55.952476-04:00,2026-09-13,Ozzy Osbourne,70,open
2026-09-13T18:02:55.952476-04:00,2026-09-13,Sinners,90,open
2026-09-13T18:02:55.952476-04:00,2026-09-13,Stranger Things 5,10,open
2026-09-13T18:18:06.620501-04:00,2026-09-13,Cybergoria,40,open
2026-09-13T18:18:06.620501-04:00,2026-09-13,Evil Dead Burn,35,open
2026-09-13T18:18:06.620501-04:00,2026-09-13,H.R. Bloodengutz,60,open
2026-09-13T18:18:06.620501-04:00,2026-09-13,Hellraiser,10,open
2026-09-13T18:18:06.620501-04:00,2026-09-13,INVASION,15,open
2026-09-13T18:18:06.620501-04:00,2026-09-13,Jack & Oddfellow,10,open
2026-09-13T18:18:06.620501-04:00,2026-09-13,MADLANDS,35,open
2026-09-13T18:18:06.620501-04:00,2026-09-13,Ozzy Osbourne,55,open
2026-09-13T18:18:06.620501-04:00,2026-09-13,Sinners,100,open
2026-09-13T18:18:06.620501-04:00,2026-09-13,Stranger Things 5,10,open
2026-09-13T18:31:29.783498-04:00,2026-09-13,Cybergoria,40,open
2026-09-13T18:31:29.783498-04:00,2026-09-13,Evil Dead Burn,35,open
2026-09-13T18:31:29.783498-04:00,2026-09-13,H.R. Bloodengutz,60,open
2026-09-13T18:31:29.783498-04:00,2026-09-13,Hellraiser,10,open
2026-09-13T18:31:29.783498-04:00,2026-09-13,INVASION,40,open
2026-09-13T18:31:29.783498-04:00,2026-09-13,Jack & Oddfellow,35,open
2026-09-13T18:31:29.783498-04:00,2026-09-13,MADLANDS,35,open
2026-09-13T18:31:29.783498-04:00,2026-09-13,Ozzy Osbourne,55,open
2026-09-13T18:31:29.783498-04:00,2026-09-13,Sinners,75,open
2026-09-13T18:31:29.783498-04:00,2026-09-13,Stranger Things 5,30,open
2026-09-13T18:42:58.437463-04:00,2026-09-13,Cybergoria,30,open
2026-09-13T18:42:58.437463-04:00,2026-09-13,Evil Dead Burn,35,open
2026-09-13T18:42:58.437463-04:00,2026-09-13,H.R. Bloodengutz,60,open
2026-09-13T18:42:58.437463-04:00,2026-09-13,Hellraiser,15,open
2026-09-13T18:42:58.437463-04:00,2026-09-13,INVASION,50,open
2026-09-13T18:42:58.437463-04:00,2026-09-13,Jack & Oddfellow,55,open
2026-09-13T18:42:58.437463-04:00,2026-09-13,MADLANDS,35,open
2026-09-13T18:42:58.437463-04:00,2026-09-13,Ozzy Osbourne,70,open
2026-09-13T18:42:58.437463-04:00,2026-09-13,Sinners,75,open
2026-09-13T18:42:58.437463-04:00,2026-09-13,Stranger Things 5,60,open
2026-09-13T18:51:37.751851-04:00,2026-09-13,Cybergoria,70,open
2026-09-13T18:51:37.751851-04:00,2026-09-13,Evil Dead Burn,35,open
2026-09-13T18:51:37.751851-04:00,2026-09-13,H.R. Bloodengutz,45,open
2026-09-13T18:51:37.751851-04:00,2026-09-13,Hellraiser,35,open
2026-09-13T18:51:37.751851-04:00,2026-09-13,INVASION,50,open
2026-09-13T18:51:37.751851-04:00,2026-09-13,Jack & Oddfellow,55,open
2026-09-13T18:51:37.751851-04:00,2026-09-13,MADLANDS,35,open
2026-09-13T18:51:37.751851-04:00,2026-09-13,Ozzy Osbourne,95,open
2026-09-13T18:51:37.751851-04:00,2026-09-13,Sinners,70,open
2026-09-13T18:51:37.751851-04:00,2026-09-13,Stranger Things 5,60,open
2026-09-13T18:59:35.844745-04:00,2026-09-13,Cybergoria,50,open
2026-09-13T18:59:35.844745-04:00,2026-09-13,Evil Dead Burn,35,open
2026-09-13T18:59:35.844745-04:00,2026-09-13,H.R. Bloodengutz,45,open
2026-09-13T18:59:35.844745-04:00,2026-09-13,Hellraiser,45,open
2026-09-13T18:59:35.844745-04:00,2026-09-13,INVASION,45,open
2026-09-13T18:59:35.844745-04:00,2026-09-13,Jack & Oddfellow,55,open
2026-09-13T18:59:35.844745-04:00,2026-09-13,MADLANDS,60,open
2026-09-13T18:59:35.844745-04:00,2026-09-13,Ozzy Osbourne,95,open
2026-09-13T18:59:35.844745-04:00,2026-09-13,Sinners,60,open
2026-09-13T18:59:35.844745-04:00,2026-09-13,Stranger Things 5,75,open
2026-09-13T19:13:32.944407-04:00,2026-09-13,Cybergoria,55,open
2026-09-13T19:13:32.944407-04:00,2026-09-13,Evil Dead Burn,70,open
2026-09-13T19:13:32.944407-04:00,2026-09-13,H.R. Bloodengutz,60,open
2026-09-13T19:13:32.944407-04:00,2026-09-13,Hellraiser,50,open
2026-09-13T19:13:32.944407-04:00,2026-09-13,INVASION,35,open
2026-09-13T19:13:32.944407-04:00,2026-09-13,Jack & Oddfellow,55,open
2026-09-13T19:13:32.944407-04:00,2026-09-13,MADLANDS,60,open
2026-09-13T19:13:32.944407-04:00,2026-09-13,Ozzy Osbourne,130,open
2026-09-13T19:13:32.944407-04:00,2026-09-13,Sinners,60,open
2026-09-13T19:13:32.944407-04:00,2026-09-13,Stranger Things 5,75,open
2026-09-13T19:24:43.243440-04:00,2026-09-13,Cybergoria,55,open
2026-09-13T19:24:43.243440-04:00,2026-09-13,Evil Dead Burn,70,open
2026-09-13T19:24:43.243440-04:00,2026-09-13,H.R. Bloodengutz,60,open
2026-09-13T19:24:43.243440-04:00,2026-09-13,Hellraiser,40,open
2026-09-13T19:24:43.243440-04:00,2026-09-13,INVASION,60,open
2026-09-13T19:24:43.243440-04:00,2026-09-13,Jack & Oddfellow,25,open
2026-09-13T19:24:43.243440-04:00,2026-09-13,MADLANDS,60,open
2026-09-13T19:24:43.243440-04:00,2026-09-13,Ozzy Osbourne,130,open
2026-09-13T19:24:43.243440-04:00,2026-09-13,Sinners,60,open
2026-09-13T19:24:43.243440-04:00,2026-09-13,Stranger Things 5,55,open
2026-09-13T19:34:30.976438-04:00,2026-09-13,Cybergoria,55,open
2026-09-13T19:34:30.976438-04:00,2026-09-13,Evil Dead Burn,70,open
2026-09-13T19:34:30.976438-04:00,2026-09-13,H.R. Bloodengutz,60,open
2026-09-13T19:34:30.976438-04:00,2026-09-13,Hellraiser,40,open
2026-09-13T19:34:30.976438-04:00,2026-09-13,INVASION,55,open
2026-09-13T19:34:30.976438-04:00,2026-09-13,Jack & Oddfellow,40,open
2026-09-13T19:34:30.976438-04:00,2026-09-13,MADLANDS,70,open
2026-09-13T19:34:30.976438-04:00,2026-09-13,Ozzy Osbourne,90,open
2026-09-13T19:34:30.976438-04:00,2026-09-13,Sinners,60,open
2026-09-13T19:34:30.976438-04:00,2026-09-13,Stranger Things 5,35,open
2026-09-13T19:43:26.645794-04:00,2026-09-13,Cybergoria,50,open
2026-09-13T19:43:26.645794-04:00,2026-09-13,Evil Dead Burn,55,open
2026-09-13T19:43:26.645794-04:00,2026-09-13,H.R. Bloodengutz,80,open
2026-09-13T19:43:26.645794-04:00,2026-09-13,Hellraiser,35,open
2026-09-13T19:43:26.645794-04:00,2026-09-13,INVASION,50,open
2026-09-13T19:43:26.645794-04:00,2026-09-13,Jack & Oddfellow,60,open
2026-09-13T19:43:26.645794-04:00,2026-09-13,MADLANDS,70,open
2026-09-13T19:43:26.645794-04:00,2026-09-13,Ozzy Osbourne,90,open
2026-09-13T19:43:26.645794-04:00,2026-09-13,Sinners,75,open
2026-09-13T19:43:26.645794-04:00,2026-09-13,Stranger Things 5,20,open
2026-09-13T19:51:44.508912-04:00,2026-09-13,Cybergoria,55,open
2026-09-13T19:51:44.508912-04:00,2026-09-13,Evil Dead Burn,55,open
2026-09-13T19:51:44.508912-04:00,2026-09-13,H.R. Bloodengutz,80,open
2026-09-13T19:51:44.508912-04:00,2026-09-13,Hellraiser,35,open
2026-09-13T19:51:44.508912-04:00,2026-09-13,INVASION,50,open
2026-09-13T19:51:44.508912-04:00,2026-09-13,Jack & Oddfellow,75,open
2026-09-13T19:51:44.508912-04:00,2026-09-13,MADLANDS,70,open
2026-09-13T19:51:44.508912-04:00,2026-09-13,Ozzy Osbourne,90,open
2026-09-13T19:51:44.508912-04:00,2026-09-13,Sinners,75,open
2026-09-13T19:51:44.508912-04:00,2026-09-13,Stranger Things 5,20,open
2026-09-13T19:59:26.369323-04:00,2026-09-13,Cybergoria,65,open
2026-09-13T19:59:26.369323-04:00,2026-09-13,Evil Dead Burn,35,open
2026-09-13T19:59:26.369323-04:00,2026-09-13,H.R. Bloodengutz,80,open
2026-09-13T19:59:26.369323-04:00,2026-09-13,Hellraiser,45,open
2026-09-13T19:59:26.369323-04:00,2026-09-13,INVASION,40,open
2026-09-13T19:59:26.369323-04:00,2026-09-13,Jack & Oddfellow,75,open
2026-09-13T19:59:26.369323-04:00,2026-09-13,MADLANDS,70,open
2026-09-13T19:59:26.369323-04:00,2026-09-13,Ozzy Osbourne,90,open
2026-09-13T19:59:26.369323-04:00,2026-09-13,Sinners,100,open
2026-09-13T19:59:26.369323-04:00,2026-09-13,Stranger Things 5,45,open
2026-09-13T20:22:06.585951-04:00,2026-09-13,Cybergoria,95,open
2026-09-13T20:22:06.585951-04:00,2026-09-13,Evil Dead Burn,45,open
2026-09-13T20:22:06.585951-04:00,2026-09-13,H.R. Bloodengutz,80,open
2026-09-13T20:22:06.585951-04:00,2026-09-13,Hellraiser,75,open
2026-09-13T20:22:06.585951-04:00,2026-09-13,INVASION,55,open
2026-09-13T20:22:06.585951-04:00,2026-09-13,Jack & Oddfellow,65,open
2026-09-13T20:22:06.585951-04:00,2026-09-13,MADLANDS,75,open
2026-09-13T20:22:06.585951-04:00,2026-09-13,Ozzy Osbourne,90,open
2026-09-13T20:22:06.585951-04:00,2026-09-13,Sinners,65,open
2026-09-13T20:22:06.585951-04:00,2026-09-13,Stranger Things 5,45,open
2026-09-13T20:41:09.669468-04:00,2026-09-13,Cybergoria,70,open
2026-09-13T20:41:09.669468-04:00,2026-09-13,Evil Dead Burn,60,open
2026-09-13T20:41:09.669468-04:00,2026-09-13,H.R. Bloodengutz,75,open
2026-09-13T20:41:09.669468-04:00,2026-09-13,Hellraiser,75,open
2026-09-13T20:41:09.669468-04:00,2026-09-13,INVASION,65,open
2026-09-13T20:41:09.669468-04:00,2026-09-13,Jack & Oddfellow,65,open
2026-09-13T20:41:09.669468-04:00,2026-09-13,MADLANDS,35,open
2026-09-13T20:41:09.669468-04:00,2026-09-13,Ozzy Osbourne,105,open
2026-09-13T20:41:09.669468-04:00,2026-09-13,Sinners,100,open
2026-09-13T20:41:09.669468-04:00,2026-09-13,Stranger Things 5,60,open
2026-09-13T20:55:02.202522-04:00,2026-09-13,Cybergoria,60,open
2026-09-13T20:55:02.202522-04:00,2026-09-13,Evil Dead Burn,45,open
2026-09-13T20:55:02.202522-04:00,2026-09-13,H.R. Bloodengutz,50,open
2026-09-13T20:55:02.202522-04:00,2026-09-13,Hellraiser,60,open
2026-09-13T20:55:02.202522-04:00,2026-09-13,INVASION,65,open
2026-09-13T20:55:02.202522-04:00,2026-09-13,Jack & Oddfellow,65,open
2026-09-13T20:55:02.202522-04:00,2026-09-13,MADLANDS,45,open
2026-09-13T20:55:02.202522-04:00,2026-09-13,Ozzy Osbourne,90,open
2026-09-13T20:55:02.202522-04:00,2026-09-13,Sinners,120,open
2026-09-13T20:55:02.202522-04:00,2026-09-13,Stranger Things 5,45,open
2026-09-13T21:06:20.517502-04:00,2026-09-13,Cybergoria,75,open
2026-09-13T21:06:20.517502-04:00,2026-09-13,Evil Dead Burn,45,open
2026-09-13T21:06:20.517502-04:00,2026-09-13,H.R. Bloodengutz,50,open
2026-09-13T21:06:20.517502-04:00,2026-09-13,Hellraiser,50,open
2026-09-13T21:06:20.517502-04:00,2026-09-13,INVASION,55,open
2026-09-13T21:06:20.517502-04:00,2026-09-13,Jack & Oddfellow,25,open
2026-09-13T21:06:20.517502-04:00,2026-09-13,MADLANDS,75,open
2026-09-13T21:06:20.517502-04:00,2026-09-13,Ozzy Osbourne,90,open
2026-09-13T21:06:20.517502-04:00,2026-09-13,Sinners,100,open
2026-09-13T21:06:20.517502-04:00,2026-09-13,Stranger Things 5,40,open
2026-09-13T21:21:09.608317-04:00,2026-09-13,Cybergoria,65,open
2026-09-13T21:21:09.608317-04:00,2026-09-13,Evil Dead Burn,50,open
2026-09-13T21:21:09.608317-04:00,2026-09-13,H.R. Bloodengutz,50,open
2026-09-13T21:21:09.608317-04:00,2026-09-13,Hellraiser,50,open
2026-09-13T21:21:09.608317-04:00,2026-09-13,INVASION,45,open
2026-09-13T21:21:09.608317-04:00,2026-09-13,Jack & Oddfellow,50,open
2026-09-13T21:21:09.608317-04:00,2026-09-13,MADLANDS,75,open
2026-09-13T21:21:09.608317-04:00,2026-09-13,Ozzy Osbourne,70,open
2026-09-13T21:21:09.608317-04:00,2026-09-13,Sinners,100,open
2026-09-13T21:21:09.608317-04:00,2026-09-13,Stranger Things 5,40,open
2026-09-13T21:32:33.653538-04:00,2026-09-13,Cybergoria,55,open
2026-09-13T21:32:33.653538-04:00,2026-09-13,Evil Dead Burn,55,open
2026-09-13T21:32:33.653538-04:00,2026-09-13,H.R. Bloodengutz,50,open
2026-09-13T21:32:33.653538-04:00,2026-09-13,Hellraiser,40,open
2026-09-13T21:32:33.653538-04:00,2026-09-13,INVASION,40,open
2026-09-13T21:32:33.653538-04:00,2026-09-13,Jack & Oddfellow,50,open
2026-09-13T21:32:33.653538-04:00,2026-09-13,MADLANDS,50,open
2026-09-13T21:32:33.653538-04:00,2026-09-13,Ozzy Osbourne,45,open
2026-09-13T21:32:33.653538-04:00,2026-09-13,Sinners,100,open
2026-09-13T21:32:33.653538-04:00,2026-09-13,Stranger Things 5,40,open
2026-09-13T21:45:06.731614-04:00,2026-09-13,Cybergoria,60,open
2026-09-13T21:45:06.731614-04:00,2026-09-13,Evil Dead Burn,55,open
2026-09-13T21:45:06.731614-04:00,2026-09-13,H.R. Bloodengutz,80,open
2026-09-13T21:45:06.731614-04:00,2026-09-13,Hellraiser,40,open
2026-09-13T21:45:06.731614-04:00,2026-09-13,INVASION,50,open
2026-09-13T21:45:06.731614-04:00,2026-09-13,Jack & Oddfellow,50,open
2026-09-13T21:45:06.731614-04:00,2026-09-13,MADLANDS,35,open
2026-09-13T21:45:06.731614-04:00,2026-09-13,Ozzy Osbourne,65,open
2026-09-13T21:45:06.731614-04:00,2026-09-13,Sinners,100,open
2026-09-13T21:45:06.731614-04:00,2026-09-13,Stranger Things 5,40,open
2026-09-13T21:55:37.216501-04:00,2026-09-13,Cybergoria,100,open
2026-09-13T21:55:37.216501-04:00,2026-09-13,Evil Dead Burn,55,open
2026-09-13T21:55:37.216501-04:00,2026-09-13,H.R. Bloodengutz,80,open
2026-09-13T21:55:37.216501-04:00,2026-09-13,Hellraiser,40,open
2026-09-13T21:55:37.216501-04:00,2026-09-13,INVASION,50,open
2026-09-13T21:55:37.216501-04:00,2026-09-13,Jack & Oddfellow,50,open
2026-09-13T21:55:37.216501-04:00,2026-09-13,MADLANDS,35,open
2026-09-13T21:55:37.216501-04:00,2026-09-13,Ozzy Osbourne,70,open
2026-09-13T21:55:37.216501-04:00,2026-09-13,Sinners,100,open
2026-09-13T21:55:37.216501-04:00,2026-09-13,Stranger Things 5,40,open
2026-09-13T22:07:21.513415-04:00,2026-09-13,Cybergoria,80,open
2026-09-13T22:07:21.513415-04:00,2026-09-13,Evil Dead Burn,40,open
2026-09-13T22:07:21.513415-04:00,2026-09-13,H.R. Bloodengutz,80,open
2026-09-13T22:07:21.513415-04:00,2026-09-13,Hellraiser,40,open
2026-09-13T22:07:21.513415-04:00,2026-09-13,INVASION,40,open
2026-09-13T22:07:21.513415-04:00,2026-09-13,Jack & Oddfellow,40,open
2026-09-13T22:07:21.513415-04:00,2026-09-13,MADLANDS,55,open
2026-09-13T22:07:21.513415-04:00,2026-09-13,Ozzy Osbourne,70,open
2026-09-13T22:07:21.513415-04:00,2026-09-13,Sinners,120,open
2026-09-13T22:07:21.513415-04:00,2026-09-13,Stranger Things 5,40,open
2026-09-13T22:23:03.258631-04:00,2026-09-13,Cybergoria,65,open
2026-09-13T22:23:03.258631-04:00,2026-09-13,Evil Dead Burn,40,open
2026-09-13T22:23:03.258631-04:00,2026-09-13,H.R. Bloodengutz,80,open
2026-09-13T22:23:03.258631-04:00,2026-09-13,Hellraiser,80,open
2026-09-13T22:23:03.258631-04:00,2026-09-13,INVASION,50,open
2026-09-13T22:23:03.258631-04:00,2026-09-13,Jack & Oddfellow,50,open
2026-09-13T22:23:03.258631-04:00,2026-09-13,MADLANDS,55,open
2026-09-13T22:23:03.258631-04:00,2026-09-13,Ozzy Osbourne,70,open
2026-09-13T22:23:03.258631-04:00,2026-09-13,Sinners,100,open
2026-09-13T22:23:03.258631-04:00,2026-09-13,Stranger Things 5,40,open
2026-09-13T22:35:26.667426-04:00,2026-09-13,Cybergoria,65,open
2026-09-13T22:35:26.667426-04:00,2026-09-13,Evil Dead Burn,40,open
2026-09-13T22:35:26.667426-04:00,2026-09-13,H.R. Bloodengutz,70,open
2026-09-13T22:35:26.667426-04:00,2026-09-13,Hellraiser,80,open
2026-09-13T22:35:26.667426-04:00,2026-09-13,INVASION,50,open
2026-09-13T22:35:26.667426-04:00,2026-09-13,Jack & Oddfellow,50,open
2026-09-13T22:35:26.667426-04:00,2026-09-13,MADLANDS,55,open
2026-09-13T22:35:26.667426-04:00,2026-09-13,Ozzy Osbourne,70,open
2026-09-13T22:35:26.667426-04:00,2026-09-13,Sinners,90,open
2026-09-13T22:35:26.667426-04:00,2026-09-13,Stranger Things 5,40,open
2026-09-13T22:47:51.231289-04:00,2026-09-13,Cybergoria,65,open
2026-09-13T22:47:51.231289-04:00,2026-09-13,Evil Dead Burn,45,open
2026-09-13T22:47:51.231289-04:00,2026-09-13,H.R. Bloodengutz,60,open
2026-09-13T22:47:51.231289-04:00,2026-09-13,Hellraiser,80,open
2026-09-13T22:47:51.231289-04:00,2026-09-13,INVASION,50,open
2026-09-13T22:47:51.231289-04:00,2026-09-13,Jack & Oddfellow,50,open
2026-09-13T22:47:51.231289-04:00,2026-09-13,MADLANDS,45,open
2026-09-13T22:47:51.231289-04:00,2026-09-13,Ozzy Osbourne,90,open
2026-09-13T22:47:51.231289-04:00,2026-09-13,Sinners,75,open
2026-09-13T22:47:51.231289-04:00,2026-09-13,Stranger Things 5,45,open
2026-09-13T22:57:48.283180-04:00,2026-09-13,Cybergoria,75,open
2026-09-13T22:57:48.283180-04:00,2026-09-13,Evil Dead Burn,45,open
2026-09-13T22:57:48.283180-04:00,2026-09-13,H.R. Bloodengutz,40,open
2026-09-13T22:57:48.283180-04:00,2026-09-13,Hellraiser,80,open
2026-09-13T22:57:48.283180-04:00,2026-09-13,INVASION,50,open
2026-09-13T22:57:48.283180-04:00,2026-09-13,Jack & Oddfellow,50,open
2026-09-13T22:57:48.283180-04:00,2026-09-13,MADLANDS,45,open
2026-09-13T22:57:48.283180-04:00,2026-09-13,Ozzy Osbourne,90,open
2026-09-13T22:57:48.283180-04:00,2026-09-13,Sinners,75,open
2026-09-13T22:57:48.283180-04:00,2026-09-13,Stranger Things 5,45,open
2026-09-13T23:11:37.768221-04:00,2026-09-13,Cybergoria,60,open
2026-09-13T23:11:37.768221-04:00,2026-09-13,Evil Dead Burn,55,open
2026-09-13T23:11:37.768221-04:00,2026-09-13,H.R. Bloodengutz,55,open
2026-09-13T23:11:37.768221-04:00,2026-09-13,Hellraiser,80,open
2026-09-13T23:11:37.768221-04:00,2026-09-13,INVASION,30,open
2026-09-13T23:11:37.768221-04:00,2026-09-13,Jack & Oddfellow,50,open
2026-09-13T23:11:37.768221-04:00,2026-09-13,MADLANDS,35,open
2026-09-13T23:11:37.768221-04:00,2026-09-13,Ozzy Osbourne,90,open
2026-09-13T23:11:37.768221-04:00,2026-09-13,Sinners,75,open
2026-09-13T23:11:37.768221-04:00,2026-09-13,Stranger Things 5,45,open
2026-09-13T23:27:39.055508-04:00,2026-09-13,Cybergoria,35,open
2026-09-13T23:27:39.055508-04:00,2026-09-13,Evil Dead Burn,55,open
2026-09-13T23:27:39.055508-04:00,2026-09-13,H.R. Bloodengutz,55,open
2026-09-13T23:27:39.055508-04:00,2026-09-13,Hellraiser,35,open
2026-09-13T23:27:39.055508-04:00,2026-09-13,INVASION,45,open
2026-09-13T23:27:39.055508-04:00,2026-09-13,Jack & Oddfellow,50,open
2026-09-13T23:27:39.055508-04:00,2026-09-13,MADLANDS,35,open
2026-09-13T23:27:39.055508-04:00,2026-09-13,Ozzy Osbourne,80,open
2026-09-13T23:27:39.055508-04:00,2026-09-13,Sinners,40,open
2026-09-13T23:27:39.055508-04:00,2026-09-13,Stranger Things 5,35,open
2026-09-13T23:42:40.136307-04:00,2026-09-13,Cybergoria,60,open
2026-09-13T23:42:40.136307-04:00,2026-09-13,Evil Dead Burn,35,open
2026-09-13T23:42:40.136307-04:00,2026-09-13,H.R. Bloodengutz,85,open
2026-09-13T23:42:40.136307-04:00,2026-09-13,Hellraiser,35,open
2026-09-13T23:42:40.136307-04:00,2026-09-13,INVASION,35,open
2026-09-13T23:42:40.136307-04:00,2026-09-13,Jack & Oddfellow,60,open
2026-09-13T23:42:40.136307-04:00,2026-09-13,MADLANDS,35,open
2026-09-13T23:42:40.136307-04:00,2026-09-13,Ozzy Osbourne,65,open
2026-09-13T23:42:40.136307-04:00,2026-09-13,Sinners,65,open
2026-09-13T23:42:40.136307-04:00,2026-09-13,Stranger Things 5,35,open
2026-09-13T23:54:26.164922-04:00,2026-09-13,Cybergoria,50,open
2026-09-13T23:54:26.164922-04:00,2026-09-13,Evil Dead Burn,30,open
2026-09-13T23:54:26.164922-04:00,2026-09-13,H.R. Bloodengutz,85,open
2026-09-13T23:54:26.164922-04:00,2026-09-13,Hellraiser,45,open
2026-09-13T23:54:26.164922-04:00,2026-09-13,INVASION,35,open
2026-09-13T23:54:26.164922-04:00,2026-09-13,Jack & Oddfellow,45,open
2026-09-13T23:54:26.164922-04:00,2026-09-13,MADLANDS,35,open
2026-09-13T23:54:26.164922-04:00,2026-09-13,Ozzy Osbourne,65,open
2026-09-13T23:54:26.164922-04:00,2026-09-13,Sinners,65,open
2026-09-13T23:54:26.164922-04:00,2026-09-13,Stranger Things 5,35,open
2026-09-14T00:04:32.217786-04:00,2026-09-13,Cybergoria,50,open
2026-09-14T00:04:32.217786-04:00,2026-09-13,Evil Dead Burn,30,open
2026-09-14T00:04:32.217786-04:00,2026-09-13,H.R. Bloodengutz,50,open
2026-09-14T00:04:32.217786-04:00,2026-09-13,Hellraiser,60,open
2026-09-14T00:04:32.217786-04:00,2026-09-13,INVASION,35,open
2026-09-14T00:04:32.217786-04:00,2026-09-13,Jack & Oddfellow,30,open
2026-09-14T00:04:32.217786-04:00,2026-09-13,MADLANDS,35,open
2026-09-14T00:04:32.217786-04:00,2026-09-13,Ozzy Osbourne,75,open
2026-09-14T00:04:32.217786-04:00,2026-09-13,Sinners,65,open
2026-09-14T00:04:32.217786-04:00,2026-09-13,Stranger Things 5,35,open
2026-09-14T00:22:01.422955-04:00,2026-09-13,Cybergoria,35,open
2026-09-14T00:22:01.422955-04:00,2026-09-13,Evil Dead Burn,30,open
2026-09-14T00:22:01.422955-04:00,2026-09-13,H.R. Bloodengutz,40,open
2026-09-14T00:22:01.422955-04:00,2026-09-13,Hellraiser,45,open
2026-09-14T00:22:01.422955-04:00,2026-09-13,INVASION,35,open
2026-09-14T00:22:01.422955-04:00,2026-09-13,Jack & Oddfellow,30,open
2026-09-14T00:22:01.422955-04:00,2026-09-13,MADLANDS,35,open
2026-09-14T00:22:01.422955-04:00,2026-09-13,Ozzy Osbourne,75,open
2026-09-14T00:22:01.422955-04:00,2026-09-13,Sinners,65,open
2026-09-14T00:22:01.422955-04:00,2026-09-13,Stranger Things 5,35,open
2026-09-14T00:36:13.307812-04:00,2026-09-13,Cybergoria,35,open
2026-09-14T00:36:13.307812-04:00,2026-09-13,Evil Dead Burn,30,open
2026-09-14T00:36:13.307812-04:00,2026-09-13,H.R. Bloodengutz,40,open
2026-09-14T00:36:13.307812-04:00,2026-09-13,Hellraiser,20,open
2026-09-14T00:36:13.307812-04:00,2026-09-13,INVASION,20,open
2026-09-14T00:36:13.307812-04:00,2026-09-13,Jack & Oddfellow,45,open
2026-09-14T00:36:13.307812-04:00,2026-09-13,MADLANDS,35,open
2026-09-14T00:36:13.307812-04:00,2026-09-13,Ozzy Osbourne,75,open
2026-09-14T00:36:13.307812-04:00,2026-09-13,Sinners,65,open
2026-09-14T00:36:13.307812-04:00,2026-09-13,Stranger Things 5,35,open
2026-09-14T00:49:18.720238-04:00,2026-09-13,Cybergoria,30,open
2026-09-14T00:49:18.720238-04:00,2026-09-13,Evil Dead Burn,30,open
2026-09-14T00:49:18.720238-04:00,2026-09-13,H.R. Bloodengutz,30,open
2026-09-14T00:49:18.720238-04:00,2026-09-13,Hellraiser,25,open
2026-09-14T00:49:18.720238-04:00,2026-09-13,INVASION,20,open
2026-09-14T00:49:18.720238-04:00,2026-09-13,Jack & Oddfellow,45,open
2026-09-14T00:49:18.720238-04:00,2026-09-13,MADLANDS,35,open
2026-09-14T00:49:18.720238-04:00,2026-09-13,Ozzy Osbourne,40,open
2026-09-14T00:49:18.720238-04:00,2026-09-13,Sinners,65,open
2026-09-14T00:49:18.720238-04:00,2026-09-13,Stranger Things 5,25,open
2026-09-14T00:58:49.316194-04:00,2026-09-13,Cybergoria,50,open
2026-09-14T00:58:49.316194-04:00,2026-09-13,Evil Dead Burn,30,open
2026-09-14T00:58:49.316194-04:00,2026-09-13,H.R. Bloodengutz,30,open
2026-09-14T00:58:49.316194-04:00,2026-09-13,Hellraiser,30,open
2026-09-14T00:58:49.316194-04:00,2026-09-13,INVASION,20,open
2026-09-14T00:58:49.316194-04:00,2026-09-13,Jack & Oddfellow,45,open
2026-09-14T00:58:49.316194-04:00,2026-09-13,MADLANDS,15,open
2026-09-14T00:58:49.316194-04:00,2026-09-13,Ozzy Osbourne,40,open
2026-09-14T00:58:49.316194-04:00,2026-09-13,Sinners,45,open
2026-09-14T00:58:49.316194-04:00,2026-09-13,Stranger Things 5,15,open
2026-09-14T01:13:00.349717-04:00,2026-09-13,Cybergoria,35,open
2026-09-14T01:13:00.349717-04:00,2026-09-13,Evil Dead Burn,25,open
2026-09-14T01:13:00.349717-04:00,2026-09-13,H.R. Bloodengutz,30,open
2026-09-14T01:13:00.349717-04:00,2026-09-13,Hellraiser,30,open
2026-09-14T01:13:00.349717-04:00,2026-09-13,INVASION,10,open
2026-09-14T01:13:00.349717-04:00,2026-09-13,Jack & Oddfellow,25,open
2026-09-14T01:13:00.349717-04:00,2026-09-13,MADLANDS,15,open
2026-09-14T01:13:00.349717-04:00,2026-09-13,Ozzy Osbourne,30,open
2026-09-14T01:13:00.349717-04:00,2026-09-13,Sinners,45,open
2026-09-14T01:13:00.349717-04:00,2026-09-13,Stranger Things 5,10,open
2026-09-14T01:27:07.097476-04:00,2026-09-13,Cybergoria,35,open
2026-09-14T01:27:07.097476-04:00,2026-09-13,Evil Dead Burn,25,open
2026-09-14T01:27:07.097476-04:00,2026-09-13,H.R. Bloodengutz,30,open
2026-09-14T01:27:07.097476-04:00,2026-09-13,Hellraiser,15,open
2026-09-14T01:27:07.097476-04:00,2026-09-13,INVASION,10,open
2026-09-14T01:27:07.097476-04:00,2026-09-13,Jack & Oddfellow,25,open
2026-09-14T01:27:07.097476-04:00,2026-09-13,MADLANDS,15,open
2026-09-14T01:27:07.097476-04:00,2026-09-13,Ozzy Osbourne,40,open
2026-09-14T01:27:07.097476-04:00,2026-09-13,Sinners,45,open
2026-09-14T01:27:07.097476-04:00,2026-09-13,Stranger Things 5,10,open
2026-09-14T01:39:29.728393-04:00,2026-09-13,Cybergoria,15,open
2026-09-14T01:39:29.728393-04:00,2026-09-13,Evil Dead Burn,25,open
2026-09-14T01:39:29.728393-04:00,2026-09-13,H.R. Bloodengutz,30,open
2026-09-14T01:39:29.728393-04:00,2026-09-13,Hellraiser,15,open
2026-09-14T01:39:29.728393-04:00,2026-09-13,INVASION,10,open
2026-09-14T01:39:29.728393-04:00,2026-09-13,Jack & Oddfellow,25,open
2026-09-14T01:39:29.728393-04:00,2026-09-13,MADLANDS,15,open
2026-09-14T01:39:29.728393-04:00,2026-09-13,Ozzy Osbourne,50,open
2026-09-14T01:39:29.728393-04:00,2026-09-13,Sinners,20,open
2026-09-14T01:39:29.728393-04:00,2026-09-13,Stranger Things 5,10,open
2026-09-14T01:50:45.223417-04:00,2026-09-13,Cybergoria,15,open
2026-09-14T01:50:45.223417-04:00,2026-09-13,Evil Dead Burn,25,open
2026-09-14T01:50:45.223417-04:00,2026-09-13,H.R. Bloodengutz,20,open
2026-09-14T01:50:45.223417-04:00,2026-09-13,Hellraiser,15,open
2026-09-14T01:50:45.223417-04:00,2026-09-13,INVASION,10,open
2026-09-14T01:50:45.223417-04:00,2026-09-13,Jack & Oddfellow,25,open
2026-09-14T01:50:45.223417-04:00,2026-09-13,MADLANDS,15,open
2026-09-14T01:50:45.223417-04:00,2026-09-13,Ozzy Osbourne,50,open
2026-09-14T01:50:45.223417-04:00,2026-09-13,Sinners,10,open
2026-09-14T01:50:45.223417-04:00,2026-09-13,Stranger Things 5,10,open
2026-09-14T01:58:48.014822-04:00,2026-09-13,Cybergoria,15,open
2026-09-14T01:58:48.014822-04:00,2026-09-13,Evil Dead Burn,25,open
2026-09-14T01:58:48.014822-04:00,2026-09-13,H.R. Bloodengutz,20,open
2026-09-14T01:58:48.014822-04:00,2026-09-13,Hellraiser,5,open
2026-09-14T01:58:48.014822-04:00,2026-09-13,INVASION,10,open
2026-09-14T01:58:48.014822-04:00,2026-09-13,Jack & Oddfellow,25,open
2026-09-14T01:58:48.014822-04:00,2026-09-13,MADLANDS,15,open
2026-09-14T01:58:48.014822-04:00,2026-09-13,Ozzy Osbourne,50,open
2026-09-14T01:58:48.014822-04:00,2026-09-13,Sinners,10,open
2026-09-14T01:58:48.014822-04:00,2026-09-13,Stranger Things 5,5,open
2026-09-14T02:19:16.507626-04:00,2026-09-13,Cybergoria,0,closed
2026-09-14T02:19:16.507626-04:00,2026-09-13,Evil Dead Burn,0,closed
2026-09-14T02:19:16.507626-04:00,2026-09-13,H.R. Bloodengutz,0,closed
2026-09-14T02:19:16.507626-04:00,2026-09-13,Hellraiser,0,closed
2026-09-14T02:19:16.507626-04:00,2026-09-13,INVASION,0,closed
2026-09-14T02:19:16.507626-04:00,2026-09-13,Jack & Oddfellow,0,closed
2026-09-14T02:19:16.507626-04:00,2026-09-13,MADLANDS,0,closed
2026-09-14T02:19:16.507626-04:00,2026-09-13,Ozzy Osbourne,0,closed
2026-09-14T02:19:16.507626-04:00,2026-09-13,Sinners,0,closed
2026-09-14T02:19:16.507626-04:00,2026-09-13,Stranger Things 5,0,closed
2026-09-14T02:41:12.525680-04:00,2026-09-13,Cybergoria,0,closed
2026-09-14T02:41:12.525680-04:00,2026-09-13,Evil Dead Burn,0,closed
2026-09-14T02:41:12.525680-04:00,2026-09-13,H.R. Bloodengutz,0,closed
2026-09-14T02:41:12.525680-04:00,2026-09-13,Hellraiser,0,closed
2026-09-14T02:41:12.525680-04:00,2026-09-13,INVASION,0,closed
2026-09-14T02:41:12.525680-04:00,2026-09-13,Jack & Oddfellow,0,closed
2026-09-14T02:41:12.525680-04:00,2026-09-13,MADLANDS,0,closed
2026-09-14T02:41:12.525680-04:00,2026-09-13,Ozzy Osbourne,0,closed
2026-09-14T02:41:12.525680-04:00,2026-09-13,Sinners,0,closed
2026-09-14T02:41:12.525680-04:00,2026-09-13,Stranger Things 5,0,closed
2026-09-14T02:56:38.879318-04:00,2026-09-13,Cybergoria,0,closed
2026-09-14T02:56:38.879318-04:00,2026-09-13,Evil Dead Burn,0,closed
2026-09-14T02:56:38.879318-04:00,2026-09-13,H.R. Bloodengutz,0,closed
2026-09-14T02:56:38.879318-04:00,2026-09-13,Hellraiser,0,closed
2026-09-14T02:56:38.879318-04:00,2026-09-13,INVASION,0,closed
2026-09-14T02:56:38.879318-04:00,2026-09-13,Jack & Oddfellow,0,closed
2026-09-14T02:56:38.879318-04:00,2026-09-13,MADLANDS,0,closed
2026-09-14T02:56:38.879318-04:00,2026-09-13,Ozzy Osbourne,0,closed
2026-09-14T02:56:38.879318-04:00,2026-09-13,Sinners,0,closed
2026-09-14T02:56:38.879318-04:00,2026-09-13,Stranger Things 5,0,closed
2026-09-16T14:01:00.295089-04:00,2026-09-16,Cybergoria,0,closed
2026-09-16T14:01:00.295089-04:00,2026-09-16,Evil Dead Burn,0,closed
2026-09-16T14:01:00.295089-04:00,2026-09-16,H.R. Bloodengutz,0,closed
2026-09-16T14:01:00.295089-04:00,2026-09-16,Hellraiser,0,closed
2026-09-16T14:01:00.295089-04:00,2026-09-16,INVASION,0,closed
2026-09-16T14:01:00.295089-04:00,2026-09-16,Jack & Oddfellow,0,closed
2026-09-16T14:01:00.295089-04:00,2026-09-16,MADLANDS,0,closed
2026-09-16T14:01:00.295089-04:00,2026-09-16,Ozzy Osbourne,0,closed
2026-09-16T14:01:00.295089-04:00,2026-09-16,Sinners,0,closed
2026-09-16T14:01:00.295089-04:00,2026-09-16,Stranger Things 5,0,closed
2026-09-16T14:19:57.622214-04:00,2026-09-16,Cybergoria,0,closed
2026-09-16T14:19:57.622214-04:00,2026-09-16,Evil Dead Burn,0,closed
2026-09-16T14:19:57.622214-04:00,2026-09-16,H.R. Bloodengutz,0,closed
2026-09-16T14:19:57.622214-04:00,2026-09-16,Hellraiser,20,open
2026-09-16T14:19:57.622214-04:00,2026-09-16,INVASION,0,closed
2026-09-16T14:19:57.622214-04:00,2026-09-16,Jack & Oddfellow,30,open
2026-09-16T14:19:57.622214-04:00,2026-09-16,MADLANDS,0,closed
2026-09-16T14:19:57.622214-04:00,2026-09-16,Ozzy Osbourne,0,closed
2026-09-16T14:19:57.622214-04:00,2026-09-16,Sinners,0,closed
2026-09-16T14:19:57.622214-04:00,2026-09-16,Stranger Things 5,50,open
2026-09-16T14:36:12.971274-04:00,2026-09-16,Cybergoria,0,closed
2026-09-16T14:36:12.971274-04:00,2026-09-16,Evil Dead Burn,0,closed
2026-09-16T14:36:12.971274-04:00,2026-09-16,H.R. Bloodengutz,0,closed
2026-09-16T14:36:12.971274-04:00,2026-09-16,Hellraiser,45,open
2026-09-16T14:36:12.971274-04:00,2026-09-16,INVASION,0,closed
2026-09-16T14:36:12.971274-04:00,2026-09-16,Jack & Oddfellow,30,open
2026-09-16T14:36:12.971274-04:00,2026-09-16,MADLANDS,0,closed
2026-09-16T14:36:12.971274-04:00,2026-09-16,Ozzy Osbourne,0,closed
2026-09-16T14:36:12.971274-04:00,2026-09-16,Sinners,0,closed
2026-09-16T14:36:12.971274-04:00,2026-09-16,Stranger Things 5,50,open
2026-09-16T14:50:04.475696-04:00,2026-09-16,Cybergoria,0,closed
2026-09-16T14:50:04.475696-04:00,2026-09-16,Evil Dead Burn,0,closed
2026-09-16T14:50:04.475696-04:00,2026-09-16,H.R. Bloodengutz,0,closed
2026-09-16T14:50:04.475696-04:00,2026-09-16,Hellraiser,45,open
2026-09-16T14:50:04.475696-04:00,2026-09-16,INVASION,0,closed
2026-09-16T14:50:04.475696-04:00,2026-09-16,Jack & Oddfellow,45,open
2026-09-16T14:50:04.475696-04:00,2026-09-16,MADLANDS,0,closed
2026-09-16T14:50:04.475696-04:00,2026-09-16,Ozzy Osbourne,0,closed
2026-09-16T14:50:04.475696-04:00,2026-09-16,Sinners,0,closed
2026-09-16T14:50:04.475696-04:00,2026-09-16,Stranger Things 5,50,open
2026-09-16T14:58:29.061806-04:00,2026-09-16,Cybergoria,0,closed
2026-09-16T14:58:29.061806-04:00,2026-09-16,Evil Dead Burn,0,closed
2026-09-16T14:58:29.061806-04:00,2026-09-16,H.R. Bloodengutz,0,closed
2026-09-16T14:58:29.061806-04:00,2026-09-16,Hellraiser,45,open
2026-09-16T14:58:29.061806-04:00,2026-09-16,INVASION,0,closed
2026-09-16T14:58:29.061806-04:00,2026-09-16,Jack & Oddfellow,45,open
2026-09-16T14:58:29.061806-04:00,2026-09-16,MADLANDS,0,closed
2026-09-16T14:58:29.061806-04:00,2026-09-16,Ozzy Osbourne,0,closed
2026-09-16T14:58:29.061806-04:00,2026-09-16,Sinners,0,closed
2026-09-16T14:58:29.061806-04:00,2026-09-16,Stranger Things 5,50,open
2026-09-16T15:12:10.427331-04:00,2026-09-16,Cybergoria,0,closed
2026-09-16T15:12:10.427331-04:00,2026-09-16,Evil Dead Burn,0,closed
2026-09-16T15:12:10.427331-04:00,2026-09-16,H.R. Bloodengutz,0,closed
2026-09-16T15:12:10.427331-04:00,2026-09-16,Hellraiser,10,open
2026-09-16T15:12:10.427331-04:00,2026-09-16,INVASION,0,closed
2026-09-16T15:12:10.427331-04:00,2026-09-16,Jack & Oddfellow,45,open
2026-09-16T15:12:10.427331-04:00,2026-09-16,MADLANDS,0,closed
2026-09-16T15:12:10.427331-04:00,2026-09-16,Ozzy Osbourne,0,closed
2026-09-16T15:12:10.427331-04:00,2026-09-16,Sinners,0,closed
2026-09-16T15:12:10.427331-04:00,2026-09-16,Stranger Things 5,50,open
2026-09-16T15:25:33.204390-04:00,2026-09-16,Cybergoria,0,closed
2026-09-16T15:25:33.204390-04:00,2026-09-16,Evil Dead Burn,0,closed
2026-09-16T15:25:33.204390-04:00,2026-09-16,H.R. Bloodengutz,0,closed
2026-09-16T15:25:33.204390-04:00,2026-09-16,Hellraiser,10,open
2026-09-16T15:25:33.204390-04:00,2026-09-16,INVASION,0,closed
2026-09-16T15:25:33.204390-04:00,2026-09-16,Jack & Oddfellow,45,open
2026-09-16T15:25:33.204390-04:00,2026-09-16,MADLANDS,0,closed
2026-09-16T15:25:33.204390-04:00,2026-09-16,Ozzy Osbourne,0,closed
2026-09-16T15:25:33.204390-04:00,2026-09-16,Sinners,0,closed
2026-09-16T15:25:33.204390-04:00,2026-09-16,Stranger Things 5,40,open
2026-09-16T15:36:28.006670-04:00,2026-09-16,Cybergoria,0,closed
2026-09-16T15:36:28.006670-04:00,2026-09-16,Evil Dead Burn,0,closed
2026-09-16T15:36:28.006670-04:00,2026-09-16,H.R. Bloodengutz,0,closed
2026-09-16T15:36:28.006670-04:00,2026-09-16,Hellraiser,35,open
2026-09-16T15:36:28.006670-04:00,2026-09-16,INVASION,0,closed
2026-09-16T15:36:28.006670-04:00,2026-09-16,Jack & Oddfellow,45,open
2026-09-16T15:36:28.006670-04:00,2026-09-16,MADLANDS,0,closed
2026-09-16T15:36:28.006670-04:00,2026-09-16,Ozzy Osbourne,0,closed
2026-09-16T15:36:28.006670-04:00,2026-09-16,Sinners,0,closed
2026-09-16T15:36:28.006670-04:00,2026-09-16,Stranger Things 5,40,open
2026-09-16T15:44:51.248267-04:00,2026-09-16,Cybergoria,0,closed
2026-09-16T15:44:51.248267-04:00,2026-09-16,Evil Dead Burn,0,closed
2026-09-16T15:44:51.248267-04:00,2026-09-16,H.R. Bloodengutz,0,closed
2026-09-16T15:44:51.248267-04:00,2026-09-16,Hellraiser,45,open
2026-09-16T15:44:51.248267-04:00,2026-09-16,INVASION,0,closed
2026-09-16T15:44:51.248267-04:00,2026-09-16,Jack & Oddfellow,45,open
2026-09-16T15:44:51.248267-04:00,2026-09-16,MADLANDS,0,closed
2026-09-16T15:44:51.248267-04:00,2026-09-16,Ozzy Osbourne,0,closed
2026-09-16T15:44:51.248267-04:00,2026-09-16,Sinners,0,closed
2026-09-16T15:44:51.248267-04:00,2026-09-16,Stranger Things 5,40,open
2026-09-16T15:53:10.358649-04:00,2026-09-16,Cybergoria,0,closed
2026-09-16T15:53:10.358649-04:00,2026-09-16,Evil Dead Burn,0,closed
2026-09-16T15:53:10.358649-04:00,2026-09-16,H.R. Bloodengutz,0,closed
2026-09-16T15:53:10.358649-04:00,2026-09-16,Hellraiser,45,open
2026-09-16T15:53:10.358649-04:00,2026-09-16,INVASION,0,closed
2026-09-16T15:53:10.358649-04:00,2026-09-16,Jack & Oddfellow,40,open
2026-09-16T15:53:10.358649-04:00,2026-09-16,MADLANDS,0,closed
2026-09-16T15:53:10.358649-04:00,2026-09-16,Ozzy Osbourne,0,closed
2026-09-16T15:53:10.358649-04:00,2026-09-16,Sinners,0,closed
2026-09-16T15:53:10.358649-04:00,2026-09-16,Stranger Things 5,35,open
2026-09-16T16:02:14.014141-04:00,2026-09-16,Cybergoria,0,closed
2026-09-16T16:02:14.014141-04:00,2026-09-16,Evil Dead Burn,0,closed
2026-09-16T16:02:14.014141-04:00,2026-09-16,H.R. Bloodengutz,0,closed
2026-09-16T16:02:14.014141-04:00,2026-09-16,Hellraiser,45,open
2026-09-16T16:02:14.014141-04:00,2026-09-16,INVASION,0,closed
2026-09-16T16:02:14.014141-04:00,2026-09-16,Jack & Oddfellow,40,open
2026-09-16T16:02:14.014141-04:00,2026-09-16,MADLANDS,0,closed
2026-09-16T16:02:14.014141-04:00,2026-09-16,Ozzy Osbourne,0,closed
2026-09-16T16:02:14.014141-04:00,2026-09-16,Sinners,0,closed
2026-09-16T16:02:14.014141-04:00,2026-09-16,Stranger Things 5,35,open
2026-09-16T16:19:20.764543-04:00,2026-09-16,Cybergoria,0,closed
2026-09-16T16:19:20.764543-04:00,2026-09-16,Evil Dead Burn,0,closed
2026-09-16T16:19:20.764543-04:00,2026-09-16,H.R. Bloodengutz,0,closed
2026-09-16T16:19:20.764543-04:00,2026-09-16,Hellraiser,45,open
2026-09-16T16:19:20.764543-04:00,2026-09-16,INVASION,0,closed
2026-09-16T16:19:20.764543-04:00,2026-09-16,Jack & Oddfellow,40,open
2026-09-16T16:19:20.764543-04:00,2026-09-16,MADLANDS,0,closed
2026-09-16T16:19:20.764543-04:00,2026-09-16,Ozzy Osbourne,0,closed
2026-09-16T16:19:20.764543-04:00,2026-09-16,Sinners,0,closed
2026-09-16T16:19:20.764543-04:00,2026-09-16,Stranger Things 5,35,open
2026-09-16T16:33:00.304783-04:00,2026-09-16,Cybergoria,0,closed
2026-09-16T16:33:00.304783-04:00,2026-09-16,Evil Dead Burn,0,closed
2026-09-16T16:33:00.304783-04:00,2026-09-16,H.R. Bloodengutz,0,closed
2026-09-16T16:33:00.304783-04:00,2026-09-16,Hellraiser,45,open
2026-09-16T16:33:00.304783-04:00,2026-09-16,INVASION,0,closed
2026-09-16T16:33:00.304783-04:00,2026-09-16,Jack & Oddfellow,30,open
2026-09-16T16:33:00.304783-04:00,2026-09-16,MADLANDS,0,closed
2026-09-16T16:33:00.304783-04:00,2026-09-16,Ozzy Osbourne,0,closed
2026-09-16T16:33:00.304783-04:00,2026-09-16,Sinners,0,closed
2026-09-16T16:33:00.304783-04:00,2026-09-16,Stranger Things 5,35,open
2026-09-16T16:45:55.001695-04:00,2026-09-16,Cybergoria,0,closed
2026-09-16T16:45:55.001695-04:00,2026-09-16,Evil Dead Burn,0,closed
2026-09-16T16:45:55.001695-04:00,2026-09-16,H.R. Bloodengutz,0,closed
2026-09-16T16:45:55.001695-04:00,2026-09-16,Hellraiser,35,open
2026-09-16T16:45:55.001695-04:00,2026-09-16,INVASION,0,closed
2026-09-16T16:45:55.001695-04:00,2026-09-16,Jack & Oddfellow,30,open
2026-09-16T16:45:55.001695-04:00,2026-09-16,MADLANDS,0,closed
2026-09-16T16:45:55.001695-04:00,2026-09-16,Ozzy Osbourne,0,closed
2026-09-16T16:45:55.001695-04:00,2026-09-16,Sinners,0,closed
2026-09-16T16:45:55.001695-04:00,2026-09-16,Stranger Things 5,35,open
2026-09-16T16:55:40.573106-04:00,2026-09-16,Cybergoria,0,closed
2026-09-16T16:55:40.573106-04:00,2026-09-16,Evil Dead Burn,0,closed
2026-09-16T16:55:40.573106-04:00,2026-09-16,H.R. Bloodengutz,0,closed
2026-09-16T16:55:40.573106-04:00,2026-09-16,Hellraiser,35,open
2026-09-16T16:55:40.573106-04:00,2026-09-16,INVASION,0,closed
2026-09-16T16:55:40.573106-04:00,2026-09-16,Jack & Oddfellow,30,open
2026-09-16T16:55:40.573106-04:00,2026-09-16,MADLANDS,0,closed
2026-09-16T16:55:40.573106-04:00,2026-09-16,Ozzy Osbourne,0,closed
2026-09-16T16:55:40.573106-04:00,2026-09-16,Sinners,0,closed
2026-09-16T16:55:40.573106-04:00,2026-09-16,Stranger Things 5,25,open
2026-09-16T17:07:09.291594-04:00,2026-09-16,Cybergoria,0,closed
2026-09-16T17:07:09.291594-04:00,2026-09-16,Evil Dead Burn,0,closed
2026-09-16T17:07:09.291594-04:00,2026-09-16,H.R. Bloodengutz,0,closed
2026-09-16T17:07:09.291594-04:00,2026-09-16,Hellraiser,35,open
2026-09-16T17:07:09.291594-04:00,2026-09-16,INVASION,0,closed
2026-09-16T17:07:09.291594-04:00,2026-09-16,Jack & Oddfellow,30,open
2026-09-16T17:07:09.291594-04:00,2026-09-16,MADLANDS,0,closed
2026-09-16T17:07:09.291594-04:00,2026-09-16,Ozzy Osbourne,0,closed
2026-09-16T17:07:09.291594-04:00,2026-09-16,Sinners,0,closed
2026-09-16T17:07:09.291594-04:00,2026-09-16,Stranger Things 5,25,open
2026-09-16T17:22:04.492508-04:00,2026-09-16,Cybergoria,0,closed
2026-09-16T17:22:04.492508-04:00,2026-09-16,Evil Dead Burn,0,closed
2026-09-16T17:22:04.492508-04:00,2026-09-16,H.R. Bloodengutz,0,closed
2026-09-16T17:22:04.492508-04:00,2026-09-16,Hellraiser,20,open
2026-09-16T17:22:04.492508-04:00,2026-09-16,INVASION,0,closed
2026-09-16T17:22:04.492508-04:00,2026-09-16,Jack & Oddfellow,30,open
2026-09-16T17:22:04.492508-04:00,2026-09-16,MADLANDS,0,closed
2026-09-16T17:22:04.492508-04:00,2026-09-16,Ozzy Osbourne,0,closed
2026-09-16T17:22:04.492508-04:00,2026-09-16,Sinners,0,closed
2026-09-16T17:22:04.492508-04:00,2026-09-16,Stranger Things 5,25,open
2026-09-16T17:34:05.455493-04:00,2026-09-16,Cybergoria,0,closed
2026-09-16T17:34:05.455493-04:00,2026-09-16,Evil Dead Burn,0,closed
2026-09-16T17:34:05.455493-04:00,2026-09-16,H.R. Bloodengutz,0,closed
2026-09-16T17:34:05.455493-04:00,2026-09-16,Hellraiser,20,open
2026-09-16T17:34:05.455493-04:00,2026-09-16,INVASION,0,closed
2026-09-16T17:34:05.455493-04:00,2026-09-16,Jack & Oddfellow,30,open
2026-09-16T17:34:05.455493-04:00,2026-09-16,MADLANDS,0,closed
2026-09-16T17:34:05.455493-04:00,2026-09-16,Ozzy Osbourne,90,open
2026-09-16T17:34:05.455493-04:00,2026-09-16,Sinners,120,open
2026-09-16T17:34:05.455493-04:00,2026-09-16,Stranger Things 5,20,open
2026-09-16T17:45:52.074348-04:00,2026-09-16,Cybergoria,25,open
2026-09-16T17:45:52.074348-04:00,2026-09-16,Evil Dead Burn,0,closed
2026-09-16T17:45:52.074348-04:00,2026-09-16,H.R. Bloodengutz,0,closed
2026-09-16T17:45:52.074348-04:00,2026-09-16,Hellraiser,15,open
2026-09-16T17:45:52.074348-04:00,2026-09-16,INVASION,0,closed
2026-09-16T17:45:52.074348-04:00,2026-09-16,Jack & Oddfellow,20,open
2026-09-16T17:45:52.074348-04:00,2026-09-16,MADLANDS,0,closed
2026-09-16T17:45:52.074348-04:00,2026-09-16,Ozzy Osbourne,125,open
2026-09-16T17:45:52.074348-04:00,2026-09-16,Sinners,100,open
2026-09-16T17:45:52.074348-04:00,2026-09-16,Stranger Things 5,10,open
2026-09-16T17:54:20.315207-04:00,2026-09-16,Cybergoria,25,open
2026-09-16T17:54:20.315207-04:00,2026-09-16,Evil Dead Burn,30,open
2026-09-16T17:54:20.315207-04:00,2026-09-16,H.R. Bloodengutz,60,open
2026-09-16T17:54:20.315207-04:00,2026-09-16,Hellraiser,15,open
2026-09-16T17:54:20.315207-04:00,2026-09-16,INVASION,0,closed
2026-09-16T17:54:20.315207-04:00,2026-09-16,Jack & Oddfellow,20,open
2026-09-16T17:54:20.315207-04:00,2026-09-16,MADLANDS,0,closed
2026-09-16T17:54:20.315207-04:00,2026-09-16,Ozzy Osbourne,125,open
2026-09-16T17:54:20.315207-04:00,2026-09-16,Sinners,100,open
2026-09-16T17:54:20.315207-04:00,2026-09-16,Stranger Things 5,10,open
2026-09-16T18:03:58.928498-04:00,2026-09-16,Cybergoria,25,open
2026-09-16T18:03:58.928498-04:00,2026-09-16,Evil Dead Burn,30,open
2026-09-16T18:03:58.928498-04:00,2026-09-16,H.R. Bloodengutz,60,open
2026-09-16T18:03:58.928498-04:00,2026-09-16,Hellraiser,10,open
2026-09-16T18:03:58.928498-04:00,2026-09-16,INVASION,0,closed
2026-09-16T18:03:58.928498-04:00,2026-09-16,Jack & Oddfellow,15,open
2026-09-16T18:03:58.928498-04:00,2026-09-16,MADLANDS,20,open
2026-09-16T18:03:58.928498-04:00,2026-09-16,Ozzy Osbourne,100,open
2026-09-16T18:03:58.928498-04:00,2026-09-16,Sinners,80,open
2026-09-16T18:03:58.928498-04:00,2026-09-16,Stranger Things 5,10,open
2026-09-16T18:19:01.060457-04:00,2026-09-16,Cybergoria,35,open
2026-09-16T18:19:01.060457-04:00,2026-09-16,Evil Dead Burn,30,open
2026-09-16T18:19:01.060457-04:00,2026-09-16,H.R. Bloodengutz,40,open
2026-09-16T18:19:01.060457-04:00,2026-09-16,Hellraiser,10,open
2026-09-16T18:19:01.060457-04:00,2026-09-16,INVASION,10,open
2026-09-16T18:19:01.060457-04:00,2026-09-16,Jack & Oddfellow,20,open
2026-09-16T18:19:01.060457-04:00,2026-09-16,MADLANDS,40,open
2026-09-16T18:19:01.060457-04:00,2026-09-16,Ozzy Osbourne,65,open
2026-09-16T18:19:01.060457-04:00,2026-09-16,Sinners,80,open
2026-09-16T18:19:01.060457-04:00,2026-09-16,Stranger Things 5,20,open
2026-09-16T18:31:26.026230-04:00,2026-09-16,Cybergoria,35,open
2026-09-16T18:31:26.026230-04:00,2026-09-16,Evil Dead Burn,30,open
2026-09-16T18:31:26.026230-04:00,2026-09-16,H.R. Bloodengutz,30,open
2026-09-16T18:31:26.026230-04:00,2026-09-16,Hellraiser,10,open
2026-09-16T18:31:26.026230-04:00,2026-09-16,INVASION,40,open
2026-09-16T18:31:26.026230-04:00,2026-09-16,Jack & Oddfellow,30,open
2026-09-16T18:31:26.026230-04:00,2026-09-16,MADLANDS,45,open
2026-09-16T18:31:26.026230-04:00,2026-09-16,Ozzy Osbourne,65,open
2026-09-16T18:31:26.026230-04:00,2026-09-16,Sinners,55,open
2026-09-16T18:31:26.026230-04:00,2026-09-16,Stranger Things 5,20,open
2026-09-16T18:43:07.707899-04:00,2026-09-16,Cybergoria,50,open
2026-09-16T18:43:07.707899-04:00,2026-09-16,Evil Dead Burn,30,open
2026-09-16T18:43:07.707899-04:00,2026-09-16,H.R. Bloodengutz,55,open
2026-09-16T18:43:07.707899-04:00,2026-09-16,Hellraiser,30,open
2026-09-16T18:43:07.707899-04:00,2026-09-16,INVASION,40,open
2026-09-16T18:43:07.707899-04:00,2026-09-16,Jack & Oddfellow,30,open
2026-09-16T18:43:07.707899-04:00,2026-09-16,MADLANDS,50,open
2026-09-16T18:43:07.707899-04:00,2026-09-16,Ozzy Osbourne,65,open
2026-09-16T18:43:07.707899-04:00,2026-09-16,Sinners,55,open
2026-09-16T18:43:07.707899-04:00,2026-09-16,Stranger Things 5,35,open
2026-09-16T18:51:53.069509-04:00,2026-09-16,Cybergoria,50,open
2026-09-16T18:51:53.069509-04:00,2026-09-16,Evil Dead Burn,30,open
2026-09-16T18:51:53.069509-04:00,2026-09-16,H.R. Bloodengutz,55,open
2026-09-16T18:51:53.069509-04:00,2026-09-16,Hellraiser,30,open
2026-09-16T18:51:53.069509-04:00,2026-09-16,INVASION,40,open
2026-09-16T18:51:53.069509-04:00,2026-09-16,Jack & Oddfellow,30,open
2026-09-16T18:51:53.069509-04:00,2026-09-16,MADLANDS,40,open
2026-09-16T18:51:53.069509-04:00,2026-09-16,Ozzy Osbourne,65,open
2026-09-16T18:51:53.069509-04:00,2026-09-16,Sinners,55,open
2026-09-16T18:51:53.069509-04:00,2026-09-16,Stranger Things 5,45,open
2026-09-16T18:59:38.610170-04:00,2026-09-16,Cybergoria,50,open
2026-09-16T18:59:38.610170-04:00,2026-09-16,Evil Dead Burn,45,open
2026-09-16T18:59:38.610170-04:00,2026-09-16,H.R. Bloodengutz,55,open
2026-09-16T18:59:38.610170-04:00,2026-09-16,Hellraiser,45,open
2026-09-16T18:59:38.610170-04:00,2026-09-16,INVASION,40,open
2026-09-16T18:59:38.610170-04:00,2026-09-16,Jack & Oddfellow,40,open
2026-09-16T18:59:38.610170-04:00,2026-09-16,MADLANDS,40,open
2026-09-16T18:59:38.610170-04:00,2026-09-16,Ozzy Osbourne,130,open
2026-09-16T18:59:38.610170-04:00,2026-09-16,Sinners,45,open
2026-09-16T18:59:38.610170-04:00,2026-09-16,Stranger Things 5,45,open
2026-09-16T19:14:13.188103-04:00,2026-09-16,Cybergoria,40,open
2026-09-16T19:14:13.188103-04:00,2026-09-16,Evil Dead Burn,55,open
2026-09-16T19:14:13.188103-04:00,2026-09-16,H.R. Bloodengutz,55,open
2026-09-16T19:14:13.188103-04:00,2026-09-16,Hellraiser,45,open
2026-09-16T19:14:13.188103-04:00,2026-09-16,INVASION,50,open
2026-09-16T19:14:13.188103-04:00,2026-09-16,Jack & Oddfellow,45,open
2026-09-16T19:14:13.188103-04:00,2026-09-16,MADLANDS,45,open
2026-09-16T19:14:13.188103-04:00,2026-09-16,Ozzy Osbourne,130,open
2026-09-16T19:14:13.188103-04:00,2026-09-16,Sinners,65,open
2026-09-16T19:14:13.188103-04:00,2026-09-16,Stranger Things 5,45,open
2026-09-16T19:26:48.414075-04:00,2026-09-16,Cybergoria,50,open
2026-09-16T19:26:48.414075-04:00,2026-09-16,Evil Dead Burn,55,open
2026-09-16T19:26:48.414075-04:00,2026-09-16,H.R. Bloodengutz,55,open
2026-09-16T19:26:48.414075-04:00,2026-09-16,Hellraiser,45,open
2026-09-16T19:26:48.414075-04:00,2026-09-16,INVASION,50,open
2026-09-16T19:26:48.414075-04:00,2026-09-16,Jack & Oddfellow,45,open
2026-09-16T19:26:48.414075-04:00,2026-09-16,MADLANDS,45,open
2026-09-16T19:26:48.414075-04:00,2026-09-16,Ozzy Osbourne,150,open
2026-09-16T19:26:48.414075-04:00,2026-09-16,Sinners,65,open
2026-09-16T19:26:48.414075-04:00,2026-09-16,Stranger Things 5,55,open
2026-09-16T19:37:52.927602-04:00,2026-09-16,Cybergoria,50,open
2026-09-16T19:37:52.927602-04:00,2026-09-16,Evil Dead Burn,40,open
2026-09-16T19:37:52.927602-04:00,2026-09-16,H.R. Bloodengutz,55,open
2026-09-16T19:37:52.927602-04:00,2026-09-16,Hellraiser,45,open
2026-09-16T19:37:52.927602-04:00,2026-09-16,INVASION,40,open
2026-09-16T19:37:52.927602-04:00,2026-09-16,Jack & Oddfellow,40,open
2026-09-16T19:37:52.927602-04:00,2026-09-16,MADLANDS,55,open
2026-09-16T19:37:52.927602-04:00,2026-09-16,Ozzy Osbourne,150,open
2026-09-16T19:37:52.927602-04:00,2026-09-16,Sinners,95,open
2026-09-16T19:37:52.927602-04:00,2026-09-16,Stranger Things 5,55,open
2026-09-16T19:46:11.281672-04:00,2026-09-16,Cybergoria,50,open
2026-09-16T19:46:11.281672-04:00,2026-09-16,Evil Dead Burn,40,open
2026-09-16T19:46:11.281672-04:00,2026-09-16,H.R. Bloodengutz,55,open
2026-09-16T19:46:11.281672-04:00,2026-09-16,Hellraiser,45,open
2026-09-16T19:46:11.281672-04:00,2026-09-16,INVASION,40,open
2026-09-16T19:46:11.281672-04:00,2026-09-16,Jack & Oddfellow,45,open
2026-09-16T19:46:11.281672-04:00,2026-09-16,MADLANDS,55,open
2026-09-16T19:46:11.281672-04:00,2026-09-16,Ozzy Osbourne,150,open
2026-09-16T19:46:11.281672-04:00,2026-09-16,Sinners,95,open
2026-09-16T19:46:11.281672-04:00,2026-09-16,Stranger Things 5,55,open
2026-09-16T19:54:20.900398-04:00,2026-09-16,Cybergoria,50,open
2026-09-16T19:54:20.900398-04:00,2026-09-16,Evil Dead Burn,40,open
2026-09-16T19:54:20.900398-04:00,2026-09-16,H.R. Bloodengutz,55,open
2026-09-16T19:54:20.900398-04:00,2026-09-16,Hellraiser,30,open
2026-09-16T19:54:20.900398-04:00,2026-09-16,INVASION,40,open
2026-09-16T19:54:20.900398-04:00,2026-09-16,Jack & Oddfellow,55,open
2026-09-16T19:54:20.900398-04:00,2026-09-16,MADLANDS,55,open
2026-09-16T19:54:20.900398-04:00,2026-09-16,Ozzy Osbourne,110,open
2026-09-16T19:54:20.900398-04:00,2026-09-16,Sinners,95,open
2026-09-16T19:54:20.900398-04:00,2026-09-16,Stranger Things 5,55,open
2026-09-16T20:05:23.933351-04:00,2026-09-16,Cybergoria,50,open
2026-09-16T20:05:23.933351-04:00,2026-09-16,Evil Dead Burn,50,open
2026-09-16T20:05:23.933351-04:00,2026-09-16,H.R. Bloodengutz,55,open
2026-09-16T20:05:23.933351-04:00,2026-09-16,Hellraiser,40,open
2026-09-16T20:05:23.933351-04:00,2026-09-16,INVASION,40,open
2026-09-16T20:05:23.933351-04:00,2026-09-16,Jack & Oddfellow,55,open
2026-09-16T20:05:23.933351-04:00,2026-09-16,MADLANDS,50,open
2026-09-16T20:05:23.933351-04:00,2026-09-16,Ozzy Osbourne,90,open
2026-09-16T20:05:23.933351-04:00,2026-09-16,Sinners,95,open
2026-09-16T20:05:23.933351-04:00,2026-09-16,Stranger Things 5,55,open
2026-09-16T20:27:32.327743-04:00,2026-09-16,Cybergoria,65,open
2026-09-16T20:27:32.327743-04:00,2026-09-16,Evil Dead Burn,50,open
2026-09-16T20:27:32.327743-04:00,2026-09-16,H.R. Bloodengutz,80,open
2026-09-16T20:27:32.327743-04:00,2026-09-16,Hellraiser,70,open
2026-09-16T20:27:32.327743-04:00,2026-09-16,INVASION,55,open
2026-09-16T20:27:32.327743-04:00,2026-09-16,Jack & Oddfellow,50,open
2026-09-16T20:27:32.327743-04:00,2026-09-16,MADLANDS,55,open
2026-09-16T20:27:32.327743-04:00,2026-09-16,Ozzy Osbourne,60,open
2026-09-16T20:27:32.327743-04:00,2026-09-16,Sinners,95,open
2026-09-16T20:27:32.327743-04:00,2026-09-16,Stranger Things 5,40,open
2026-09-16T20:44:26.724894-04:00,2026-09-16,Cybergoria,105,open
2026-09-16T20:44:26.724894-04:00,2026-09-16,Evil Dead Burn,50,open
2026-09-16T20:44:26.724894-04:00,2026-09-16,H.R. Bloodengutz,80,open
2026-09-16T20:44:26.724894-04:00,2026-09-16,Hellraiser,90,open
2026-09-16T20:44:26.724894-04:00,2026-09-16,INVASION,80,open
2026-09-16T20:44:26.724894-04:00,2026-09-16,Jack & Oddfellow,45,open
2026-09-16T20:44:26.724894-04:00,2026-09-16,MADLANDS,50,open
2026-09-16T20:44:26.724894-04:00,2026-09-16,Ozzy Osbourne,60,open
2026-09-16T20:44:26.724894-04:00,2026-09-16,Sinners,125,open
2026-09-16T20:44:26.724894-04:00,2026-09-16,Stranger Things 5,40,open
2026-09-16T20:57:43.837599-04:00,2026-09-16,Cybergoria,85,open
2026-09-16T20:57:43.837599-04:00,2026-09-16,Evil Dead Burn,50,open
2026-09-16T20:57:43.837599-04:00,2026-09-16,H.R. Bloodengutz,80,open
2026-09-16T20:57:43.837599-04:00,2026-09-16,Hellraiser,90,open
2026-09-16T20:57:43.837599-04:00,2026-09-16,INVASION,80,open
2026-09-16T20:57:43.837599-04:00,2026-09-16,Jack & Oddfellow,65,open
2026-09-16T20:57:43.837599-04:00,2026-09-16,MADLANDS,50,open
2026-09-16T20:57:43.837599-04:00,2026-09-16,Ozzy Osbourne,100,open
2026-09-16T20:57:43.837599-04:00,2026-09-16,Sinners,110,open
2026-09-16T20:57:43.837599-04:00,2026-09-16,Stranger Things 5,50,open
2026-09-16T21:11:09.696230-04:00,2026-09-16,Cybergoria,80,open
2026-09-16T21:11:09.696230-04:00,2026-09-16,Evil Dead Burn,55,open
2026-09-16T21:11:09.696230-04:00,2026-09-16,H.R. Bloodengutz,80,open
2026-09-16T21:11:09.696230-04:00,2026-09-16,Hellraiser,70,open
2026-09-16T21:11:09.696230-04:00,2026-09-16,INVASION,80,open
2026-09-16T21:11:09.696230-04:00,2026-09-16,Jack & Oddfellow,65,open
2026-09-16T21:11:09.696230-04:00,2026-09-16,MADLANDS,50,open
2026-09-16T21:11:09.696230-04:00,2026-09-16,Ozzy Osbourne,100,open
2026-09-16T21:11:09.696230-04:00,2026-09-16,Sinners,100,open
2026-09-16T21:11:09.696230-04:00,2026-09-16,Stranger Things 5,50,open
2026-09-16T21:25:47.295274-04:00,2026-09-16,Cybergoria,90,open
2026-09-16T21:25:47.295274-04:00,2026-09-16,Evil Dead Burn,65,open
2026-09-16T21:25:47.295274-04:00,2026-09-16,H.R. Bloodengutz,60,open
2026-09-16T21:25:47.295274-04:00,2026-09-16,Hellraiser,55,open
2026-09-16T21:25:47.295274-04:00,2026-09-16,INVASION,40,open
2026-09-16T21:25:47.295274-04:00,2026-09-16,Jack & Oddfellow,55,open
2026-09-16T21:25:47.295274-04:00,2026-09-16,MADLANDS,50,open
2026-09-16T21:25:47.295274-04:00,2026-09-16,Ozzy Osbourne,85,open
2026-09-16T21:25:47.295274-04:00,2026-09-16,Sinners,100,open
2026-09-16T21:25:47.295274-04:00,2026-09-16,Stranger Things 5,50,open
2026-09-16T21:38:02.500624-04:00,2026-09-16,Cybergoria,70,open
2026-09-16T21:38:02.500624-04:00,2026-09-16,Evil Dead Burn,65,open
2026-09-16T21:38:02.500624-04:00,2026-09-16,H.R. Bloodengutz,60,open
2026-09-16T21:38:02.500624-04:00,2026-09-16,Hellraiser,35,open
2026-09-16T21:38:02.500624-04:00,2026-09-16,INVASION,60,open
2026-09-16T21:38:02.500624-04:00,2026-09-16,Jack & Oddfellow,55,open
2026-09-16T21:38:02.500624-04:00,2026-09-16,MADLANDS,50,open
2026-09-16T21:38:02.500624-04:00,2026-09-16,Ozzy Osbourne,90,open
2026-09-16T21:38:02.500624-04:00,2026-09-16,Sinners,105,open
2026-09-16T21:38:02.500624-04:00,2026-09-16,Stranger Things 5,65,open
2026-09-16T21:49:34.772881-04:00,2026-09-16,Cybergoria,70,open
2026-09-16T21:49:34.772881-04:00,2026-09-16,Evil Dead Burn,65,open
2026-09-16T21:49:34.772881-04:00,2026-09-16,H.R. Bloodengutz,60,open
2026-09-16T21:49:34.772881-04:00,2026-09-16,Hellraiser,65,open
2026-09-16T21:49:34.772881-04:00,2026-09-16,INVASION,60,open
2026-09-16T21:49:34.772881-04:00,2026-09-16,Jack & Oddfellow,55,open
2026-09-16T21:49:34.772881-04:00,2026-09-16,MADLANDS,50,open
2026-09-16T21:49:34.772881-04:00,2026-09-16,Ozzy Osbourne,120,open
2026-09-16T21:49:34.772881-04:00,2026-09-16,Sinners,105,open
2026-09-16T21:49:34.772881-04:00,2026-09-16,Stranger Things 5,65,open
2026-09-16T21:59:08.050556-04:00,2026-09-16,Cybergoria,70,open
2026-09-16T21:59:08.050556-04:00,2026-09-16,Evil Dead Burn,65,open
2026-09-16T21:59:08.050556-04:00,2026-09-16,H.R. Bloodengutz,65,open
2026-09-16T21:59:08.050556-04:00,2026-09-16,Hellraiser,90,open
2026-09-16T21:59:08.050556-04:00,2026-09-16,INVASION,60,open
2026-09-16T21:59:08.050556-04:00,2026-09-16,Jack & Oddfellow,55,open
2026-09-16T21:59:08.050556-04:00,2026-09-16,MADLANDS,50,open
2026-09-16T21:59:08.050556-04:00,2026-09-16,Ozzy Osbourne,120,open
2026-09-16T21:59:08.050556-04:00,2026-09-16,Sinners,105,open
2026-09-16T21:59:08.050556-04:00,2026-09-16,Stranger Things 5,65,open
2026-09-16T22:14:06.025067-04:00,2026-09-16,Cybergoria,55,open
2026-09-16T22:14:06.025067-04:00,2026-09-16,Evil Dead Burn,65,open
2026-09-16T22:14:06.025067-04:00,2026-09-16,H.R. Bloodengutz,70,open
2026-09-16T22:14:06.025067-04:00,2026-09-16,Hellraiser,90,open
2026-09-16T22:14:06.025067-04:00,2026-09-16,INVASION,60,open
2026-09-16T22:14:06.025067-04:00,2026-09-16,Jack & Oddfellow,55,open
2026-09-16T22:14:06.025067-04:00,2026-09-16,MADLANDS,50,open
2026-09-16T22:14:06.025067-04:00,2026-09-16,Ozzy Osbourne,120,open
2026-09-16T22:14:06.025067-04:00,2026-09-16,Sinners,105,open
2026-09-16T22:14:06.025067-04:00,2026-09-16,Stranger Things 5,45,open
2026-09-16T22:28:31.272084-04:00,2026-09-16,Cybergoria,65,open
2026-09-16T22:28:31.272084-04:00,2026-09-16,Evil Dead Burn,50,open
2026-09-16T22:28:31.272084-04:00,2026-09-16,H.R. Bloodengutz,70,open
2026-09-16T22:28:31.272084-04:00,2026-09-16,Hellraiser,60,open
2026-09-16T22:28:31.272084-04:00,2026-09-16,INVASION,45,open
2026-09-16T22:28:31.272084-04:00,2026-09-16,Jack & Oddfellow,55,open
2026-09-16T22:28:31.272084-04:00,2026-09-16,MADLANDS,50,open
2026-09-16T22:28:31.272084-04:00,2026-09-16,Ozzy Osbourne,90,open
2026-09-16T22:28:31.272084-04:00,2026-09-16,Sinners,105,open
2026-09-16T22:28:31.272084-04:00,2026-09-16,Stranger Things 5,40,open
2026-09-16T22:41:59.352479-04:00,2026-09-16,Cybergoria,80,open
2026-09-16T22:41:59.352479-04:00,2026-09-16,Evil Dead Burn,30,open
2026-09-16T22:41:59.352479-04:00,2026-09-16,H.R. Bloodengutz,70,open
2026-09-16T22:41:59.352479-04:00,2026-09-16,Hellraiser,50,open
2026-09-16T22:41:59.352479-04:00,2026-09-16,INVASION,60,open
2026-09-16T22:41:59.352479-04:00,2026-09-16,Jack & Oddfellow,55,open
2026-09-16T22:41:59.352479-04:00,2026-09-16,MADLANDS,50,open
2026-09-16T22:41:59.352479-04:00,2026-09-16,Ozzy Osbourne,90,open
2026-09-16T22:41:59.352479-04:00,2026-09-16,Sinners,105,open
2026-09-16T22:41:59.352479-04:00,2026-09-16,Stranger Things 5,40,open
2026-09-16T22:53:01.276339-04:00,2026-09-16,Cybergoria,80,open
2026-09-16T22:53:01.276339-04:00,2026-09-16,Evil Dead Burn,45,open
2026-09-16T22:53:01.276339-04:00,2026-09-16,H.R. Bloodengutz,70,open
2026-09-16T22:53:01.276339-04:00,2026-09-16,Hellraiser,50,open
2026-09-16T22:53:01.276339-04:00,2026-09-16,INVASION,60,open
2026-09-16T22:53:01.276339-04:00,2026-09-16,Jack & Oddfellow,65,open
2026-09-16T22:53:01.276339-04:00,2026-09-16,MADLANDS,50,open
2026-09-16T22:53:01.276339-04:00,2026-09-16,Ozzy Osbourne,80,open
2026-09-16T22:53:01.276339-04:00,2026-09-16,Sinners,105,open
2026-09-16T22:53:01.276339-04:00,2026-09-16,Stranger Things 5,40,open
2026-09-16T23:01:27.274010-04:00,2026-09-16,Cybergoria,80,open
2026-09-16T23:01:27.274010-04:00,2026-09-16,Evil Dead Burn,45,open
2026-09-16T23:01:27.274010-04:00,2026-09-16,H.R. Bloodengutz,65,open
2026-09-16T23:01:27.274010-04:00,2026-09-16,Hellraiser,50,open
2026-09-16T23:01:27.274010-04:00,2026-09-16,INVASION,60,open
2026-09-16T23:01:27.274010-04:00,2026-09-16,Jack & Oddfellow,65,open
2026-09-16T23:01:27.274010-04:00,2026-09-16,MADLANDS,50,open
2026-09-16T23:01:27.274010-04:00,2026-09-16,Ozzy Osbourne,80,open
2026-09-16T23:01:27.274010-04:00,2026-09-16,Sinners,105,open
2026-09-16T23:01:27.274010-04:00,2026-09-16,Stranger Things 5,40,open
2026-09-16T23:18:16.512636-04:00,2026-09-16,Cybergoria,70,open
2026-09-16T23:18:16.512636-04:00,2026-09-16,Evil Dead Burn,65,open
2026-09-16T23:18:16.512636-04:00,2026-09-16,H.R. Bloodengutz,65,open
2026-09-16T23:18:16.512636-04:00,2026-09-16,Hellraiser,90,open
2026-09-16T23:18:16.512636-04:00,2026-09-16,INVASION,60,open
2026-09-16T23:18:16.512636-04:00,2026-09-16,Jack & Oddfellow,65,open
2026-09-16T23:18:16.512636-04:00,2026-09-16,MADLANDS,55,open
2026-09-16T23:18:16.512636-04:00,2026-09-16,Ozzy Osbourne,95,open
2026-09-16T23:18:16.512636-04:00,2026-09-16,Sinners,65,open
2026-09-16T23:18:16.512636-04:00,2026-09-16,Stranger Things 5,65,open
2026-09-16T23:32:46.210954-04:00,2026-09-16,Cybergoria,30,open
2026-09-16T23:32:46.210954-04:00,2026-09-16,Evil Dead Burn,65,open
2026-09-16T23:32:46.210954-04:00,2026-09-16,H.R. Bloodengutz,65,open
2026-09-16T23:32:46.210954-04:00,2026-09-16,Hellraiser,90,open
2026-09-16T23:32:46.210954-04:00,2026-09-16,INVASION,45,open
2026-09-16T23:32:46.210954-04:00,2026-09-16,Jack & Oddfellow,55,open
2026-09-16T23:32:46.210954-04:00,2026-09-16,MADLANDS,55,open
2026-09-16T23:32:46.210954-04:00,2026-09-16,Ozzy Osbourne,95,open
2026-09-16T23:32:46.210954-04:00,2026-09-16,Sinners,65,open
2026-09-16T23:32:46.210954-04:00,2026-09-16,Stranger Things 5,65,open
2026-09-16T23:46:27.398230-04:00,2026-09-16,Cybergoria,75,open
2026-09-16T23:46:27.398230-04:00,2026-09-16,Evil Dead Burn,75,open
2026-09-16T23:46:27.398230-04:00,2026-09-16,H.R. Bloodengutz,65,open
2026-09-16T23:46:27.398230-04:00,2026-09-16,Hellraiser,90,open
2026-09-16T23:46:27.398230-04:00,2026-09-16,INVASION,45,open
2026-09-16T23:46:27.398230-04:00,2026-09-16,Jack & Oddfellow,55,open
2026-09-16T23:46:27.398230-04:00,2026-09-16,MADLANDS,40,open
2026-09-16T23:46:27.398230-04:00,2026-09-16,Ozzy Osbourne,95,open
2026-09-16T23:46:27.398230-04:00,2026-09-16,Sinners,65,open
2026-09-16T23:46:27.398230-04:00,2026-09-16,Stranger Things 5,65,open
2026-09-16T23:56:57.115175-04:00,2026-09-16,Cybergoria,75,open
2026-09-16T23:56:57.115175-04:00,2026-09-16,Evil Dead Burn,75,open
2026-09-16T23:56:57.115175-04:00,2026-09-16,H.R. Bloodengutz,65,open
2026-09-16T23:56:57.115175-04:00,2026-09-16,Hellraiser,60,open
2026-09-16T23:56:57.115175-04:00,2026-09-16,INVASION,45,open
2026-09-16T23:56:57.115175-04:00,2026-09-16,Jack & Oddfellow,50,open
2026-09-16T23:56:57.115175-04:00,2026-09-16,MADLANDS,25,open
2026-09-16T23:56:57.115175-04:00,2026-09-16,Ozzy Osbourne,75,open
2026-09-16T23:56:57.115175-04:00,2026-09-16,Sinners,85,open
2026-09-16T23:56:57.115175-04:00,2026-09-16,Stranger Things 5,45,open
2026-09-17T00:10:10.099777-04:00,2026-09-16,Cybergoria,75,open
2026-09-17T00:10:10.099777-04:00,2026-09-16,Evil Dead Burn,75,open
2026-09-17T00:10:10.099777-04:00,2026-09-16,H.R. Bloodengutz,50,open
2026-09-17T00:10:10.099777-04:00,2026-09-16,Hellraiser,35,open
2026-09-17T00:10:10.099777-04:00,2026-09-16,INVASION,45,open
2026-09-17T00:10:10.099777-04:00,2026-09-16,Jack & Oddfellow,40,open
2026-09-17T00:10:10.099777-04:00,2026-09-16,MADLANDS,60,open
2026-09-17T00:10:10.099777-04:00,2026-09-16,Ozzy Osbourne,60,open
2026-09-17T00:10:10.099777-04:00,2026-09-16,Sinners,85,open
2026-09-17T00:10:10.099777-04:00,2026-09-16,Stranger Things 5,35,open
2026-09-17T00:25:42.082167-04:00,2026-09-16,Cybergoria,60,open
2026-09-17T00:25:42.082167-04:00,2026-09-16,Evil Dead Burn,50,open
2026-09-17T00:25:42.082167-04:00,2026-09-16,H.R. Bloodengutz,45,open
2026-09-17T00:25:42.082167-04:00,2026-09-16,Hellraiser,35,open
2026-09-17T00:25:42.082167-04:00,2026-09-16,INVASION,30,open
2026-09-17T00:25:42.082167-04:00,2026-09-16,Jack & Oddfellow,40,open
2026-09-17T00:25:42.082167-04:00,2026-09-16,MADLANDS,60,open
2026-09-17T00:25:42.082167-04:00,2026-09-16,Ozzy Osbourne,55,open
2026-09-17T00:25:42.082167-04:00,2026-09-16,Sinners,75,open
2026-09-17T00:25:42.082167-04:00,2026-09-16,Stranger Things 5,35,open
2026-09-17T00:39:46.632922-04:00,2026-09-16,Cybergoria,45,open
2026-09-17T00:39:46.632922-04:00,2026-09-16,Evil Dead Burn,35,open
2026-09-17T00:39:46.632922-04:00,2026-09-16,H.R. Bloodengutz,45,open
2026-09-17T00:39:46.632922-04:00,2026-09-16,Hellraiser,50,open
2026-09-17T00:39:46.632922-04:00,2026-09-16,INVASION,30,open
2026-09-17T00:39:46.632922-04:00,2026-09-16,Jack & Oddfellow,40,open
2026-09-17T00:39:46.632922-04:00,2026-09-16,MADLANDS,40,open
2026-09-17T00:39:46.632922-04:00,2026-09-16,Ozzy Osbourne,55,open
2026-09-17T00:39:46.632922-04:00,2026-09-16,Sinners,75,open
2026-09-17T00:39:46.632922-04:00,2026-09-16,Stranger Things 5,35,open
2026-09-17T00:51:54.512588-04:00,2026-09-16,Cybergoria,35,open
2026-09-17T00:51:54.512588-04:00,2026-09-16,Evil Dead Burn,20,open
2026-09-17T00:51:54.512588-04:00,2026-09-16,H.R. Bloodengutz,45,open
2026-09-17T00:51:54.512588-04:00,2026-09-16,Hellraiser,35,open
2026-09-17T00:51:54.512588-04:00,2026-09-16,INVASION,30,open
2026-09-17T00:51:54.512588-04:00,2026-09-16,Jack & Oddfellow,40,open
2026-09-17T00:51:54.512588-04:00,2026-09-16,MADLANDS,25,open
2026-09-17T00:51:54.512588-04:00,2026-09-16,Ozzy Osbourne,55,open
2026-09-17T00:51:54.512588-04:00,2026-09-16,Sinners,45,open
2026-09-17T00:51:54.512588-04:00,2026-09-16,Stranger Things 5,35,open
2026-09-17T01:00:25.412580-04:00,2026-09-16,Cybergoria,45,open
2026-09-17T01:00:25.412580-04:00,2026-09-16,Evil Dead Burn,20,open
2026-09-17T01:00:25.412580-04:00,2026-09-16,H.R. Bloodengutz,35,open
2026-09-17T01:00:25.412580-04:00,2026-09-16,Hellraiser,35,open
2026-09-17T01:00:25.412580-04:00,2026-09-16,INVASION,20,open
2026-09-17T01:00:25.412580-04:00,2026-09-16,Jack & Oddfellow,40,open
2026-09-17T01:00:25.412580-04:00,2026-09-16,MADLANDS,15,open
2026-09-17T01:00:25.412580-04:00,2026-09-16,Ozzy Osbourne,55,open
2026-09-17T01:00:25.412580-04:00,2026-09-16,Sinners,45,open
2026-09-17T01:00:25.412580-04:00,2026-09-16,Stranger Things 5,35,open
2026-09-17T01:16:22.973820-04:00,2026-09-16,Cybergoria,45,open
2026-09-17T01:16:22.973820-04:00,2026-09-16,Evil Dead Burn,30,open
2026-09-17T01:16:22.973820-04:00,2026-09-16,H.R. Bloodengutz,30,open
2026-09-17T01:16:22.973820-04:00,2026-09-16,Hellraiser,20,open
2026-09-17T01:16:22.973820-04:00,2026-09-16,INVASION,20,open
2026-09-17T01:16:22.973820-04:00,2026-09-16,Jack & Oddfellow,30,open
2026-09-17T01:16:22.973820-04:00,2026-09-16,MADLANDS,15,open
2026-09-17T01:16:22.973820-04:00,2026-09-16,Ozzy Osbourne,45,open
2026-09-17T01:16:22.973820-04:00,2026-09-16,Sinners,65,open
2026-09-17T01:16:22.973820-04:00,2026-09-16,Stranger Things 5,25,open
2026-09-17T01:29:50.084670-04:00,2026-09-16,Cybergoria,45,open
2026-09-17T01:29:50.084670-04:00,2026-09-16,Evil Dead Burn,30,open
2026-09-17T01:29:50.084670-04:00,2026-09-16,H.R. Bloodengutz,25,open
2026-09-17T01:29:50.084670-04:00,2026-09-16,Hellraiser,20,open
2026-09-17T01:29:50.084670-04:00,2026-09-16,INVASION,20,open
2026-09-17T01:29:50.084670-04:00,2026-09-16,Jack & Oddfellow,25,open
2026-09-17T01:29:50.084670-04:00,2026-09-16,MADLANDS,35,open
2026-09-17T01:29:50.084670-04:00,2026-09-16,Ozzy Osbourne,45,open
2026-09-17T01:29:50.084670-04:00,2026-09-16,Sinners,35,open
2026-09-17T01:29:50.084670-04:00,2026-09-16,Stranger Things 5,0,closed
2026-09-17T01:42:52.392411-04:00,2026-09-16,Cybergoria,20,open
2026-09-17T01:42:52.392411-04:00,2026-09-16,Evil Dead Burn,30,open
2026-09-17T01:42:52.392411-04:00,2026-09-16,H.R. Bloodengutz,25,open
2026-09-17T01:42:52.392411-04:00,2026-09-16,Hellraiser,10,open
2026-09-17T01:42:52.392411-04:00,2026-09-16,INVASION,20,open
2026-09-17T01:42:52.392411-04:00,2026-09-16,Jack & Oddfellow,25,open
2026-09-17T01:42:52.392411-04:00,2026-09-16,MADLANDS,25,open
2026-09-17T01:42:52.392411-04:00,2026-09-16,Ozzy Osbourne,45,open
2026-09-17T01:42:52.392411-04:00,2026-09-16,Sinners,35,open
2026-09-17T01:42:52.392411-04:00,2026-09-16,Stranger Things 5,15,open
2026-09-17T01:53:32.313435-04:00,2026-09-16,Cybergoria,20,open
2026-09-17T01:53:32.313435-04:00,2026-09-16,Evil Dead Burn,30,open
2026-09-17T01:53:32.313435-04:00,2026-09-16,H.R. Bloodengutz,25,open
2026-09-17T01:53:32.313435-04:00,2026-09-16,Hellraiser,10,open
2026-09-17T01:53:32.313435-04:00,2026-09-16,INVASION,20,open
2026-09-17T01:53:32.313435-04:00,2026-09-16,Jack & Oddfellow,25,open
2026-09-17T01:53:32.313435-04:00,2026-09-16,MADLANDS,15,open
2026-09-17T01:53:32.313435-04:00,2026-09-16,Ozzy Osbourne,45,open
2026-09-17T01:53:32.313435-04:00,2026-09-16,Sinners,35,open
2026-09-17T01:53:32.313435-04:00,2026-09-16,Stranger Things 5,15,open
2026-09-17T02:03:13.096393-04:00,2026-09-16,Cybergoria,15,open
2026-09-17T02:03:13.096393-04:00,2026-09-16,Evil Dead Burn,30,open
2026-09-17T02:03:13.096393-04:00,2026-09-16,H.R. Bloodengutz,25,open
2026-09-17T02:03:13.096393-04:00,2026-09-16,Hellraiser,10,open
2026-09-17T02:03:13.096393-04:00,2026-09-16,INVASION,20,open
2026-09-17T02:03:13.096393-04:00,2026-09-16,Jack & Oddfellow,30,open
2026-09-17T02:03:13.096393-04:00,2026-09-16,MADLANDS,15,open
2026-09-17T02:03:13.096393-04:00,2026-09-16,Ozzy Osbourne,45,open
2026-09-17T02:03:13.096393-04:00,2026-09-16,Sinners,35,open
2026-09-17T02:03:13.096393-04:00,2026-09-16,Stranger Things 5,15,open
2026-09-17T02:25:39.026186-04:00,2026-09-16,Cybergoria,0,closed
2026-09-17T02:25:39.026186-04:00,2026-09-16,Evil Dead Burn,0,closed
2026-09-17T02:25:39.026186-04:00,2026-09-16,H.R. Bloodengutz,0,closed
2026-09-17T02:25:39.026186-04:00,2026-09-16,Hellraiser,0,closed
2026-09-17T02:25:39.026186-04:00,2026-09-16,INVASION,0,closed
2026-09-17T02:25:39.026186-04:00,2026-09-16,Jack & Oddfellow,0,closed
2026-09-17T02:25:39.026186-04:00,2026-09-16,MADLANDS,0,closed
2026-09-17T02:25:39.026186-04:00,2026-09-16,Ozzy Osbourne,0,closed
2026-09-17T02:25:39.026186-04:00,2026-09-16,Sinners,0,closed
2026-09-17T02:25:39.026186-04:00,2026-09-16,Stranger Things 5,0,closed
2026-09-17T02:43:11.692270-04:00,2026-09-16,Cybergoria,0,closed
2026-09-17T02:43:11.692270-04:00,2026-09-16,Evil Dead Burn,0,closed
2026-09-17T02:43:11.692270-04:00,2026-09-16,H.R. Bloodengutz,0,closed
2026-09-17T02:43:11.692270-04:00,2026-09-16,Hellraiser,0,closed
2026-09-17T02:43:11.692270-04:00,2026-09-16,INVASION,0,closed
2026-09-17T02:43:11.692270-04:00,2026-09-16,Jack & Oddfellow,0,closed
2026-09-17T02:43:11.692270-04:00,2026-09-16,MADLANDS,0,closed
2026-09-17T02:43:11.692270-04:00,2026-09-16,Ozzy Osbourne,0,closed
2026-09-17T02:43:11.692270-04:00,2026-09-16,Sinners,0,closed
2026-09-17T02:43:11.692270-04:00,2026-09-16,Stranger Things 5,0,closed
2026-09-17T02:57:51.294673-04:00,2026-09-16,Cybergoria,0,closed
2026-09-17T02:57:51.294673-04:00,2026-09-16,Evil Dead Burn,0,closed
2026-09-17T02:57:51.294673-04:00,2026-09-16,H.R. Bloodengutz,0,closed
2026-09-17T02:57:51.294673-04:00,2026-09-16,Hellraiser,0,closed
2026-09-17T02:57:51.294673-04:00,2026-09-16,INVASION,0,closed
2026-09-17T02:57:51.294673-04:00,2026-09-16,Jack & Oddfellow,0,closed
2026-09-17T02:57:51.294673-04:00,2026-09-16,MADLANDS,0,closed
2026-09-17T02:57:51.294673-04:00,2026-09-16,Ozzy Osbourne,0,closed
2026-09-17T02:57:51.294673-04:00,2026-09-16,Sinners,0,closed
2026-09-17T02:57:51.294673-04:00,2026-09-16,Stranger Things 5,0,closed
2026-09-17T14:02:54.112867-04:00,2026-09-17,Cybergoria,0,closed
2026-09-17T14:02:54.112867-04:00,2026-09-17,Evil Dead Burn,0,closed
2026-09-17T14:02:54.112867-04:00,2026-09-17,H.R. Bloodengutz,0,closed
2026-09-17T14:02:54.112867-04:00,2026-09-17,Hellraiser,10,open
2026-09-17T14:02:54.112867-04:00,2026-09-17,INVASION,0,closed
2026-09-17T14:02:54.112867-04:00,2026-09-17,Jack & Oddfellow,0,closed
2026-09-17T14:02:54.112867-04:00,2026-09-17,MADLANDS,0,closed
2026-09-17T14:02:54.112867-04:00,2026-09-17,Ozzy Osbourne,0,closed
2026-09-17T14:02:54.112867-04:00,2026-09-17,Sinners,0,closed
2026-09-17T14:02:54.112867-04:00,2026-09-17,Stranger Things 5,45,open
2026-09-17T14:22:47.306214-04:00,2026-09-17,Cybergoria,0,closed
2026-09-17T14:22:47.306214-04:00,2026-09-17,Evil Dead Burn,0,closed
2026-09-17T14:22:47.306214-04:00,2026-09-17,H.R. Bloodengutz,0,closed
2026-09-17T14:22:47.306214-04:00,2026-09-17,Hellraiser,10,open
2026-09-17T14:22:47.306214-04:00,2026-09-17,INVASION,0,closed
2026-09-17T14:22:47.306214-04:00,2026-09-17,Jack & Oddfellow,30,open
2026-09-17T14:22:47.306214-04:00,2026-09-17,MADLANDS,0,closed
2026-09-17T14:22:47.306214-04:00,2026-09-17,Ozzy Osbourne,0,closed
2026-09-17T14:22:47.306214-04:00,2026-09-17,Sinners,0,closed
2026-09-17T14:22:47.306214-04:00,2026-09-17,Stranger Things 5,45,open
2026-09-17T14:37:38.817041-04:00,2026-09-17,Cybergoria,0,closed
2026-09-17T14:37:38.817041-04:00,2026-09-17,Evil Dead Burn,0,closed
2026-09-17T14:37:38.817041-04:00,2026-09-17,H.R. Bloodengutz,0,closed
2026-09-17T14:37:38.817041-04:00,2026-09-17,Hellraiser,10,open
2026-09-17T14:37:38.817041-04:00,2026-09-17,INVASION,0,closed
2026-09-17T14:37:38.817041-04:00,2026-09-17,Jack & Oddfellow,50,open
2026-09-17T14:37:38.817041-04:00,2026-09-17,MADLANDS,0,closed
2026-09-17T14:37:38.817041-04:00,2026-09-17,Ozzy Osbourne,0,closed
2026-09-17T14:37:38.817041-04:00,2026-09-17,Sinners,0,closed
2026-09-17T14:37:38.817041-04:00,2026-09-17,Stranger Things 5,35,open
2026-09-17T14:51:20.448856-04:00,2026-09-17,Cybergoria,0,closed
2026-09-17T14:51:20.448856-04:00,2026-09-17,Evil Dead Burn,0,closed
2026-09-17T14:51:20.448856-04:00,2026-09-17,H.R. Bloodengutz,0,closed
2026-09-17T14:51:20.448856-04:00,2026-09-17,Hellraiser,10,open
2026-09-17T14:51:20.448856-04:00,2026-09-17,INVASION,0,closed
2026-09-17T14:51:20.448856-04:00,2026-09-17,Jack & Oddfellow,50,open
2026-09-17T14:51:20.448856-04:00,2026-09-17,MADLANDS,0,closed
2026-09-17T14:51:20.448856-04:00,2026-09-17,Ozzy Osbourne,0,closed
2026-09-17T14:51:20.448856-04:00,2026-09-17,Sinners,0,closed
2026-09-17T14:51:20.448856-04:00,2026-09-17,Stranger Things 5,35,open
2026-09-17T15:00:01.281949-04:00,2026-09-17,Cybergoria,0,closed
2026-09-17T15:00:01.281949-04:00,2026-09-17,Evil Dead Burn,0,closed
2026-09-17T15:00:01.281949-04:00,2026-09-17,H.R. Bloodengutz,0,closed
2026-09-17T15:00:01.281949-04:00,2026-09-17,Hellraiser,10,open
2026-09-17T15:00:01.281949-04:00,2026-09-17,INVASION,0,closed
2026-09-17T15:00:01.281949-04:00,2026-09-17,Jack & Oddfellow,50,open
2026-09-17T15:00:01.281949-04:00,2026-09-17,MADLANDS,0,closed
2026-09-17T15:00:01.281949-04:00,2026-09-17,Ozzy Osbourne,0,closed
2026-09-17T15:00:01.281949-04:00,2026-09-17,Sinners,0,closed
2026-09-17T15:00:01.281949-04:00,2026-09-17,Stranger Things 5,35,open
2026-09-17T15:14:02.964407-04:00,2026-09-17,Cybergoria,0,closed
2026-09-17T15:14:02.964407-04:00,2026-09-17,Evil Dead Burn,0,closed
2026-09-17T15:14:02.964407-04:00,2026-09-17,H.R. Bloodengutz,0,closed
2026-09-17T15:14:02.964407-04:00,2026-09-17,Hellraiser,15,open
2026-09-17T15:14:02.964407-04:00,2026-09-17,INVASION,0,closed
2026-09-17T15:14:02.964407-04:00,2026-09-17,Jack & Oddfellow,50,open
2026-09-17T15:14:02.964407-04:00,2026-09-17,MADLANDS,0,closed
2026-09-17T15:14:02.964407-04:00,2026-09-17,Ozzy Osbourne,0,closed
2026-09-17T15:14:02.964407-04:00,2026-09-17,Sinners,0,closed
2026-09-17T15:14:02.964407-04:00,2026-09-17,Stranger Things 5,35,open
2026-09-17T15:26:02.441780-04:00,2026-09-17,Cybergoria,0,closed
2026-09-17T15:26:02.441780-04:00,2026-09-17,Evil Dead Burn,0,closed
2026-09-17T15:26:02.441780-04:00,2026-09-17,H.R. Bloodengutz,0,closed
2026-09-17T15:26:02.441780-04:00,2026-09-17,Hellraiser,15,open
2026-09-17T15:26:02.441780-04:00,2026-09-17,INVASION,0,closed
2026-09-17T15:26:02.441780-04:00,2026-09-17,Jack & Oddfellow,50,open
2026-09-17T15:26:02.441780-04:00,2026-09-17,MADLANDS,0,closed
2026-09-17T15:26:02.441780-04:00,2026-09-17,Ozzy Osbourne,0,closed
2026-09-17T15:26:02.441780-04:00,2026-09-17,Sinners,0,closed
2026-09-17T15:26:02.441780-04:00,2026-09-17,Stranger Things 5,35,open
2026-09-17T15:36:57.342171-04:00,2026-09-17,Cybergoria,0,closed
2026-09-17T15:36:57.342171-04:00,2026-09-17,Evil Dead Burn,0,closed
2026-09-17T15:36:57.342171-04:00,2026-09-17,H.R. Bloodengutz,0,closed
2026-09-17T15:36:57.342171-04:00,2026-09-17,Hellraiser,15,open
2026-09-17T15:36:57.342171-04:00,2026-09-17,INVASION,0,closed
2026-09-17T15:36:57.342171-04:00,2026-09-17,Jack & Oddfellow,35,open
2026-09-17T15:36:57.342171-04:00,2026-09-17,MADLANDS,0,closed
2026-09-17T15:36:57.342171-04:00,2026-09-17,Ozzy Osbourne,0,closed
2026-09-17T15:36:57.342171-04:00,2026-09-17,Sinners,0,closed
2026-09-17T15:36:57.342171-04:00,2026-09-17,Stranger Things 5,35,open
2026-09-17T15:45:41.740665-04:00,2026-09-17,Cybergoria,0,closed
2026-09-17T15:45:41.740665-04:00,2026-09-17,Evil Dead Burn,0,closed
2026-09-17T15:45:41.740665-04:00,2026-09-17,H.R. Bloodengutz,0,closed
2026-09-17T15:45:41.740665-04:00,2026-09-17,Hellraiser,35,open
2026-09-17T15:45:41.740665-04:00,2026-09-17,INVASION,0,closed
2026-09-17T15:45:41.740665-04:00,2026-09-17,Jack & Oddfellow,35,open
2026-09-17T15:45:41.740665-04:00,2026-09-17,MADLANDS,0,closed
2026-09-17T15:45:41.740665-04:00,2026-09-17,Ozzy Osbourne,0,closed
2026-09-17T15:45:41.740665-04:00,2026-09-17,Sinners,0,closed
2026-09-17T15:45:41.740665-04:00,2026-09-17,Stranger Things 5,35,open
2026-09-17T15:53:44.970518-04:00,2026-09-17,Cybergoria,0,closed
2026-09-17T15:53:44.970518-04:00,2026-09-17,Evil Dead Burn,0,closed
2026-09-17T15:53:44.970518-04:00,2026-09-17,H.R. Bloodengutz,0,closed
2026-09-17T15:53:44.970518-04:00,2026-09-17,Hellraiser,35,open
2026-09-17T15:53:44.970518-04:00,2026-09-17,INVASION,0,closed
2026-09-17T15:53:44.970518-04:00,2026-09-17,Jack & Oddfellow,20,open
2026-09-17T15:53:44.970518-04:00,2026-09-17,MADLANDS,0,closed
2026-09-17T15:53:44.970518-04:00,2026-09-17,Ozzy Osbourne,0,closed
2026-09-17T15:53:44.970518-04:00,2026-09-17,Sinners,0,closed
2026-09-17T15:53:44.970518-04:00,2026-09-17,Stranger Things 5,15,open
2026-09-17T16:03:14.277499-04:00,2026-09-17,Cybergoria,0,closed
2026-09-17T16:03:14.277499-04:00,2026-09-17,Evil Dead Burn,0,closed
2026-09-17T16:03:14.277499-04:00,2026-09-17,H.R. Bloodengutz,0,closed
2026-09-17T16:03:14.277499-04:00,2026-09-17,Hellraiser,35,open
2026-09-17T16:03:14.277499-04:00,2026-09-17,INVASION,0,closed
2026-09-17T16:03:14.277499-04:00,2026-09-17,Jack & Oddfellow,20,open
2026-09-17T16:03:14.277499-04:00,2026-09-17,MADLANDS,0,closed
2026-09-17T16:03:14.277499-04:00,2026-09-17,Ozzy Osbourne,0,closed
2026-09-17T16:03:14.277499-04:00,2026-09-17,Sinners,0,closed
2026-09-17T16:03:14.277499-04:00,2026-09-17,Stranger Things 5,15,open
2026-09-17T16:20:00.386168-04:00,2026-09-17,Cybergoria,0,closed
2026-09-17T16:20:00.386168-04:00,2026-09-17,Evil Dead Burn,0,closed
2026-09-17T16:20:00.386168-04:00,2026-09-17,H.R. Bloodengutz,0,closed
2026-09-17T16:20:00.386168-04:00,2026-09-17,Hellraiser,20,open
2026-09-17T16:20:00.386168-04:00,2026-09-17,INVASION,0,closed
2026-09-17T16:20:00.386168-04:00,2026-09-17,Jack & Oddfellow,30,open
2026-09-17T16:20:00.386168-04:00,2026-09-17,MADLANDS,0,closed
2026-09-17T16:20:00.386168-04:00,2026-09-17,Ozzy Osbourne,0,closed
2026-09-17T16:20:00.386168-04:00,2026-09-17,Sinners,0,closed
2026-09-17T16:20:00.386168-04:00,2026-09-17,Stranger Things 5,15,open
2026-09-17T16:32:24.066234-04:00,2026-09-17,Cybergoria,0,closed
2026-09-17T16:32:24.066234-04:00,2026-09-17,Evil Dead Burn,0,closed
2026-09-17T16:32:24.066234-04:00,2026-09-17,H.R. Bloodengutz,0,closed
2026-09-17T16:32:24.066234-04:00,2026-09-17,Hellraiser,20,open
2026-09-17T16:32:24.066234-04:00,2026-09-17,INVASION,0,closed
2026-09-17T16:32:24.066234-04:00,2026-09-17,Jack & Oddfellow,30,open
2026-09-17T16:32:24.066234-04:00,2026-09-17,MADLANDS,0,closed
2026-09-17T16:32:24.066234-04:00,2026-09-17,Ozzy Osbourne,0,closed
2026-09-17T16:32:24.066234-04:00,2026-09-17,Sinners,0,closed
2026-09-17T16:32:24.066234-04:00,2026-09-17,Stranger Things 5,15,open
2026-09-17T16:43:32.313001-04:00,2026-09-17,Cybergoria,0,closed
2026-09-17T16:43:32.313001-04:00,2026-09-17,Evil Dead Burn,0,closed
2026-09-17T16:43:32.313001-04:00,2026-09-17,H.R. Bloodengutz,0,closed
2026-09-17T16:43:32.313001-04:00,2026-09-17,Hellraiser,10,open
2026-09-17T16:43:32.313001-04:00,2026-09-17,INVASION,0,closed
2026-09-17T16:43:32.313001-04:00,2026-09-17,Jack & Oddfellow,30,open
2026-09-17T16:43:32.313001-04:00,2026-09-17,MADLANDS,0,closed
2026-09-17T16:43:32.313001-04:00,2026-09-17,Ozzy Osbourne,0,closed
2026-09-17T16:43:32.313001-04:00,2026-09-17,Sinners,0,closed
2026-09-17T16:43:32.313001-04:00,2026-09-17,Stranger Things 5,15,open
2026-09-17T16:51:38.234878-04:00,2026-09-17,Cybergoria,0,closed
2026-09-17T16:51:38.234878-04:00,2026-09-17,Evil Dead Burn,0,closed
2026-09-17T16:51:38.234878-04:00,2026-09-17,H.R. Bloodengutz,0,closed
2026-09-17T16:51:38.234878-04:00,2026-09-17,Hellraiser,10,open
2026-09-17T16:51:38.234878-04:00,2026-09-17,INVASION,0,closed
2026-09-17T16:51:38.234878-04:00,2026-09-17,Jack & Oddfellow,30,open
2026-09-17T16:51:38.234878-04:00,2026-09-17,MADLANDS,0,closed
2026-09-17T16:51:38.234878-04:00,2026-09-17,Ozzy Osbourne,0,closed
2026-09-17T16:51:38.234878-04:00,2026-09-17,Sinners,0,closed
2026-09-17T16:51:38.234878-04:00,2026-09-17,Stranger Things 5,15,open
2026-09-17T16:59:35.631038-04:00,2026-09-17,Cybergoria,0,closed
2026-09-17T16:59:35.631038-04:00,2026-09-17,Evil Dead Burn,0,closed
2026-09-17T16:59:35.631038-04:00,2026-09-17,H.R. Bloodengutz,0,closed
2026-09-17T16:59:35.631038-04:00,2026-09-17,Hellraiser,10,open
2026-09-17T16:59:35.631038-04:00,2026-09-17,INVASION,0,closed
2026-09-17T16:59:35.631038-04:00,2026-09-17,Jack & Oddfellow,30,open
2026-09-17T16:59:35.631038-04:00,2026-09-17,MADLANDS,0,closed
2026-09-17T16:59:35.631038-04:00,2026-09-17,Ozzy Osbourne,0,closed
2026-09-17T16:59:35.631038-04:00,2026-09-17,Sinners,0,closed
2026-09-17T16:59:35.631038-04:00,2026-09-17,Stranger Things 5,15,open
2026-09-17T17:14:47.911886-04:00,2026-09-17,Cybergoria,0,closed
2026-09-17T17:14:47.911886-04:00,2026-09-17,Evil Dead Burn,0,closed
2026-09-17T17:14:47.911886-04:00,2026-09-17,H.R. Bloodengutz,0,closed
2026-09-17T17:14:47.911886-04:00,2026-09-17,Hellraiser,10,open
2026-09-17T17:14:47.911886-04:00,2026-09-17,INVASION,0,closed
2026-09-17T17:14:47.911886-04:00,2026-09-17,Jack & Oddfellow,15,open
2026-09-17T17:14:47.911886-04:00,2026-09-17,MADLANDS,0,closed
2026-09-17T17:14:47.911886-04:00,2026-09-17,Ozzy Osbourne,0,closed
2026-09-17T17:14:47.911886-04:00,2026-09-17,Sinners,0,closed
2026-09-17T17:14:47.911886-04:00,2026-09-17,Stranger Things 5,10,open
2026-09-17T17:27:08.462034-04:00,2026-09-17,Cybergoria,0,closed
2026-09-17T17:27:08.462034-04:00,2026-09-17,Evil Dead Burn,0,closed
2026-09-17T17:27:08.462034-04:00,2026-09-17,H.R. Bloodengutz,0,closed
2026-09-17T17:27:08.462034-04:00,2026-09-17,Hellraiser,25,open
2026-09-17T17:27:08.462034-04:00,2026-09-17,INVASION,0,closed
2026-09-17T17:27:08.462034-04:00,2026-09-17,Jack & Oddfellow,15,open
2026-09-17T17:27:08.462034-04:00,2026-09-17,MADLANDS,0,closed
2026-09-17T17:27:08.462034-04:00,2026-09-17,Ozzy Osbourne,90,open
2026-09-17T17:27:08.462034-04:00,2026-09-17,Sinners,0,closed
2026-09-17T17:27:08.462034-04:00,2026-09-17,Stranger Things 5,10,open
2026-09-17T17:37:44.561813-04:00,2026-09-17,Cybergoria,0,closed
2026-09-17T17:37:44.561813-04:00,2026-09-17,Evil Dead Burn,0,closed
2026-09-17T17:37:44.561813-04:00,2026-09-17,H.R. Bloodengutz,0,closed
2026-09-17T17:37:44.561813-04:00,2026-09-17,Hellraiser,25,open
2026-09-17T17:37:44.561813-04:00,2026-09-17,INVASION,0,closed
2026-09-17T17:37:44.561813-04:00,2026-09-17,Jack & Oddfellow,15,open
2026-09-17T17:37:44.561813-04:00,2026-09-17,MADLANDS,0,closed
2026-09-17T17:37:44.561813-04:00,2026-09-17,Ozzy Osbourne,90,open
2026-09-17T17:37:44.561813-04:00,2026-09-17,Sinners,0,closed
2026-09-17T17:37:44.561813-04:00,2026-09-17,Stranger Things 5,5,open
2026-09-17T17:45:50.840845-04:00,2026-09-17,Cybergoria,0,closed
2026-09-17T17:45:50.840845-04:00,2026-09-17,Evil Dead Burn,0,closed
2026-09-17T17:45:50.840845-04:00,2026-09-17,H.R. Bloodengutz,0,closed
2026-09-17T17:45:50.840845-04:00,2026-09-17,Hellraiser,25,open
2026-09-17T17:45:50.840845-04:00,2026-09-17,INVASION,0,closed
2026-09-17T17:45:50.840845-04:00,2026-09-17,Jack & Oddfellow,15,open
2026-09-17T17:45:50.840845-04:00,2026-09-17,MADLANDS,0,closed
2026-09-17T17:45:50.840845-04:00,2026-09-17,Ozzy Osbourne,90,open
2026-09-17T17:45:50.840845-04:00,2026-09-17,Sinners,0,closed
2026-09-17T17:45:50.840845-04:00,2026-09-17,Stranger Things 5,5,open
2026-09-17T17:53:49.127056-04:00,2026-09-17,Cybergoria,30,open
2026-09-17T17:53:49.127056-04:00,2026-09-17,Evil Dead Burn,30,open
2026-09-17T17:53:49.127056-04:00,2026-09-17,H.R. Bloodengutz,70,open
2026-09-17T17:53:49.127056-04:00,2026-09-17,Hellraiser,10,open
2026-09-17T17:53:49.127056-04:00,2026-09-17,INVASION,0,closed
2026-09-17T17:53:49.127056-04:00,2026-09-17,Jack & Oddfellow,15,open
2026-09-17T17:53:49.127056-04:00,2026-09-17,MADLANDS,0,closed
2026-09-17T17:53:49.127056-04:00,2026-09-17,Ozzy Osbourne,90,open
2026-09-17T17:53:49.127056-04:00,2026-09-17,Sinners,100,open
2026-09-17T17:53:49.127056-04:00,2026-09-17,Stranger Things 5,5,open
2026-09-17T18:03:12.286495-04:00,2026-09-17,Cybergoria,30,open
2026-09-17T18:03:12.286495-04:00,2026-09-17,Evil Dead Burn,30,open
2026-09-17T18:03:12.286495-04:00,2026-09-17,H.R. Bloodengutz,50,open
2026-09-17T18:03:12.286495-04:00,2026-09-17,Hellraiser,10,open
2026-09-17T18:03:12.286495-04:00,2026-09-17,INVASION,0,closed
2026-09-17T18:03:12.286495-04:00,2026-09-17,Jack & Oddfellow,10,open
2026-09-17T18:03:12.286495-04:00,2026-09-17,MADLANDS,0,closed
2026-09-17T18:03:12.286495-04:00,2026-09-17,Ozzy Osbourne,90,open
2026-09-17T18:03:12.286495-04:00,2026-09-17,Sinners,100,open
2026-09-17T18:03:12.286495-04:00,2026-09-17,Stranger Things 5,5,open
2026-09-17T18:18:07.626696-04:00,2026-09-17,Cybergoria,25,open
2026-09-17T18:18:07.626696-04:00,2026-09-17,Evil Dead Burn,20,open
2026-09-17T18:18:07.626696-04:00,2026-09-17,H.R. Bloodengutz,40,open
2026-09-17T18:18:07.626696-04:00,2026-09-17,Hellraiser,10,open
2026-09-17T18:18:07.626696-04:00,2026-09-17,INVASION,35,open
2026-09-17T18:18:07.626696-04:00,2026-09-17,Jack & Oddfellow,10,open
2026-09-17T18:18:07.626696-04:00,2026-09-17,MADLANDS,30,open
2026-09-17T18:18:07.626696-04:00,2026-09-17,Ozzy Osbourne,75,open
2026-09-17T18:18:07.626696-04:00,2026-09-17,Sinners,80,open
2026-09-17T18:18:07.626696-04:00,2026-09-17,Stranger Things 5,15,open
2026-09-17T18:28:42.089275-04:00,2026-09-17,Cybergoria,40,open
2026-09-17T18:28:42.089275-04:00,2026-09-17,Evil Dead Burn,20,open
2026-09-17T18:28:42.089275-04:00,2026-09-17,H.R. Bloodengutz,30,open
2026-09-17T18:28:42.089275-04:00,2026-09-17,Hellraiser,10,open
2026-09-17T18:28:42.089275-04:00,2026-09-17,INVASION,40,open
2026-09-17T18:28:42.089275-04:00,2026-09-17,Jack & Oddfellow,20,open
2026-09-17T18:28:42.089275-04:00,2026-09-17,MADLANDS,40,open
2026-09-17T18:28:42.089275-04:00,2026-09-17,Ozzy Osbourne,75,open
2026-09-17T18:28:42.089275-04:00,2026-09-17,Sinners,80,open
2026-09-17T18:28:42.089275-04:00,2026-09-17,Stranger Things 5,20,open
2026-09-17T18:38:10.671474-04:00,2026-09-17,Cybergoria,40,open
2026-09-17T18:38:10.671474-04:00,2026-09-17,Evil Dead Burn,20,open
2026-09-17T18:38:10.671474-04:00,2026-09-17,H.R. Bloodengutz,45,open
2026-09-17T18:38:10.671474-04:00,2026-09-17,Hellraiser,10,open
2026-09-17T18:38:10.671474-04:00,2026-09-17,INVASION,40,open
2026-09-17T18:38:10.671474-04:00,2026-09-17,Jack & Oddfellow,20,open
2026-09-17T18:38:10.671474-04:00,2026-09-17,MADLANDS,45,open
2026-09-17T18:38:10.671474-04:00,2026-09-17,Ozzy Osbourne,75,open
2026-09-17T18:38:10.671474-04:00,2026-09-17,Sinners,50,open
2026-09-17T18:38:10.671474-04:00,2026-09-17,Stranger Things 5,40,open
2026-09-17T18:46:10.875922-04:00,2026-09-17,Cybergoria,40,open
2026-09-17T18:46:10.875922-04:00,2026-09-17,Evil Dead Burn,20,open
2026-09-17T18:46:10.875922-04:00,2026-09-17,H.R. Bloodengutz,45,open
2026-09-17T18:46:10.875922-04:00,2026-09-17,Hellraiser,10,open
2026-09-17T18:46:10.875922-04:00,2026-09-17,INVASION,40,open
2026-09-17T18:46:10.875922-04:00,2026-09-17,Jack & Oddfellow,20,open
2026-09-17T18:46:10.875922-04:00,2026-09-17,MADLANDS,45,open
2026-09-17T18:46:10.875922-04:00,2026-09-17,Ozzy Osbourne,75,open
2026-09-17T18:46:10.875922-04:00,2026-09-17,Sinners,50,open
2026-09-17T18:46:10.875922-04:00,2026-09-17,Stranger Things 5,40,open
2026-09-17T18:53:58.346792-04:00,2026-09-17,Cybergoria,35,open
2026-09-17T18:53:58.346792-04:00,2026-09-17,Evil Dead Burn,55,open
2026-09-17T18:53:58.346792-04:00,2026-09-17,H.R. Bloodengutz,60,open
2026-09-17T18:53:58.346792-04:00,2026-09-17,Hellraiser,25,open
2026-09-17T18:53:58.346792-04:00,2026-09-17,INVASION,45,open
2026-09-17T18:53:58.346792-04:00,2026-09-17,Jack & Oddfellow,20,open
2026-09-17T18:53:58.346792-04:00,2026-09-17,MADLANDS,35,open
2026-09-17T18:53:58.346792-04:00,2026-09-17,Ozzy Osbourne,75,open
2026-09-17T18:53:58.346792-04:00,2026-09-17,Sinners,50,open
2026-09-17T18:53:58.346792-04:00,2026-09-17,Stranger Things 5,40,open
2026-09-17T19:02:51.552530-04:00,2026-09-17,Cybergoria,35,open
2026-09-17T19:02:51.552530-04:00,2026-09-17,Evil Dead Burn,75,open
2026-09-17T19:02:51.552530-04:00,2026-09-17,H.R. Bloodengutz,60,open
2026-09-17T19:02:51.552530-04:00,2026-09-17,Hellraiser,30,open
2026-09-17T19:02:51.552530-04:00,2026-09-17,INVASION,45,open
2026-09-17T19:02:51.552530-04:00,2026-09-17,Jack & Oddfellow,45,open
2026-09-17T19:02:51.552530-04:00,2026-09-17,MADLANDS,45,open
2026-09-17T19:02:51.552530-04:00,2026-09-17,Ozzy Osbourne,75,open
2026-09-17T19:02:51.552530-04:00,2026-09-17,Sinners,70,open
2026-09-17T19:02:51.552530-04:00,2026-09-17,Stranger Things 5,40,open
2026-09-17T19:15:41.678283-04:00,2026-09-17,Cybergoria,50,open
2026-09-17T19:15:41.678283-04:00,2026-09-17,Evil Dead Burn,75,open
2026-09-17T19:15:41.678283-04:00,2026-09-17,H.R. Bloodengutz,60,open
2026-09-17T19:15:41.678283-04:00,2026-09-17,Hellraiser,55,open
2026-09-17T19:15:41.678283-04:00,2026-09-17,INVASION,45,open
2026-09-17T19:15:41.678283-04:00,2026-09-17,Jack & Oddfellow,45,open
2026-09-17T19:15:41.678283-04:00,2026-09-17,MADLANDS,45,open
2026-09-17T19:15:41.678283-04:00,2026-09-17,Ozzy Osbourne,75,open
2026-09-17T19:15:41.678283-04:00,2026-09-17,Sinners,70,open
2026-09-17T19:15:41.678283-04:00,2026-09-17,Stranger Things 5,35,open
2026-09-17T19:25:01.005097-04:00,2026-09-17,Cybergoria,50,open
2026-09-17T19:25:01.005097-04:00,2026-09-17,Evil Dead Burn,50,open
2026-09-17T19:25:01.005097-04:00,2026-09-17,H.R. Bloodengutz,60,open
2026-09-17T19:25:01.005097-04:00,2026-09-17,Hellraiser,55,open
2026-09-17T19:25:01.005097-04:00,2026-09-17,INVASION,45,open
2026-09-17T19:25:01.005097-04:00,2026-09-17,Jack & Oddfellow,45,open
2026-09-17T19:25:01.005097-04:00,2026-09-17,MADLANDS,55,open
2026-09-17T19:25:01.005097-04:00,2026-09-17,Ozzy Osbourne,95,open
2026-09-17T19:25:01.005097-04:00,2026-09-17,Sinners,70,open
2026-09-17T19:25:01.005097-04:00,2026-09-17,Stranger Things 5,35,open
2026-09-17T19:33:32.536805-04:00,2026-09-17,Cybergoria,75,open
2026-09-17T19:33:32.536805-04:00,2026-09-17,Evil Dead Burn,50,open
2026-09-17T19:33:32.536805-04:00,2026-09-17,H.R. Bloodengutz,60,open
2026-09-17T19:33:32.536805-04:00,2026-09-17,Hellraiser,55,open
2026-09-17T19:33:32.536805-04:00,2026-09-17,INVASION,45,open
2026-09-17T19:33:32.536805-04:00,2026-09-17,Jack & Oddfellow,45,open
2026-09-17T19:33:32.536805-04:00,2026-09-17,MADLANDS,50,open
2026-09-17T19:33:32.536805-04:00,2026-09-17,Ozzy Osbourne,95,open
2026-09-17T19:33:32.536805-04:00,2026-09-17,Sinners,70,open
2026-09-17T19:33:32.536805-04:00,2026-09-17,Stranger Things 5,35,open
2026-09-17T19:41:48.116413-04:00,2026-09-17,Cybergoria,75,open
2026-09-17T19:41:48.116413-04:00,2026-09-17,Evil Dead Burn,50,open
2026-09-17T19:41:48.116413-04:00,2026-09-17,H.R. Bloodengutz,60,open
2026-09-17T19:41:48.116413-04:00,2026-09-17,Hellraiser,55,open
2026-09-17T19:41:48.116413-04:00,2026-09-17,INVASION,45,open
2026-09-17T19:41:48.116413-04:00,2026-09-17,Jack & Oddfellow,45,open
2026-09-17T19:41:48.116413-04:00,2026-09-17,MADLANDS,50,open
2026-09-17T19:41:48.116413-04:00,2026-09-17,Ozzy Osbourne,95,open
2026-09-17T19:41:48.116413-04:00,2026-09-17,Sinners,70,open
2026-09-17T19:41:48.116413-04:00,2026-09-17,Stranger Things 5,50,open
2026-09-17T19:50:14.751328-04:00,2026-09-17,Cybergoria,50,open
2026-09-17T19:50:14.751328-04:00,2026-09-17,Evil Dead Burn,50,open
2026-09-17T19:50:14.751328-04:00,2026-09-17,H.R. Bloodengutz,60,open
2026-09-17T19:50:14.751328-04:00,2026-09-17,Hellraiser,55,open
2026-09-17T19:50:14.751328-04:00,2026-09-17,INVASION,45,open
2026-09-17T19:50:14.751328-04:00,2026-09-17,Jack & Oddfellow,45,open
2026-09-17T19:50:14.751328-04:00,2026-09-17,MADLANDS,50,open
2026-09-17T19:50:14.751328-04:00,2026-09-17,Ozzy Osbourne,75,open
2026-09-17T19:50:14.751328-04:00,2026-09-17,Sinners,70,open
2026-09-17T19:50:14.751328-04:00,2026-09-17,Stranger Things 5,50,open
2026-09-17T19:58:05.797681-04:00,2026-09-17,Cybergoria,50,open
2026-09-17T19:58:05.797681-04:00,2026-09-17,Evil Dead Burn,50,open
2026-09-17T19:58:05.797681-04:00,2026-09-17,H.R. Bloodengutz,60,open
2026-09-17T19:58:05.797681-04:00,2026-09-17,Hellraiser,35,open
2026-09-17T19:58:05.797681-04:00,2026-09-17,INVASION,50,open
2026-09-17T19:58:05.797681-04:00,2026-09-17,Jack & Oddfellow,45,open
2026-09-17T19:58:05.797681-04:00,2026-09-17,MADLANDS,50,open
2026-09-17T19:58:05.797681-04:00,2026-09-17,Ozzy Osbourne,75,open
2026-09-17T19:58:05.797681-04:00,2026-09-17,Sinners,70,open
2026-09-17T19:58:05.797681-04:00,2026-09-17,Stranger Things 5,60,open
2026-09-17T20:16:37.355450-04:00,2026-09-17,Cybergoria,50,open
2026-09-17T20:16:37.355450-04:00,2026-09-17,Evil Dead Burn,45,open
2026-09-17T20:16:37.355450-04:00,2026-09-17,H.R. Bloodengutz,60,open
2026-09-17T20:16:37.355450-04:00,2026-09-17,Hellraiser,35,open
2026-09-17T20:16:37.355450-04:00,2026-09-17,INVASION,50,open
2026-09-17T20:16:37.355450-04:00,2026-09-17,Jack & Oddfellow,45,open
2026-09-17T20:16:37.355450-04:00,2026-09-17,MADLANDS,50,open
2026-09-17T20:16:37.355450-04:00,2026-09-17,Ozzy Osbourne,75,open
2026-09-17T20:16:37.355450-04:00,2026-09-17,Sinners,70,open
2026-09-17T20:16:37.355450-04:00,2026-09-17,Stranger Things 5,60,open
2026-09-17T20:36:19.158849-04:00,2026-09-17,Cybergoria,55,open
2026-09-17T20:36:19.158849-04:00,2026-09-17,Evil Dead Burn,35,open
2026-09-17T20:36:19.158849-04:00,2026-09-17,H.R. Bloodengutz,60,open
2026-09-17T20:36:19.158849-04:00,2026-09-17,Hellraiser,85,open
2026-09-17T20:36:19.158849-04:00,2026-09-17,INVASION,50,open
2026-09-17T20:36:19.158849-04:00,2026-09-17,Jack & Oddfellow,75,open
2026-09-17T20:36:19.158849-04:00,2026-09-17,MADLANDS,35,open
2026-09-17T20:36:19.158849-04:00,2026-09-17,Ozzy Osbourne,75,open
2026-09-17T20:36:19.158849-04:00,2026-09-17,Sinners,95,open
2026-09-17T20:36:19.158849-04:00,2026-09-17,Stranger Things 5,40,open
2026-09-17T20:50:05.735488-04:00,2026-09-17,Cybergoria,95,open
2026-09-17T20:50:05.735488-04:00,2026-09-17,Evil Dead Burn,45,open
2026-09-17T20:50:05.735488-04:00,2026-09-17,H.R. Bloodengutz,70,open
2026-09-17T20:50:05.735488-04:00,2026-09-17,Hellraiser,70,open
2026-09-17T20:50:05.735488-04:00,2026-09-17,INVASION,50,open
2026-09-17T20:50:05.735488-04:00,2026-09-17,Jack & Oddfellow,75,open
2026-09-17T20:50:05.735488-04:00,2026-09-17,MADLANDS,55,open
2026-09-17T20:50:05.735488-04:00,2026-09-17,Ozzy Osbourne,75,open
2026-09-17T20:50:05.735488-04:00,2026-09-17,Sinners,95,open
2026-09-17T20:50:05.735488-04:00,2026-09-17,Stranger Things 5,40,open
2026-09-17T20:59:25.309590-04:00,2026-09-17,Cybergoria,80,open
2026-09-17T20:59:25.309590-04:00,2026-09-17,Evil Dead Burn,75,open
2026-09-17T20:59:25.309590-04:00,2026-09-17,H.R. Bloodengutz,70,open
2026-09-17T20:59:25.309590-04:00,2026-09-17,Hellraiser,70,open
2026-09-17T20:59:25.309590-04:00,2026-09-17,INVASION,50,open
2026-09-17T20:59:25.309590-04:00,2026-09-17,Jack & Oddfellow,75,open
2026-09-17T20:59:25.309590-04:00,2026-09-17,MADLANDS,55,open
2026-09-17T20:59:25.309590-04:00,2026-09-17,Ozzy Osbourne,75,open
2026-09-17T20:59:25.309590-04:00,2026-09-17,Sinners,80,open
2026-09-17T20:59:25.309590-04:00,2026-09-17,Stranger Things 5,50,open
2026-09-17T21:13:34.666385-04:00,2026-09-17,Cybergoria,60,open
2026-09-17T21:13:34.666385-04:00,2026-09-17,Evil Dead Burn,65,open
2026-09-17T21:13:34.666385-04:00,2026-09-17,H.R. Bloodengutz,70,open
2026-09-17T21:13:34.666385-04:00,2026-09-17,Hellraiser,50,open
2026-09-17T21:13:34.666385-04:00,2026-09-17,INVASION,50,open
2026-09-17T21:13:34.666385-04:00,2026-09-17,Jack & Oddfellow,75,open
2026-09-17T21:13:34.666385-04:00,2026-09-17,MADLANDS,70,open
2026-09-17T21:13:34.666385-04:00,2026-09-17,Ozzy Osbourne,80,open
2026-09-17T21:13:34.666385-04:00,2026-09-17,Sinners,80,open
2026-09-17T21:13:34.666385-04:00,2026-09-17,Stranger Things 5,65,open
2026-09-17T21:25:51.388901-04:00,2026-09-17,Cybergoria,60,open
2026-09-17T21:25:51.388901-04:00,2026-09-17,Evil Dead Burn,65,open
2026-09-17T21:25:51.388901-04:00,2026-09-17,H.R. Bloodengutz,70,open
2026-09-17T21:25:51.388901-04:00,2026-09-17,Hellraiser,50,open
2026-09-17T21:25:51.388901-04:00,2026-09-17,INVASION,50,open
2026-09-17T21:25:51.388901-04:00,2026-09-17,Jack & Oddfellow,55,open
2026-09-17T21:25:51.388901-04:00,2026-09-17,MADLANDS,55,open
2026-09-17T21:25:51.388901-04:00,2026-09-17,Ozzy Osbourne,80,open
2026-09-17T21:25:51.388901-04:00,2026-09-17,Sinners,80,open
2026-09-17T21:25:51.388901-04:00,2026-09-17,Stranger Things 5,65,open
2026-09-17T21:36:28.640937-04:00,2026-09-17,Cybergoria,75,open
2026-09-17T21:36:28.640937-04:00,2026-09-17,Evil Dead Burn,65,open
2026-09-17T21:36:28.640937-04:00,2026-09-17,H.R. Bloodengutz,70,open
2026-09-17T21:36:28.640937-04:00,2026-09-17,Hellraiser,50,open
2026-09-17T21:36:28.640937-04:00,2026-09-17,INVASION,50,open
2026-09-17T21:36:28.640937-04:00,2026-09-17,Jack & Oddfellow,55,open
2026-09-17T21:36:28.640937-04:00,2026-09-17,MADLANDS,50,open
2026-09-17T21:36:28.640937-04:00,2026-09-17,Ozzy Osbourne,80,open
2026-09-17T21:36:28.640937-04:00,2026-09-17,Sinners,80,open
2026-09-17T21:36:28.640937-04:00,2026-09-17,Stranger Things 5,65,open
2026-09-17T21:46:50.727356-04:00,2026-09-17,Cybergoria,75,open
2026-09-17T21:46:50.727356-04:00,2026-09-17,Evil Dead Burn,65,open
2026-09-17T21:46:50.727356-04:00,2026-09-17,H.R. Bloodengutz,70,open
2026-09-17T21:46:50.727356-04:00,2026-09-17,Hellraiser,60,open
2026-09-17T21:46:50.727356-04:00,2026-09-17,INVASION,50,open
2026-09-17T21:46:50.727356-04:00,2026-09-17,Jack & Oddfellow,55,open
2026-09-17T21:46:50.727356-04:00,2026-09-17,MADLANDS,45,open
2026-09-17T21:46:50.727356-04:00,2026-09-17,Ozzy Osbourne,80,open
2026-09-17T21:46:50.727356-04:00,2026-09-17,Sinners,125,open
2026-09-17T21:46:50.727356-04:00,2026-09-17,Stranger Things 5,55,open
2026-09-17T21:55:25.753880-04:00,2026-09-17,Cybergoria,75,open
2026-09-17T21:55:25.753880-04:00,2026-09-17,Evil Dead Burn,65,open
2026-09-17T21:55:25.753880-04:00,2026-09-17,H.R. Bloodengutz,50,open
2026-09-17T21:55:25.753880-04:00,2026-09-17,Hellraiser,60,open
2026-09-17T21:55:25.753880-04:00,2026-09-17,INVASION,50,open
2026-09-17T21:55:25.753880-04:00,2026-09-17,Jack & Oddfellow,45,open
2026-09-17T21:55:25.753880-04:00,2026-09-17,MADLANDS,45,open
2026-09-17T21:55:25.753880-04:00,2026-09-17,Ozzy Osbourne,80,open
2026-09-17T21:55:25.753880-04:00,2026-09-17,Sinners,125,open
2026-09-17T21:55:25.753880-04:00,2026-09-17,Stranger Things 5,45,open
2026-09-17T22:06:30.919916-04:00,2026-09-17,Cybergoria,75,open
2026-09-17T22:06:30.919916-04:00,2026-09-17,Evil Dead Burn,65,open
2026-09-17T22:06:30.919916-04:00,2026-09-17,H.R. Bloodengutz,60,open
2026-09-17T22:06:30.919916-04:00,2026-09-17,Hellraiser,60,open
2026-09-17T22:06:30.919916-04:00,2026-09-17,INVASION,55,open
2026-09-17T22:06:30.919916-04:00,2026-09-17,Jack & Oddfellow,50,open
2026-09-17T22:06:30.919916-04:00,2026-09-17,MADLANDS,50,open
2026-09-17T22:06:30.919916-04:00,2026-09-17,Ozzy Osbourne,80,open
2026-09-17T22:06:30.919916-04:00,2026-09-17,Sinners,125,open
2026-09-17T22:06:30.919916-04:00,2026-09-17,Stranger Things 5,45,open
2026-09-17T22:22:41.375248-04:00,2026-09-17,Cybergoria,75,open
2026-09-17T22:22:41.375248-04:00,2026-09-17,Evil Dead Burn,65,open
2026-09-17T22:22:41.375248-04:00,2026-09-17,H.R. Bloodengutz,70,open
2026-09-17T22:22:41.375248-04:00,2026-09-17,Hellraiser,75,open
2026-09-17T22:22:41.375248-04:00,2026-09-17,INVASION,50,open
2026-09-17T22:22:41.375248-04:00,2026-09-17,Jack & Oddfellow,50,open
2026-09-17T22:22:41.375248-04:00,2026-09-17,MADLANDS,55,open
2026-09-17T22:22:41.375248-04:00,2026-09-17,Ozzy Osbourne,65,open
2026-09-17T22:22:41.375248-04:00,2026-09-17,Sinners,105,open
2026-09-17T22:22:41.375248-04:00,2026-09-17,Stranger Things 5,45,open
2026-09-17T22:34:14.006816-04:00,2026-09-17,Cybergoria,75,open
2026-09-17T22:34:14.006816-04:00,2026-09-17,Evil Dead Burn,65,open
2026-09-17T22:34:14.006816-04:00,2026-09-17,H.R. Bloodengutz,70,open
2026-09-17T22:34:14.006816-04:00,2026-09-17,Hellraiser,75,open
2026-09-17T22:34:14.006816-04:00,2026-09-17,INVASION,45,open
2026-09-17T22:34:14.006816-04:00,2026-09-17,Jack & Oddfellow,60,open
2026-09-17T22:34:14.006816-04:00,2026-09-17,MADLANDS,60,open
2026-09-17T22:34:14.006816-04:00,2026-09-17,Ozzy Osbourne,70,open
2026-09-17T22:34:14.006816-04:00,2026-09-17,Sinners,105,open
2026-09-17T22:34:14.006816-04:00,2026-09-17,Stranger Things 5,45,open
2026-09-17T22:45:56.526980-04:00,2026-09-17,Cybergoria,75,open
2026-09-17T22:45:56.526980-04:00,2026-09-17,Evil Dead Burn,65,open
2026-09-17T22:45:56.526980-04:00,2026-09-17,H.R. Bloodengutz,55,open
2026-09-17T22:45:56.526980-04:00,2026-09-17,Hellraiser,65,open
2026-09-17T22:45:56.526980-04:00,2026-09-17,INVASION,45,open
2026-09-17T22:45:56.526980-04:00,2026-09-17,Jack & Oddfellow,70,open
2026-09-17T22:45:56.526980-04:00,2026-09-17,MADLANDS,0,closed
2026-09-17T22:45:56.526980-04:00,2026-09-17,Ozzy Osbourne,100,open
2026-09-17T22:45:56.526980-04:00,2026-09-17,Sinners,105,open
2026-09-17T22:45:56.526980-04:00,2026-09-17,Stranger Things 5,55,open
2026-09-17T22:54:33.195605-04:00,2026-09-17,Cybergoria,75,open
2026-09-17T22:54:33.195605-04:00,2026-09-17,Evil Dead Burn,50,open
2026-09-17T22:54:33.195605-04:00,2026-09-17,H.R. Bloodengutz,55,open
2026-09-17T22:54:33.195605-04:00,2026-09-17,Hellraiser,65,open
2026-09-17T22:54:33.195605-04:00,2026-09-17,INVASION,60,open
2026-09-17T22:54:33.195605-04:00,2026-09-17,Jack & Oddfellow,70,open
2026-09-17T22:54:33.195605-04:00,2026-09-17,MADLANDS,50,open
2026-09-17T22:54:33.195605-04:00,2026-09-17,Ozzy Osbourne,90,open
2026-09-17T22:54:33.195605-04:00,2026-09-17,Sinners,110,open
2026-09-17T22:54:33.195605-04:00,2026-09-17,Stranger Things 5,55,open
2026-09-17T23:04:33.043878-04:00,2026-09-17,Cybergoria,75,open
2026-09-17T23:04:33.043878-04:00,2026-09-17,Evil Dead Burn,35,open
2026-09-17T23:04:33.043878-04:00,2026-09-17,H.R. Bloodengutz,55,open
2026-09-17T23:04:33.043878-04:00,2026-09-17,Hellraiser,65,open
2026-09-17T23:04:33.043878-04:00,2026-09-17,INVASION,50,open
2026-09-17T23:04:33.043878-04:00,2026-09-17,Jack & Oddfellow,60,open
2026-09-17T23:04:33.043878-04:00,2026-09-17,MADLANDS,50,open
2026-09-17T23:04:33.043878-04:00,2026-09-17,Ozzy Osbourne,70,open
2026-09-17T23:04:33.043878-04:00,2026-09-17,Sinners,110,open
2026-09-17T23:04:33.043878-04:00,2026-09-17,Stranger Things 5,55,open
2026-09-17T23:20:15.194424-04:00,2026-09-17,Cybergoria,60,open
2026-09-17T23:20:15.194424-04:00,2026-09-17,Evil Dead Burn,55,open
2026-09-17T23:20:15.194424-04:00,2026-09-17,H.R. Bloodengutz,55,open
2026-09-17T23:20:15.194424-04:00,2026-09-17,Hellraiser,50,open
2026-09-17T23:20:15.194424-04:00,2026-09-17,INVASION,50,open
2026-09-17T23:20:15.194424-04:00,2026-09-17,Jack & Oddfellow,60,open
2026-09-17T23:20:15.194424-04:00,2026-09-17,MADLANDS,40,open
2026-09-17T23:20:15.194424-04:00,2026-09-17,Ozzy Osbourne,70,open
2026-09-17T23:20:15.194424-04:00,2026-09-17,Sinners,110,open
2026-09-17T23:20:15.194424-04:00,2026-09-17,Stranger Things 5,40,open
2026-09-17T23:32:49.772808-04:00,2026-09-17,Cybergoria,60,open
2026-09-17T23:32:49.772808-04:00,2026-09-17,Evil Dead Burn,55,open
2026-09-17T23:32:49.772808-04:00,2026-09-17,H.R. Bloodengutz,55,open
2026-09-17T23:32:49.772808-04:00,2026-09-17,Hellraiser,50,open
2026-09-17T23:32:49.772808-04:00,2026-09-17,INVASION,40,open
2026-09-17T23:32:49.772808-04:00,2026-09-17,Jack & Oddfellow,45,open
2026-09-17T23:32:49.772808-04:00,2026-09-17,MADLANDS,50,open
2026-09-17T23:32:49.772808-04:00,2026-09-17,Ozzy Osbourne,70,open
2026-09-17T23:32:49.772808-04:00,2026-09-17,Sinners,110,open
2026-09-17T23:32:49.772808-04:00,2026-09-17,Stranger Things 5,40,open
2026-09-17T23:45:04.324716-04:00,2026-09-17,Cybergoria,75,open
2026-09-17T23:45:04.324716-04:00,2026-09-17,Evil Dead Burn,55,open
2026-09-17T23:45:04.324716-04:00,2026-09-17,H.R. Bloodengutz,55,open
2026-09-17T23:45:04.324716-04:00,2026-09-17,Hellraiser,50,open
2026-09-17T23:45:04.324716-04:00,2026-09-17,INVASION,40,open
2026-09-17T23:45:04.324716-04:00,2026-09-17,Jack & Oddfellow,45,open
2026-09-17T23:45:04.324716-04:00,2026-09-17,MADLANDS,50,open
2026-09-17T23:45:04.324716-04:00,2026-09-17,Ozzy Osbourne,70,open
2026-09-17T23:45:04.324716-04:00,2026-09-17,Sinners,110,open
2026-09-17T23:45:04.324716-04:00,2026-09-17,Stranger Things 5,40,open
2026-09-17T23:54:42.299792-04:00,2026-09-17,Cybergoria,75,open
2026-09-17T23:54:42.299792-04:00,2026-09-17,Evil Dead Burn,55,open
2026-09-17T23:54:42.299792-04:00,2026-09-17,H.R. Bloodengutz,80,open
2026-09-17T23:54:42.299792-04:00,2026-09-17,Hellraiser,35,open
2026-09-17T23:54:42.299792-04:00,2026-09-17,INVASION,40,open
2026-09-17T23:54:42.299792-04:00,2026-09-17,Jack & Oddfellow,45,open
2026-09-17T23:54:42.299792-04:00,2026-09-17,MADLANDS,35,open
2026-09-17T23:54:42.299792-04:00,2026-09-17,Ozzy Osbourne,70,open
2026-09-17T23:54:42.299792-04:00,2026-09-17,Sinners,110,open
2026-09-17T23:54:42.299792-04:00,2026-09-17,Stranger Things 5,40,open
2026-09-18T00:04:59.613788-04:00,2026-09-17,Cybergoria,75,open
2026-09-18T00:04:59.613788-04:00,2026-09-17,Evil Dead Burn,55,open
2026-09-18T00:04:59.613788-04:00,2026-09-17,H.R. Bloodengutz,80,open
2026-09-18T00:04:59.613788-04:00,2026-09-17,Hellraiser,35,open
2026-09-18T00:04:59.613788-04:00,2026-09-17,INVASION,40,open
2026-09-18T00:04:59.613788-04:00,2026-09-17,Jack & Oddfellow,55,open
2026-09-18T00:04:59.613788-04:00,2026-09-17,MADLANDS,25,open
2026-09-18T00:04:59.613788-04:00,2026-09-17,Ozzy Osbourne,75,open
2026-09-18T00:04:59.613788-04:00,2026-09-17,Sinners,85,open
2026-09-18T00:04:59.613788-04:00,2026-09-17,Stranger Things 5,40,open
2026-09-18T00:20:41.994296-04:00,2026-09-17,Cybergoria,40,open
2026-09-18T00:20:41.994296-04:00,2026-09-17,Evil Dead Burn,45,open
2026-09-18T00:20:41.994296-04:00,2026-09-17,H.R. Bloodengutz,80,open
2026-09-18T00:20:41.994296-04:00,2026-09-17,Hellraiser,55,open
2026-09-18T00:20:41.994296-04:00,2026-09-17,INVASION,40,open
2026-09-18T00:20:41.994296-04:00,2026-09-17,Jack & Oddfellow,45,open
2026-09-18T00:20:41.994296-04:00,2026-09-17,MADLANDS,35,open
2026-09-18T00:20:41.994296-04:00,2026-09-17,Ozzy Osbourne,60,open
2026-09-18T00:20:41.994296-04:00,2026-09-17,Sinners,35,open
2026-09-18T00:20:41.994296-04:00,2026-09-17,Stranger Things 5,45,open
2026-09-18T00:33:16.216687-04:00,2026-09-17,Cybergoria,50,open
2026-09-18T00:33:16.216687-04:00,2026-09-17,Evil Dead Burn,35,open
2026-09-18T00:33:16.216687-04:00,2026-09-17,H.R. Bloodengutz,40,open
2026-09-18T00:33:16.216687-04:00,2026-09-17,Hellraiser,50,open
2026-09-18T00:33:16.216687-04:00,2026-09-17,INVASION,40,open
2026-09-18T00:33:16.216687-04:00,2026-09-17,Jack & Oddfellow,45,open
2026-09-18T00:33:16.216687-04:00,2026-09-17,MADLANDS,35,open
2026-09-18T00:33:16.216687-04:00,2026-09-17,Ozzy Osbourne,60,open
2026-09-18T00:33:16.216687-04:00,2026-09-17,Sinners,75,open
2026-09-18T00:33:16.216687-04:00,2026-09-17,Stranger Things 5,45,open
2026-09-18T00:45:26.669788-04:00,2026-09-17,Cybergoria,50,open
2026-09-18T00:45:26.669788-04:00,2026-09-17,Evil Dead Burn,35,open
2026-09-18T00:45:26.669788-04:00,2026-09-17,H.R. Bloodengutz,40,open
2026-09-18T00:45:26.669788-04:00,2026-09-17,Hellraiser,50,open
2026-09-18T00:45:26.669788-04:00,2026-09-17,INVASION,25,open
2026-09-18T00:45:26.669788-04:00,2026-09-17,Jack & Oddfellow,45,open
2026-09-18T00:45:26.669788-04:00,2026-09-17,MADLANDS,30,open
2026-09-18T00:45:26.669788-04:00,2026-09-17,Ozzy Osbourne,35,open
2026-09-18T00:45:26.669788-04:00,2026-09-17,Sinners,75,open
2026-09-18T00:45:26.669788-04:00,2026-09-17,Stranger Things 5,35,open
2026-09-18T00:54:35.488924-04:00,2026-09-17,Cybergoria,50,open
2026-09-18T00:54:35.488924-04:00,2026-09-17,Evil Dead Burn,35,open
2026-09-18T00:54:35.488924-04:00,2026-09-17,H.R. Bloodengutz,40,open
2026-09-18T00:54:35.488924-04:00,2026-09-17,Hellraiser,50,open
2026-09-18T00:54:35.488924-04:00,2026-09-17,INVASION,25,open
2026-09-18T00:54:35.488924-04:00,2026-09-17,Jack & Oddfellow,45,open
2026-09-18T00:54:35.488924-04:00,2026-09-17,MADLANDS,30,open
2026-09-18T00:54:35.488924-04:00,2026-09-17,Ozzy Osbourne,55,open
2026-09-18T00:54:35.488924-04:00,2026-09-17,Sinners,75,open
2026-09-18T00:54:35.488924-04:00,2026-09-17,Stranger Things 5,35,open
2026-09-18T01:04:11.242642-04:00,2026-09-17,Cybergoria,40,open
2026-09-18T01:04:11.242642-04:00,2026-09-17,Evil Dead Burn,25,open
2026-09-18T01:04:11.242642-04:00,2026-09-17,H.R. Bloodengutz,40,open
2026-09-18T01:04:11.242642-04:00,2026-09-17,Hellraiser,25,open
2026-09-18T01:04:11.242642-04:00,2026-09-17,INVASION,25,open
2026-09-18T01:04:11.242642-04:00,2026-09-17,Jack & Oddfellow,45,open
2026-09-18T01:04:11.242642-04:00,2026-09-17,MADLANDS,30,open
2026-09-18T01:04:11.242642-04:00,2026-09-17,Ozzy Osbourne,55,open
2026-09-18T01:04:11.242642-04:00,2026-09-17,Sinners,75,open
2026-09-18T01:04:11.242642-04:00,2026-09-17,Stranger Things 5,20,open
2026-09-18T01:18:28.406070-04:00,2026-09-17,Cybergoria,40,open
2026-09-18T01:18:28.406070-04:00,2026-09-17,Evil Dead Burn,25,open
2026-09-18T01:18:28.406070-04:00,2026-09-17,H.R. Bloodengutz,30,open
2026-09-18T01:18:28.406070-04:00,2026-09-17,Hellraiser,25,open
2026-09-18T01:18:28.406070-04:00,2026-09-17,INVASION,25,open
2026-09-18T01:18:28.406070-04:00,2026-09-17,Jack & Oddfellow,25,open
2026-09-18T01:18:28.406070-04:00,2026-09-17,MADLANDS,25,open
2026-09-18T01:18:28.406070-04:00,2026-09-17,Ozzy Osbourne,65,open
2026-09-18T01:18:28.406070-04:00,2026-09-17,Sinners,60,open
2026-09-18T01:18:28.406070-04:00,2026-09-17,Stranger Things 5,20,open
2026-09-18T01:30:28.604707-04:00,2026-09-17,Cybergoria,40,open
2026-09-18T01:30:28.604707-04:00,2026-09-17,Evil Dead Burn,25,open
2026-09-18T01:30:28.604707-04:00,2026-09-17,H.R. Bloodengutz,30,open
2026-09-18T01:30:28.604707-04:00,2026-09-17,Hellraiser,25,open
2026-09-18T01:30:28.604707-04:00,2026-09-17,INVASION,15,open
2026-09-18T01:30:28.604707-04:00,2026-09-17,Jack & Oddfellow,25,open
2026-09-18T01:30:28.604707-04:00,2026-09-17,MADLANDS,25,open
2026-09-18T01:30:28.604707-04:00,2026-09-17,Ozzy Osbourne,45,open
2026-09-18T01:30:28.604707-04:00,2026-09-17,Sinners,45,open
2026-09-18T01:30:28.604707-04:00,2026-09-17,Stranger Things 5,20,open
2026-09-18T01:42:35.287018-04:00,2026-09-17,Cybergoria,15,open
2026-09-18T01:42:35.287018-04:00,2026-09-17,Evil Dead Burn,25,open
2026-09-18T01:42:35.287018-04:00,2026-09-17,H.R. Bloodengutz,30,open
2026-09-18T01:42:35.287018-04:00,2026-09-17,Hellraiser,10,open
2026-09-18T01:42:35.287018-04:00,2026-09-17,INVASION,5,open
2026-09-18T01:42:35.287018-04:00,2026-09-17,Jack & Oddfellow,35,open
2026-09-18T01:42:35.287018-04:00,2026-09-17,MADLANDS,25,open
2026-09-18T01:42:35.287018-04:00,2026-09-17,Ozzy Osbourne,60,open
2026-09-18T01:42:35.287018-04:00,2026-09-17,Sinners,35,open
2026-09-18T01:42:35.287018-04:00,2026-09-17,Stranger Things 5,20,open
2026-09-18T01:51:43.788999-04:00,2026-09-17,Cybergoria,10,open
2026-09-18T01:51:43.788999-04:00,2026-09-17,Evil Dead Burn,25,open
2026-09-18T01:51:43.788999-04:00,2026-09-17,H.R. Bloodengutz,15,open
2026-09-18T01:51:43.788999-04:00,2026-09-17,Hellraiser,10,open
2026-09-18T01:51:43.788999-04:00,2026-09-17,INVASION,5,open
2026-09-18T01:51:43.788999-04:00,2026-09-17,Jack & Oddfellow,35,open
2026-09-18T01:51:43.788999-04:00,2026-09-17,MADLANDS,25,open
2026-09-18T01:51:43.788999-04:00,2026-09-17,Ozzy Osbourne,45,open
2026-09-18T01:51:43.788999-04:00,2026-09-17,Sinners,35,open
2026-09-18T01:51:43.788999-04:00,2026-09-17,Stranger Things 5,20,open
2026-09-18T01:59:40.494473-04:00,2026-09-17,Cybergoria,10,open
2026-09-18T01:59:40.494473-04:00,2026-09-17,Evil Dead Burn,25,open
2026-09-18T01:59:40.494473-04:00,2026-09-17,H.R. Bloodengutz,15,open
2026-09-18T01:59:40.494473-04:00,2026-09-17,Hellraiser,10,open
2026-09-18T01:59:40.494473-04:00,2026-09-17,INVASION,5,open
2026-09-18T01:59:40.494473-04:00,2026-09-17,Jack & Oddfellow,35,open
2026-09-18T01:59:40.494473-04:00,2026-09-17,MADLANDS,25,open
2026-09-18T01:59:40.494473-04:00,2026-09-17,Ozzy Osbourne,40,open
2026-09-18T01:59:40.494473-04:00,2026-09-17,Sinners,35,open
2026-09-18T01:59:40.494473-04:00,2026-09-17,Stranger Things 5,10,open
2026-09-18T02:19:29.901313-04:00,2026-09-17,Cybergoria,0,closed
2026-09-18T02:19:29.901313-04:00,2026-09-17,Evil Dead Burn,0,closed
2026-09-18T02:19:29.901313-04:00,2026-09-17,H.R. Bloodengutz,0,closed
2026-09-18T02:19:29.901313-04:00,2026-09-17,Hellraiser,0,closed
2026-09-18T02:19:29.901313-04:00,2026-09-17,INVASION,0,closed
2026-09-18T02:19:29.901313-04:00,2026-09-17,Jack & Oddfellow,0,closed
2026-09-18T02:19:29.901313-04:00,2026-09-17,MADLANDS,0,closed
2026-09-18T02:19:29.901313-04:00,2026-09-17,Ozzy Osbourne,0,closed
2026-09-18T02:19:29.901313-04:00,2026-09-17,Sinners,0,closed
2026-09-18T02:19:29.901313-04:00,2026-09-17,Stranger Things 5,0,closed
2026-09-18T02:37:24.096370-04:00,2026-09-17,Cybergoria,0,closed
2026-09-18T02:37:24.096370-04:00,2026-09-17,Evil Dead Burn,0,closed
2026-09-18T02:37:24.096370-04:00,2026-09-17,H.R. Bloodengutz,0,closed
2026-09-18T02:37:24.096370-04:00,2026-09-17,Hellraiser,0,closed
2026-09-18T02:37:24.096370-04:00,2026-09-17,INVASION,0,closed
2026-09-18T02:37:24.096370-04:00,2026-09-17,Jack & Oddfellow,0,closed
2026-09-18T02:37:24.096370-04:00,2026-09-17,MADLANDS,0,closed
2026-09-18T02:37:24.096370-04:00,2026-09-17,Ozzy Osbourne,0,closed
2026-09-18T02:37:24.096370-04:00,2026-09-17,Sinners,0,closed
2026-09-18T02:37:24.096370-04:00,2026-09-17,Stranger Things 5,0,closed
2026-09-18T02:51:17.054356-04:00,2026-09-17,Cybergoria,0,closed
2026-09-18T02:51:17.054356-04:00,2026-09-17,Evil Dead Burn,0,closed
2026-09-18T02:51:17.054356-04:00,2026-09-17,H.R. Bloodengutz,0,closed
2026-09-18T02:51:17.054356-04:00,2026-09-17,Hellraiser,0,closed
2026-09-18T02:51:17.054356-04:00,2026-09-17,INVASION,0,closed
2026-09-18T02:51:17.054356-04:00,2026-09-17,Jack & Oddfellow,0,closed
2026-09-18T02:51:17.054356-04:00,2026-09-17,MADLANDS,0,closed
2026-09-18T02:51:17.054356-04:00,2026-09-17,Ozzy Osbourne,0,closed
2026-09-18T02:51:17.054356-04:00,2026-09-17,Sinners,0,closed
2026-09-18T02:51:17.054356-04:00,2026-09-17,Stranger Things 5,0,closed
2026-09-18T03:00:02.382395-04:00,2026-09-17,Cybergoria,0,closed
2026-09-18T03:00:02.382395-04:00,2026-09-17,Evil Dead Burn,0,closed
2026-09-18T03:00:02.382395-04:00,2026-09-17,H.R. Bloodengutz,0,closed
2026-09-18T03:00:02.382395-04:00,2026-09-17,Hellraiser,0,closed
2026-09-18T03:00:02.382395-04:00,2026-09-17,INVASION,0,closed
2026-09-18T03:00:02.382395-04:00,2026-09-17,Jack & Oddfellow,0,closed
2026-09-18T03:00:02.382395-04:00,2026-09-17,MADLANDS,0,closed
2026-09-18T03:00:02.382395-04:00,2026-09-17,Ozzy Osbourne,0,closed
2026-09-18T03:00:02.382395-04:00,2026-09-17,Sinners,0,closed
2026-09-18T03:00:02.382395-04:00,2026-09-17,Stranger Things 5,0,closed
2026-09-18T14:13:55.411240-04:00,2026-09-18,Cybergoria,0,closed
2026-09-18T14:13:55.411240-04:00,2026-09-18,Evil Dead Burn,0,closed
2026-09-18T14:13:55.411240-04:00,2026-09-18,H.R. Bloodengutz,0,closed
2026-09-18T14:13:55.411240-04:00,2026-09-18,Hellraiser,10,open
2026-09-18T14:13:55.411240-04:00,2026-09-18,INVASION,0,closed
2026-09-18T14:13:55.411240-04:00,2026-09-18,Jack & Oddfellow,0,closed
2026-09-18T14:13:55.411240-04:00,2026-09-18,MADLANDS,0,closed
2026-09-18T14:13:55.411240-04:00,2026-09-18,Ozzy Osbourne,0,closed
2026-09-18T14:13:55.411240-04:00,2026-09-18,Sinners,0,closed
2026-09-18T14:13:55.411240-04:00,2026-09-18,Stranger Things 5,25,open
2026-09-18T14:29:13.721054-04:00,2026-09-18,Cybergoria,0,closed
2026-09-18T14:29:13.721054-04:00,2026-09-18,Evil Dead Burn,0,closed
2026-09-18T14:29:13.721054-04:00,2026-09-18,H.R. Bloodengutz,0,closed
2026-09-18T14:29:13.721054-04:00,2026-09-18,Hellraiser,10,open
2026-09-18T14:29:13.721054-04:00,2026-09-18,INVASION,0,closed
2026-09-18T14:29:13.721054-04:00,2026-09-18,Jack & Oddfellow,30,open
2026-09-18T14:29:13.721054-04:00,2026-09-18,MADLANDS,0,closed
2026-09-18T14:29:13.721054-04:00,2026-09-18,Ozzy Osbourne,0,closed
2026-09-18T14:29:13.721054-04:00,2026-09-18,Sinners,0,closed
2026-09-18T14:29:13.721054-04:00,2026-09-18,Stranger Things 5,10,open
2026-09-18T14:42:00.356048-04:00,2026-09-18,Cybergoria,0,closed
2026-09-18T14:42:00.356048-04:00,2026-09-18,Evil Dead Burn,0,closed
2026-09-18T14:42:00.356048-04:00,2026-09-18,H.R. Bloodengutz,0,closed
2026-09-18T14:42:00.356048-04:00,2026-09-18,Hellraiser,10,open
2026-09-18T14:42:00.356048-04:00,2026-09-18,INVASION,0,closed
2026-09-18T14:42:00.356048-04:00,2026-09-18,Jack & Oddfellow,30,open
2026-09-18T14:42:00.356048-04:00,2026-09-18,MADLANDS,0,closed
2026-09-18T14:42:00.356048-04:00,2026-09-18,Ozzy Osbourne,0,closed
2026-09-18T14:42:00.356048-04:00,2026-09-18,Sinners,0,closed
2026-09-18T14:42:00.356048-04:00,2026-09-18,Stranger Things 5,10,open
2026-09-18T14:51:15.159655-04:00,2026-09-18,Cybergoria,0,closed
2026-09-18T14:51:15.159655-04:00,2026-09-18,Evil Dead Burn,0,closed
2026-09-18T14:51:15.159655-04:00,2026-09-18,H.R. Bloodengutz,0,closed
2026-09-18T14:51:15.159655-04:00,2026-09-18,Hellraiser,10,open
2026-09-18T14:51:15.159655-04:00,2026-09-18,INVASION,0,closed
2026-09-18T14:51:15.159655-04:00,2026-09-18,Jack & Oddfellow,30,open
2026-09-18T14:51:15.159655-04:00,2026-09-18,MADLANDS,0,closed
2026-09-18T14:51:15.159655-04:00,2026-09-18,Ozzy Osbourne,0,closed
2026-09-18T14:51:15.159655-04:00,2026-09-18,Sinners,0,closed
2026-09-18T14:51:15.159655-04:00,2026-09-18,Stranger Things 5,10,open
2026-09-18T14:59:02.658006-04:00,2026-09-18,Cybergoria,0,closed
2026-09-18T14:59:02.658006-04:00,2026-09-18,Evil Dead Burn,0,closed
2026-09-18T14:59:02.658006-04:00,2026-09-18,H.R. Bloodengutz,0,closed
2026-09-18T14:59:02.658006-04:00,2026-09-18,Hellraiser,10,open
2026-09-18T14:59:02.658006-04:00,2026-09-18,INVASION,0,closed
2026-09-18T14:59:02.658006-04:00,2026-09-18,Jack & Oddfellow,30,open
2026-09-18T14:59:02.658006-04:00,2026-09-18,MADLANDS,0,closed
2026-09-18T14:59:02.658006-04:00,2026-09-18,Ozzy Osbourne,0,closed
2026-09-18T14:59:02.658006-04:00,2026-09-18,Sinners,0,closed
2026-09-18T14:59:02.658006-04:00,2026-09-18,Stranger Things 5,10,open
2026-09-18T15:13:19.202147-04:00,2026-09-18,Cybergoria,0,closed
2026-09-18T15:13:19.202147-04:00,2026-09-18,Evil Dead Burn,0,closed
2026-09-18T15:13:19.202147-04:00,2026-09-18,H.R. Bloodengutz,0,closed
2026-09-18T15:13:19.202147-04:00,2026-09-18,Hellraiser,15,open
2026-09-18T15:13:19.202147-04:00,2026-09-18,INVASION,0,closed
2026-09-18T15:13:19.202147-04:00,2026-09-18,Jack & Oddfellow,20,open
2026-09-18T15:13:19.202147-04:00,2026-09-18,MADLANDS,0,closed
2026-09-18T15:13:19.202147-04:00,2026-09-18,Ozzy Osbourne,0,closed
2026-09-18T15:13:19.202147-04:00,2026-09-18,Sinners,0,closed
2026-09-18T15:13:19.202147-04:00,2026-09-18,Stranger Things 5,10,open
2026-09-18T15:24:54.123807-04:00,2026-09-18,Cybergoria,0,closed
2026-09-18T15:24:54.123807-04:00,2026-09-18,Evil Dead Burn,0,closed
2026-09-18T15:24:54.123807-04:00,2026-09-18,H.R. Bloodengutz,0,closed
2026-09-18T15:24:54.123807-04:00,2026-09-18,Hellraiser,15,open
2026-09-18T15:24:54.123807-04:00,2026-09-18,INVASION,0,closed
2026-09-18T15:24:54.123807-04:00,2026-09-18,Jack & Oddfellow,15,open
2026-09-18T15:24:54.123807-04:00,2026-09-18,MADLANDS,0,closed
2026-09-18T15:24:54.123807-04:00,2026-09-18,Ozzy Osbourne,0,closed
2026-09-18T15:24:54.123807-04:00,2026-09-18,Sinners,0,closed
2026-09-18T15:24:54.123807-04:00,2026-09-18,Stranger Things 5,10,open
2026-09-18T15:33:35.209220-04:00,2026-09-18,Cybergoria,0,closed
2026-09-18T15:33:35.209220-04:00,2026-09-18,Evil Dead Burn,0,closed
2026-09-18T15:33:35.209220-04:00,2026-09-18,H.R. Bloodengutz,0,closed
2026-09-18T15:33:35.209220-04:00,2026-09-18,Hellraiser,15,open
2026-09-18T15:33:35.209220-04:00,2026-09-18,INVASION,0,closed
2026-09-18T15:33:35.209220-04:00,2026-09-18,Jack & Oddfellow,15,open
2026-09-18T15:33:35.209220-04:00,2026-09-18,MADLANDS,0,closed
2026-09-18T15:33:35.209220-04:00,2026-09-18,Ozzy Osbourne,0,closed
2026-09-18T15:33:35.209220-04:00,2026-09-18,Sinners,0,closed
2026-09-18T15:33:35.209220-04:00,2026-09-18,Stranger Things 5,5,open
2026-09-18T15:42:05.491822-04:00,2026-09-18,Cybergoria,0,closed
2026-09-18T15:42:05.491822-04:00,2026-09-18,Evil Dead Burn,0,closed
2026-09-18T15:42:05.491822-04:00,2026-09-18,H.R. Bloodengutz,0,closed
2026-09-18T15:42:05.491822-04:00,2026-09-18,Hellraiser,15,open
2026-09-18T15:42:05.491822-04:00,2026-09-18,INVASION,0,closed
2026-09-18T15:42:05.491822-04:00,2026-09-18,Jack & Oddfellow,15,open
2026-09-18T15:42:05.491822-04:00,2026-09-18,MADLANDS,0,closed
2026-09-18T15:42:05.491822-04:00,2026-09-18,Ozzy Osbourne,0,closed
2026-09-18T15:42:05.491822-04:00,2026-09-18,Sinners,0,closed
2026-09-18T15:42:05.491822-04:00,2026-09-18,Stranger Things 5,5,open
2026-09-18T15:50:01.671520-04:00,2026-09-18,Cybergoria,0,closed
2026-09-18T15:50:01.671520-04:00,2026-09-18,Evil Dead Burn,0,closed
2026-09-18T15:50:01.671520-04:00,2026-09-18,H.R. Bloodengutz,0,closed
2026-09-18T15:50:01.671520-04:00,2026-09-18,Hellraiser,15,open
2026-09-18T15:50:01.671520-04:00,2026-09-18,INVASION,0,closed
2026-09-18T15:50:01.671520-04:00,2026-09-18,Jack & Oddfellow,15,open
2026-09-18T15:50:01.671520-04:00,2026-09-18,MADLANDS,0,closed
2026-09-18T15:50:01.671520-04:00,2026-09-18,Ozzy Osbourne,0,closed
2026-09-18T15:50:01.671520-04:00,2026-09-18,Sinners,0,closed
2026-09-18T15:50:01.671520-04:00,2026-09-18,Stranger Things 5,5,open
2026-09-18T15:57:46.182098-04:00,2026-09-18,Cybergoria,0,closed
2026-09-18T15:57:46.182098-04:00,2026-09-18,Evil Dead Burn,0,closed
2026-09-18T15:57:46.182098-04:00,2026-09-18,H.R. Bloodengutz,0,closed
2026-09-18T15:57:46.182098-04:00,2026-09-18,Hellraiser,15,open
2026-09-18T15:57:46.182098-04:00,2026-09-18,INVASION,0,closed
2026-09-18T15:57:46.182098-04:00,2026-09-18,Jack & Oddfellow,10,open
2026-09-18T15:57:46.182098-04:00,2026-09-18,MADLANDS,0,closed
2026-09-18T15:57:46.182098-04:00,2026-09-18,Ozzy Osbourne,0,closed
2026-09-18T15:57:46.182098-04:00,2026-09-18,Sinners,0,closed
2026-09-18T15:57:46.182098-04:00,2026-09-18,Stranger Things 5,5,open
2026-09-18T16:10:59.297392-04:00,2026-09-18,Cybergoria,0,closed
2026-09-18T16:10:59.297392-04:00,2026-09-18,Evil Dead Burn,0,closed
2026-09-18T16:10:59.297392-04:00,2026-09-18,H.R. Bloodengutz,0,closed
2026-09-18T16:10:59.297392-04:00,2026-09-18,Hellraiser,15,open
2026-09-18T16:10:59.297392-04:00,2026-09-18,INVASION,0,closed
2026-09-18T16:10:59.297392-04:00,2026-09-18,Jack & Oddfellow,10,open
2026-09-18T16:10:59.297392-04:00,2026-09-18,MADLANDS,0,closed
2026-09-18T16:10:59.297392-04:00,2026-09-18,Ozzy Osbourne,0,closed
2026-09-18T16:10:59.297392-04:00,2026-09-18,Sinners,0,closed
2026-09-18T16:10:59.297392-04:00,2026-09-18,Stranger Things 5,5,open
2026-09-18T16:24:25.012608-04:00,2026-09-18,Cybergoria,0,closed
2026-09-18T16:24:25.012608-04:00,2026-09-18,Evil Dead Burn,0,closed
2026-09-18T16:24:25.012608-04:00,2026-09-18,H.R. Bloodengutz,0,closed
2026-09-18T16:24:25.012608-04:00,2026-09-18,Hellraiser,15,open
2026-09-18T16:24:25.012608-04:00,2026-09-18,INVASION,0,closed
2026-09-18T16:24:25.012608-04:00,2026-09-18,Jack & Oddfellow,10,open
2026-09-18T16:24:25.012608-04:00,2026-09-18,MADLANDS,0,closed
2026-09-18T16:24:25.012608-04:00,2026-09-18,Ozzy Osbourne,0,closed
2026-09-18T16:24:25.012608-04:00,2026-09-18,Sinners,0,closed
2026-09-18T16:24:25.012608-04:00,2026-09-18,Stranger Things 5,5,open
2026-09-18T16:35:22.317123-04:00,2026-09-18,Cybergoria,0,closed
2026-09-18T16:35:22.317123-04:00,2026-09-18,Evil Dead Burn,0,closed
2026-09-18T16:35:22.317123-04:00,2026-09-18,H.R. Bloodengutz,0,closed
2026-09-18T16:35:22.317123-04:00,2026-09-18,Hellraiser,10,open
2026-09-18T16:35:22.317123-04:00,2026-09-18,INVASION,0,closed
2026-09-18T16:35:22.317123-04:00,2026-09-18,Jack & Oddfellow,10,open
2026-09-18T16:35:22.317123-04:00,2026-09-18,MADLANDS,0,closed
2026-09-18T16:35:22.317123-04:00,2026-09-18,Ozzy Osbourne,0,closed
2026-09-18T16:35:22.317123-04:00,2026-09-18,Sinners,0,closed
2026-09-18T16:35:22.317123-04:00,2026-09-18,Stranger Things 5,5,open
2026-09-18T16:45:07.665325-04:00,2026-09-18,Cybergoria,0,closed
2026-09-18T16:45:07.665325-04:00,2026-09-18,Evil Dead Burn,0,closed
2026-09-18T16:45:07.665325-04:00,2026-09-18,H.R. Bloodengutz,0,closed
2026-09-18T16:45:07.665325-04:00,2026-09-18,Hellraiser,10,open
2026-09-18T16:45:07.665325-04:00,2026-09-18,INVASION,0,closed
2026-09-18T16:45:07.665325-04:00,2026-09-18,Jack & Oddfellow,10,open
2026-09-18T16:45:07.665325-04:00,2026-09-18,MADLANDS,0,closed
2026-09-18T16:45:07.665325-04:00,2026-09-18,Ozzy Osbourne,0,closed
2026-09-18T16:45:07.665325-04:00,2026-09-18,Sinners,0,closed
2026-09-18T16:45:07.665325-04:00,2026-09-18,Stranger Things 5,5,open
2026-09-18T16:53:29.824214-04:00,2026-09-18,Cybergoria,0,closed
2026-09-18T16:53:29.824214-04:00,2026-09-18,Evil Dead Burn,0,closed
2026-09-18T16:53:29.824214-04:00,2026-09-18,H.R. Bloodengutz,0,closed
2026-09-18T16:53:29.824214-04:00,2026-09-18,Hellraiser,10,open
2026-09-18T16:53:29.824214-04:00,2026-09-18,INVASION,0,closed
2026-09-18T16:53:29.824214-04:00,2026-09-18,Jack & Oddfellow,10,open
2026-09-18T16:53:29.824214-04:00,2026-09-18,MADLANDS,0,closed
2026-09-18T16:53:29.824214-04:00,2026-09-18,Ozzy Osbourne,0,closed
2026-09-18T16:53:29.824214-04:00,2026-09-18,Sinners,0,closed
2026-09-18T16:53:29.824214-04:00,2026-09-18,Stranger Things 5,5,open
2026-09-18T17:02:01.036142-04:00,2026-09-18,Cybergoria,0,closed
2026-09-18T17:02:01.036142-04:00,2026-09-18,Evil Dead Burn,0,closed
2026-09-18T17:02:01.036142-04:00,2026-09-18,H.R. Bloodengutz,0,closed
2026-09-18T17:02:01.036142-04:00,2026-09-18,Hellraiser,10,open
2026-09-18T17:02:01.036142-04:00,2026-09-18,INVASION,0,closed
2026-09-18T17:02:01.036142-04:00,2026-09-18,Jack & Oddfellow,10,open
2026-09-18T17:02:01.036142-04:00,2026-09-18,MADLANDS,0,closed
2026-09-18T17:02:01.036142-04:00,2026-09-18,Ozzy Osbourne,0,closed
2026-09-18T17:02:01.036142-04:00,2026-09-18,Sinners,0,closed
2026-09-18T17:02:01.036142-04:00,2026-09-18,Stranger Things 5,5,open
2026-09-18T17:17:09.595881-04:00,2026-09-18,Cybergoria,0,closed
2026-09-18T17:17:09.595881-04:00,2026-09-18,Evil Dead Burn,0,closed
2026-09-18T17:17:09.595881-04:00,2026-09-18,H.R. Bloodengutz,0,closed
2026-09-18T17:17:09.595881-04:00,2026-09-18,Hellraiser,10,open
2026-09-18T17:17:09.595881-04:00,2026-09-18,INVASION,0,closed
2026-09-18T17:17:09.595881-04:00,2026-09-18,Jack & Oddfellow,10,open
2026-09-18T17:17:09.595881-04:00,2026-09-18,MADLANDS,0,closed
2026-09-18T17:17:09.595881-04:00,2026-09-18,Ozzy Osbourne,0,closed
2026-09-18T17:17:09.595881-04:00,2026-09-18,Sinners,0,closed
2026-09-18T17:17:09.595881-04:00,2026-09-18,Stranger Things 5,5,open
2026-09-18T17:29:05.070461-04:00,2026-09-18,Cybergoria,0,closed
2026-09-18T17:29:05.070461-04:00,2026-09-18,Evil Dead Burn,0,closed
2026-09-18T17:29:05.070461-04:00,2026-09-18,H.R. Bloodengutz,0,closed
2026-09-18T17:29:05.070461-04:00,2026-09-18,Hellraiser,10,open
2026-09-18T17:29:05.070461-04:00,2026-09-18,INVASION,0,closed
2026-09-18T17:29:05.070461-04:00,2026-09-18,Jack & Oddfellow,10,open
2026-09-18T17:29:05.070461-04:00,2026-09-18,MADLANDS,0,closed
2026-09-18T17:29:05.070461-04:00,2026-09-18,Ozzy Osbourne,90,open
2026-09-18T17:29:05.070461-04:00,2026-09-18,Sinners,60,open
2026-09-18T17:29:05.070461-04:00,2026-09-18,Stranger Things 5,5,open
2026-09-18T17:39:46.062669-04:00,2026-09-18,Cybergoria,0,closed
2026-09-18T17:39:46.062669-04:00,2026-09-18,Evil Dead Burn,0,closed
2026-09-18T17:39:46.062669-04:00,2026-09-18,H.R. Bloodengutz,0,closed
2026-09-18T17:39:46.062669-04:00,2026-09-18,Hellraiser,10,open
2026-09-18T17:39:46.062669-04:00,2026-09-18,INVASION,0,closed
2026-09-18T17:39:46.062669-04:00,2026-09-18,Jack & Oddfellow,10,open
2026-09-18T17:39:46.062669-04:00,2026-09-18,MADLANDS,0,closed
2026-09-18T17:39:46.062669-04:00,2026-09-18,Ozzy Osbourne,90,open
2026-09-18T17:39:46.062669-04:00,2026-09-18,Sinners,75,open
2026-09-18T17:39:46.062669-04:00,2026-09-18,Stranger Things 5,5,open
2026-09-18T17:47:55.406513-04:00,2026-09-18,Cybergoria,0,closed
2026-09-18T17:47:55.406513-04:00,2026-09-18,Evil Dead Burn,0,closed
2026-09-18T17:47:55.406513-04:00,2026-09-18,H.R. Bloodengutz,0,closed
2026-09-18T17:47:55.406513-04:00,2026-09-18,Hellraiser,10,open
2026-09-18T17:47:55.406513-04:00,2026-09-18,INVASION,0,closed
2026-09-18T17:47:55.406513-04:00,2026-09-18,Jack & Oddfellow,10,open
2026-09-18T17:47:55.406513-04:00,2026-09-18,MADLANDS,0,closed
2026-09-18T17:47:55.406513-04:00,2026-09-18,Ozzy Osbourne,90,open
2026-09-18T17:47:55.406513-04:00,2026-09-18,Sinners,75,open
2026-09-18T17:47:55.406513-04:00,2026-09-18,Stranger Things 5,5,open
2026-09-18T17:55:47.228721-04:00,2026-09-18,Cybergoria,20,open
2026-09-18T17:55:47.228721-04:00,2026-09-18,Evil Dead Burn,15,open
2026-09-18T17:55:47.228721-04:00,2026-09-18,H.R. Bloodengutz,0,closed
2026-09-18T17:55:47.228721-04:00,2026-09-18,Hellraiser,15,open
2026-09-18T17:55:47.228721-04:00,2026-09-18,INVASION,0,closed
2026-09-18T17:55:47.228721-04:00,2026-09-18,Jack & Oddfellow,10,open
2026-09-18T17:55:47.228721-04:00,2026-09-18,MADLANDS,0,closed
2026-09-18T17:55:47.228721-04:00,2026-09-18,Ozzy Osbourne,90,open
2026-09-18T17:55:47.228721-04:00,2026-09-18,Sinners,75,open
2026-09-18T17:55:47.228721-04:00,2026-09-18,Stranger Things 5,5,open
2026-09-18T18:06:50.791624-04:00,2026-09-18,Cybergoria,20,open
2026-09-18T18:06:50.791624-04:00,2026-09-18,Evil Dead Burn,10,open
2026-09-18T18:06:50.791624-04:00,2026-09-18,H.R. Bloodengutz,60,open
2026-09-18T18:06:50.791624-04:00,2026-09-18,Hellraiser,15,open
2026-09-18T18:06:50.791624-04:00,2026-09-18,INVASION,0,closed
2026-09-18T18:06:50.791624-04:00,2026-09-18,Jack & Oddfellow,10,open
2026-09-18T18:06:50.791624-04:00,2026-09-18,MADLANDS,15,open
2026-09-18T18:06:50.791624-04:00,2026-09-18,Ozzy Osbourne,90,open
2026-09-18T18:06:50.791624-04:00,2026-09-18,Sinners,75,open
2026-09-18T18:06:50.791624-04:00,2026-09-18,Stranger Things 5,5,open
2026-09-18T18:20:24.429244-04:00,2026-09-18,Cybergoria,20,open
2026-09-18T18:20:24.429244-04:00,2026-09-18,Evil Dead Burn,5,open
2026-09-18T18:20:24.429244-04:00,2026-09-18,H.R. Bloodengutz,25,open
2026-09-18T18:20:24.429244-04:00,2026-09-18,Hellraiser,15,open
2026-09-18T18:20:24.429244-04:00,2026-09-18,INVASION,10,open
2026-09-18T18:20:24.429244-04:00,2026-09-18,Jack & Oddfellow,10,open
2026-09-18T18:20:24.429244-04:00,2026-09-18,MADLANDS,30,open
2026-09-18T18:20:24.429244-04:00,2026-09-18,Ozzy Osbourne,45,open
2026-09-18T18:20:24.429244-04:00,2026-09-18,Sinners,60,open
2026-09-18T18:20:24.429244-04:00,2026-09-18,Stranger Things 5,10,open
2026-09-18T18:31:54.940026-04:00,2026-09-18,Cybergoria,20,open
2026-09-18T18:31:54.940026-04:00,2026-09-18,Evil Dead Burn,15,open
2026-09-18T18:31:54.940026-04:00,2026-09-18,H.R. Bloodengutz,25,open
2026-09-18T18:31:54.940026-04:00,2026-09-18,Hellraiser,15,open
2026-09-18T18:31:54.940026-04:00,2026-09-18,INVASION,15,open
2026-09-18T18:31:54.940026-04:00,2026-09-18,Jack & Oddfellow,10,open
2026-09-18T18:31:54.940026-04:00,2026-09-18,MADLANDS,20,open
2026-09-18T18:31:54.940026-04:00,2026-09-18,Ozzy Osbourne,45,open
2026-09-18T18:31:54.940026-04:00,2026-09-18,Sinners,60,open
2026-09-18T18:31:54.940026-04:00,2026-09-18,Stranger Things 5,25,open
2026-09-18T18:41:59.507618-04:00,2026-09-18,Cybergoria,25,open
2026-09-18T18:41:59.507618-04:00,2026-09-18,Evil Dead Burn,15,open
2026-09-18T18:41:59.507618-04:00,2026-09-18,H.R. Bloodengutz,45,open
2026-09-18T18:41:59.507618-04:00,2026-09-18,Hellraiser,15,open
2026-09-18T18:41:59.507618-04:00,2026-09-18,INVASION,35,open
2026-09-18T18:41:59.507618-04:00,2026-09-18,Jack & Oddfellow,20,open
2026-09-18T18:41:59.507618-04:00,2026-09-18,MADLANDS,25,open
2026-09-18T18:41:59.507618-04:00,2026-09-18,Ozzy Osbourne,75,open
2026-09-18T18:41:59.507618-04:00,2026-09-18,Sinners,60,open
2026-09-18T18:41:59.507618-04:00,2026-09-18,Stranger Things 5,25,open
2026-09-18T18:50:31.216768-04:00,2026-09-18,Cybergoria,25,open
2026-09-18T18:50:31.216768-04:00,2026-09-18,Evil Dead Burn,15,open
2026-09-18T18:50:31.216768-04:00,2026-09-18,H.R. Bloodengutz,55,open
2026-09-18T18:50:31.216768-04:00,2026-09-18,Hellraiser,15,open
2026-09-18T18:50:31.216768-04:00,2026-09-18,INVASION,35,open
2026-09-18T18:50:31.216768-04:00,2026-09-18,Jack & Oddfellow,20,open
2026-09-18T18:50:31.216768-04:00,2026-09-18,MADLANDS,25,open
2026-09-18T18:50:31.216768-04:00,2026-09-18,Ozzy Osbourne,75,open
2026-09-18T18:50:31.216768-04:00,2026-09-18,Sinners,60,open
2026-09-18T18:50:31.216768-04:00,2026-09-18,Stranger Things 5,35,open
2026-09-18T18:58:13.115069-04:00,2026-09-18,Cybergoria,30,open
2026-09-18T18:58:13.115069-04:00,2026-09-18,Evil Dead Burn,35,open
2026-09-18T18:58:13.115069-04:00,2026-09-18,H.R. Bloodengutz,55,open
2026-09-18T18:58:13.115069-04:00,2026-09-18,Hellraiser,15,open
2026-09-18T18:58:13.115069-04:00,2026-09-18,INVASION,40,open
2026-09-18T18:58:13.115069-04:00,2026-09-18,Jack & Oddfellow,20,open
2026-09-18T18:58:13.115069-04:00,2026-09-18,MADLANDS,40,open
2026-09-18T18:58:13.115069-04:00,2026-09-18,Ozzy Osbourne,95,open
2026-09-18T18:58:13.115069-04:00,2026-09-18,Sinners,60,open
2026-09-18T18:58:13.115069-04:00,2026-09-18,Stranger Things 5,35,open
2026-09-18T19:11:56.622397-04:00,2026-09-18,Cybergoria,50,open
2026-09-18T19:11:56.622397-04:00,2026-09-18,Evil Dead Burn,35,open
2026-09-18T19:11:56.622397-04:00,2026-09-18,H.R. Bloodengutz,55,open
2026-09-18T19:11:56.622397-04:00,2026-09-18,Hellraiser,15,open
2026-09-18T19:11:56.622397-04:00,2026-09-18,INVASION,40,open
2026-09-18T19:11:56.622397-04:00,2026-09-18,Jack & Oddfellow,35,open
2026-09-18T19:11:56.622397-04:00,2026-09-18,MADLANDS,40,open
2026-09-18T19:11:56.622397-04:00,2026-09-18,Ozzy Osbourne,95,open
2026-09-18T19:11:56.622397-04:00,2026-09-18,Sinners,45,open
2026-09-18T19:11:56.622397-04:00,2026-09-18,Stranger Things 5,40,open
2026-09-18T19:24:35.291395-04:00,2026-09-18,Cybergoria,40,open
2026-09-18T19:24:35.291395-04:00,2026-09-18,Evil Dead Burn,40,open
2026-09-18T19:24:35.291395-04:00,2026-09-18,H.R. Bloodengutz,55,open
2026-09-18T19:24:35.291395-04:00,2026-09-18,Hellraiser,25,open
2026-09-18T19:24:35.291395-04:00,2026-09-18,INVASION,30,open
2026-09-18T19:24:35.291395-04:00,2026-09-18,Jack & Oddfellow,35,open
2026-09-18T19:24:35.291395-04:00,2026-09-18,MADLANDS,40,open
2026-09-18T19:24:35.291395-04:00,2026-09-18,Ozzy Osbourne,75,open
2026-09-18T19:24:35.291395-04:00,2026-09-18,Sinners,45,open
2026-09-18T19:24:35.291395-04:00,2026-09-18,Stranger Things 5,40,open
2026-09-18T19:34:00.632033-04:00,2026-09-18,Cybergoria,40,open
2026-09-18T19:34:00.632033-04:00,2026-09-18,Evil Dead Burn,45,open
2026-09-18T19:34:00.632033-04:00,2026-09-18,H.R. Bloodengutz,50,open
2026-09-18T19:34:00.632033-04:00,2026-09-18,Hellraiser,45,open
2026-09-18T19:34:00.632033-04:00,2026-09-18,INVASION,0,closed
2026-09-18T19:34:00.632033-04:00,2026-09-18,Jack & Oddfellow,45,open
2026-09-18T19:34:00.632033-04:00,2026-09-18,MADLANDS,40,open
2026-09-18T19:34:00.632033-04:00,2026-09-18,Ozzy Osbourne,75,open
2026-09-18T19:34:00.632033-04:00,2026-09-18,Sinners,60,open
2026-09-18T19:34:00.632033-04:00,2026-09-18,Stranger Things 5,40,open
2026-09-18T19:42:54.668948-04:00,2026-09-18,Cybergoria,40,open
2026-09-18T19:42:54.668948-04:00,2026-09-18,Evil Dead Burn,45,open
2026-09-18T19:42:54.668948-04:00,2026-09-18,H.R. Bloodengutz,45,open
2026-09-18T19:42:54.668948-04:00,2026-09-18,Hellraiser,45,open
2026-09-18T19:42:54.668948-04:00,2026-09-18,INVASION,0,closed
2026-09-18T19:42:54.668948-04:00,2026-09-18,Jack & Oddfellow,45,open
2026-09-18T19:42:54.668948-04:00,2026-09-18,MADLANDS,40,open
2026-09-18T19:42:54.668948-04:00,2026-09-18,Ozzy Osbourne,75,open
2026-09-18T19:42:54.668948-04:00,2026-09-18,Sinners,75,open
2026-09-18T19:42:54.668948-04:00,2026-09-18,Stranger Things 5,40,open
2026-09-18T19:51:54.412793-04:00,2026-09-18,Cybergoria,40,open
2026-09-18T19:51:54.412793-04:00,2026-09-18,Evil Dead Burn,45,open
2026-09-18T19:51:54.412793-04:00,2026-09-18,H.R. Bloodengutz,60,open
2026-09-18T19:51:54.412793-04:00,2026-09-18,Hellraiser,45,open
2026-09-18T19:51:54.412793-04:00,2026-09-18,INVASION,0,closed
2026-09-18T19:51:54.412793-04:00,2026-09-18,Jack & Oddfellow,45,open
2026-09-18T19:51:54.412793-04:00,2026-09-18,MADLANDS,40,open
2026-09-18T19:51:54.412793-04:00,2026-09-18,Ozzy Osbourne,70,open
2026-09-18T19:51:54.412793-04:00,2026-09-18,Sinners,75,open
2026-09-18T19:51:54.412793-04:00,2026-09-18,Stranger Things 5,40,open
2026-09-18T20:00:09.096414-04:00,2026-09-18,Cybergoria,60,open
2026-09-18T20:00:09.096414-04:00,2026-09-18,Evil Dead Burn,40,open
2026-09-18T20:00:09.096414-04:00,2026-09-18,H.R. Bloodengutz,60,open
2026-09-18T20:00:09.096414-04:00,2026-09-18,Hellraiser,45,open
2026-09-18T20:00:09.096414-04:00,2026-09-18,INVASION,0,closed
2026-09-18T20:00:09.096414-04:00,2026-09-18,Jack & Oddfellow,45,open
2026-09-18T20:00:09.096414-04:00,2026-09-18,MADLANDS,40,open
2026-09-18T20:00:09.096414-04:00,2026-09-18,Ozzy Osbourne,65,open
2026-09-18T20:00:09.096414-04:00,2026-09-18,Sinners,100,open
2026-09-18T20:00:09.096414-04:00,2026-09-18,Stranger Things 5,40,open
2026-09-18T20:21:38.339762-04:00,2026-09-18,Cybergoria,105,open
2026-09-18T20:21:38.339762-04:00,2026-09-18,Evil Dead Burn,40,open
2026-09-18T20:21:38.339762-04:00,2026-09-18,H.R. Bloodengutz,55,open
2026-09-18T20:21:38.339762-04:00,2026-09-18,Hellraiser,45,open
2026-09-18T20:21:38.339762-04:00,2026-09-18,INVASION,10,open
2026-09-18T20:21:38.339762-04:00,2026-09-18,Jack & Oddfellow,45,open
2026-09-18T20:21:38.339762-04:00,2026-09-18,MADLANDS,40,open
2026-09-18T20:21:38.339762-04:00,2026-09-18,Ozzy Osbourne,95,open
2026-09-18T20:21:38.339762-04:00,2026-09-18,Sinners,120,open
2026-09-18T20:21:38.339762-04:00,2026-09-18,Stranger Things 5,40,open
2026-09-18T20:38:15.836682-04:00,2026-09-18,Cybergoria,70,open
2026-09-18T20:38:15.836682-04:00,2026-09-18,Evil Dead Burn,40,open
2026-09-18T20:38:15.836682-04:00,2026-09-18,H.R. Bloodengutz,55,open
2026-09-18T20:38:15.836682-04:00,2026-09-18,Hellraiser,60,open
2026-09-18T20:38:15.836682-04:00,2026-09-18,INVASION,50,open
2026-09-18T20:38:15.836682-04:00,2026-09-18,Jack & Oddfellow,45,open
2026-09-18T20:38:15.836682-04:00,2026-09-18,MADLANDS,45,open
2026-09-18T20:38:15.836682-04:00,2026-09-18,Ozzy Osbourne,85,open
2026-09-18T20:38:15.836682-04:00,2026-09-18,Sinners,85,open
2026-09-18T20:38:15.836682-04:00,2026-09-18,Stranger Things 5,40,open
2026-09-18T20:50:30.006398-04:00,2026-09-18,Cybergoria,60,open
2026-09-18T20:50:30.006398-04:00,2026-09-18,Evil Dead Burn,40,open
2026-09-18T20:50:30.006398-04:00,2026-09-18,H.R. Bloodengutz,55,open
2026-09-18T20:50:30.006398-04:00,2026-09-18,Hellraiser,60,open
2026-09-18T20:50:30.006398-04:00,2026-09-18,INVASION,55,open
2026-09-18T20:50:30.006398-04:00,2026-09-18,Jack & Oddfellow,45,open
2026-09-18T20:50:30.006398-04:00,2026-09-18,MADLANDS,45,open
2026-09-18T20:50:30.006398-04:00,2026-09-18,Ozzy Osbourne,70,open
2026-09-18T20:50:30.006398-04:00,2026-09-18,Sinners,85,open
2026-09-18T20:50:30.006398-04:00,2026-09-18,Stranger Things 5,40,open
2026-09-18T20:59:23.474102-04:00,2026-09-18,Cybergoria,70,open
2026-09-18T20:59:23.474102-04:00,2026-09-18,Evil Dead Burn,40,open
2026-09-18T20:59:23.474102-04:00,2026-09-18,H.R. Bloodengutz,55,open
2026-09-18T20:59:23.474102-04:00,2026-09-18,Hellraiser,60,open
2026-09-18T20:59:23.474102-04:00,2026-09-18,INVASION,55,open
2026-09-18T20:59:23.474102-04:00,2026-09-18,Jack & Oddfellow,55,open
2026-09-18T20:59:23.474102-04:00,2026-09-18,MADLANDS,45,open
2026-09-18T20:59:23.474102-04:00,2026-09-18,Ozzy Osbourne,70,open
2026-09-18T20:59:23.474102-04:00,2026-09-18,Sinners,70,open
2026-09-18T20:59:23.474102-04:00,2026-09-18,Stranger Things 5,40,open
2026-09-18T21:12:05.760362-04:00,2026-09-18,Cybergoria,70,open
2026-09-18T21:12:05.760362-04:00,2026-09-18,Evil Dead Burn,45,open
2026-09-18T21:12:05.760362-04:00,2026-09-18,H.R. Bloodengutz,55,open
2026-09-18T21:12:05.760362-04:00,2026-09-18,Hellraiser,60,open
2026-09-18T21:12:05.760362-04:00,2026-09-18,INVASION,45,open
2026-09-18T21:12:05.760362-04:00,2026-09-18,Jack & Oddfellow,55,open
2026-09-18T21:12:05.760362-04:00,2026-09-18,MADLANDS,45,open
2026-09-18T21:12:05.760362-04:00,2026-09-18,Ozzy Osbourne,80,open
2026-09-18T21:12:05.760362-04:00,2026-09-18,Sinners,70,open
2026-09-18T21:12:05.760362-04:00,2026-09-18,Stranger Things 5,40,open
2026-09-18T21:25:16.144499-04:00,2026-09-18,Cybergoria,70,open
2026-09-18T21:25:16.144499-04:00,2026-09-18,Evil Dead Burn,45,open
2026-09-18T21:25:16.144499-04:00,2026-09-18,H.R. Bloodengutz,55,open
2026-09-18T21:25:16.144499-04:00,2026-09-18,Hellraiser,60,open
2026-09-18T21:25:16.144499-04:00,2026-09-18,INVASION,45,open
2026-09-18T21:25:16.144499-04:00,2026-09-18,Jack & Oddfellow,50,open
2026-09-18T21:25:16.144499-04:00,2026-09-18,MADLANDS,45,open
2026-09-18T21:25:16.144499-04:00,2026-09-18,Ozzy Osbourne,80,open
2026-09-18T21:25:16.144499-04:00,2026-09-18,Sinners,105,open
2026-09-18T21:25:16.144499-04:00,2026-09-18,Stranger Things 5,35,open
2026-09-18T21:36:46.640702-04:00,2026-09-18,Cybergoria,70,open
2026-09-18T21:36:46.640702-04:00,2026-09-18,Evil Dead Burn,50,open
2026-09-18T21:36:46.640702-04:00,2026-09-18,H.R. Bloodengutz,55,open
2026-09-18T21:36:46.640702-04:00,2026-09-18,Hellraiser,60,open
2026-09-18T21:36:46.640702-04:00,2026-09-18,INVASION,40,open
2026-09-18T21:36:46.640702-04:00,2026-09-18,Jack & Oddfellow,45,open
2026-09-18T21:36:46.640702-04:00,2026-09-18,MADLANDS,45,open
2026-09-18T21:36:46.640702-04:00,2026-09-18,Ozzy Osbourne,60,open
2026-09-18T21:36:46.640702-04:00,2026-09-18,Sinners,105,open
2026-09-18T21:36:46.640702-04:00,2026-09-18,Stranger Things 5,45,open
2026-09-18T21:46:41.046524-04:00,2026-09-18,Cybergoria,55,open
2026-09-18T21:46:41.046524-04:00,2026-09-18,Evil Dead Burn,50,open
2026-09-18T21:46:41.046524-04:00,2026-09-18,H.R. Bloodengutz,60,open
2026-09-18T21:46:41.046524-04:00,2026-09-18,Hellraiser,60,open
2026-09-18T21:46:41.046524-04:00,2026-09-18,INVASION,50,open
2026-09-18T21:46:41.046524-04:00,2026-09-18,Jack & Oddfellow,45,open
2026-09-18T21:46:41.046524-04:00,2026-09-18,MADLANDS,45,open
2026-09-18T21:46:41.046524-04:00,2026-09-18,Ozzy Osbourne,60,open
2026-09-18T21:46:41.046524-04:00,2026-09-18,Sinners,105,open
2026-09-18T21:46:41.046524-04:00,2026-09-18,Stranger Things 5,55,open
2026-09-18T21:55:14.470957-04:00,2026-09-18,Cybergoria,65,open
2026-09-18T21:55:14.470957-04:00,2026-09-18,Evil Dead Burn,50,open
2026-09-18T21:55:14.470957-04:00,2026-09-18,H.R. Bloodengutz,60,open
2026-09-18T21:55:14.470957-04:00,2026-09-18,Hellraiser,60,open
2026-09-18T21:55:14.470957-04:00,2026-09-18,INVASION,50,open
2026-09-18T21:55:14.470957-04:00,2026-09-18,Jack & Oddfellow,45,open
2026-09-18T21:55:14.470957-04:00,2026-09-18,MADLANDS,45,open
2026-09-18T21:55:14.470957-04:00,2026-09-18,Ozzy Osbourne,60,open
2026-09-18T21:55:14.470957-04:00,2026-09-18,Sinners,105,open
2026-09-18T21:55:14.470957-04:00,2026-09-18,Stranger Things 5,55,open
2026-09-18T22:05:52.895672-04:00,2026-09-18,Cybergoria,75,open
2026-09-18T22:05:52.895672-04:00,2026-09-18,Evil Dead Burn,45,open
2026-09-18T22:05:52.895672-04:00,2026-09-18,H.R. Bloodengutz,80,open
2026-09-18T22:05:52.895672-04:00,2026-09-18,Hellraiser,60,open
2026-09-18T22:05:52.895672-04:00,2026-09-18,INVASION,50,open
2026-09-18T22:05:52.895672-04:00,2026-09-18,Jack & Oddfellow,45,open
2026-09-18T22:05:52.895672-04:00,2026-09-18,MADLANDS,40,open
2026-09-18T22:05:52.895672-04:00,2026-09-18,Ozzy Osbourne,80,open
2026-09-18T22:05:52.895672-04:00,2026-09-18,Sinners,105,open
2026-09-18T22:05:52.895672-04:00,2026-09-18,Stranger Things 5,45,open
2026-09-18T22:20:13.859516-04:00,2026-09-18,Cybergoria,90,open
2026-09-18T22:20:13.859516-04:00,2026-09-18,Evil Dead Burn,40,open
2026-09-18T22:20:13.859516-04:00,2026-09-18,H.R. Bloodengutz,80,open
2026-09-18T22:20:13.859516-04:00,2026-09-18,Hellraiser,50,open
2026-09-18T22:20:13.859516-04:00,2026-09-18,INVASION,50,open
2026-09-18T22:20:13.859516-04:00,2026-09-18,Jack & Oddfellow,45,open
2026-09-18T22:20:13.859516-04:00,2026-09-18,MADLANDS,55,open
2026-09-18T22:20:13.859516-04:00,2026-09-18,Ozzy Osbourne,80,open
2026-09-18T22:20:13.859516-04:00,2026-09-18,Sinners,85,open
2026-09-18T22:20:13.859516-04:00,2026-09-18,Stranger Things 5,45,open
2026-09-18T22:32:14.774677-04:00,2026-09-18,Cybergoria,90,open
2026-09-18T22:32:14.774677-04:00,2026-09-18,Evil Dead Burn,45,open
2026-09-18T22:32:14.774677-04:00,2026-09-18,H.R. Bloodengutz,80,open
2026-09-18T22:32:14.774677-04:00,2026-09-18,Hellraiser,50,open
2026-09-18T22:32:14.774677-04:00,2026-09-18,INVASION,50,open
2026-09-18T22:32:14.774677-04:00,2026-09-18,Jack & Oddfellow,55,open
2026-09-18T22:32:14.774677-04:00,2026-09-18,MADLANDS,50,open
2026-09-18T22:32:14.774677-04:00,2026-09-18,Ozzy Osbourne,100,open
2026-09-18T22:32:14.774677-04:00,2026-09-18,Sinners,85,open
2026-09-18T22:32:14.774677-04:00,2026-09-18,Stranger Things 5,40,open
2026-09-18T22:43:20.538114-04:00,2026-09-18,Cybergoria,90,open
2026-09-18T22:43:20.538114-04:00,2026-09-18,Evil Dead Burn,55,open
2026-09-18T22:43:20.538114-04:00,2026-09-18,H.R. Bloodengutz,95,open
2026-09-18T22:43:20.538114-04:00,2026-09-18,Hellraiser,65,open
2026-09-18T22:43:20.538114-04:00,2026-09-18,INVASION,50,open
2026-09-18T22:43:20.538114-04:00,2026-09-18,Jack & Oddfellow,55,open
2026-09-18T22:43:20.538114-04:00,2026-09-18,MADLANDS,45,open
2026-09-18T22:43:20.538114-04:00,2026-09-18,Ozzy Osbourne,90,open
2026-09-18T22:43:20.538114-04:00,2026-09-18,Sinners,85,open
2026-09-18T22:43:20.538114-04:00,2026-09-18,Stranger Things 5,40,open
2026-09-18T22:52:09.577005-04:00,2026-09-18,Cybergoria,90,open
2026-09-18T22:52:09.577005-04:00,2026-09-18,Evil Dead Burn,55,open
2026-09-18T22:52:09.577005-04:00,2026-09-18,H.R. Bloodengutz,95,open
2026-09-18T22:52:09.577005-04:00,2026-09-18,Hellraiser,50,open
2026-09-18T22:52:09.577005-04:00,2026-09-18,INVASION,50,open
2026-09-18T22:52:09.577005-04:00,2026-09-18,Jack & Oddfellow,55,open
2026-09-18T22:52:09.577005-04:00,2026-09-18,MADLANDS,45,open
2026-09-18T22:52:09.577005-04:00,2026-09-18,Ozzy Osbourne,90,open
2026-09-18T22:52:09.577005-04:00,2026-09-18,Sinners,85,open
2026-09-18T22:52:09.577005-04:00,2026-09-18,Stranger Things 5,40,open
2026-09-18T22:59:55.659282-04:00,2026-09-18,Cybergoria,55,open
2026-09-18T22:59:55.659282-04:00,2026-09-18,Evil Dead Burn,55,open
2026-09-18T22:59:55.659282-04:00,2026-09-18,H.R. Bloodengutz,75,open
2026-09-18T22:59:55.659282-04:00,2026-09-18,Hellraiser,50,open
2026-09-18T22:59:55.659282-04:00,2026-09-18,INVASION,50,open
2026-09-18T22:59:55.659282-04:00,2026-09-18,Jack & Oddfellow,55,open
2026-09-18T22:59:55.659282-04:00,2026-09-18,MADLANDS,45,open
2026-09-18T22:59:55.659282-04:00,2026-09-18,Ozzy Osbourne,75,open
2026-09-18T22:59:55.659282-04:00,2026-09-18,Sinners,85,open
2026-09-18T22:59:55.659282-04:00,2026-09-18,Stranger Things 5,40,open
2026-09-18T23:15:03.168810-04:00,2026-09-18,Cybergoria,55,open
2026-09-18T23:15:03.168810-04:00,2026-09-18,Evil Dead Burn,55,open
2026-09-18T23:15:03.168810-04:00,2026-09-18,H.R. Bloodengutz,50,open
2026-09-18T23:15:03.168810-04:00,2026-09-18,Hellraiser,50,open
2026-09-18T23:15:03.168810-04:00,2026-09-18,INVASION,50,open
2026-09-18T23:15:03.168810-04:00,2026-09-18,Jack & Oddfellow,45,open
2026-09-18T23:15:03.168810-04:00,2026-09-18,MADLANDS,40,open
2026-09-18T23:15:03.168810-04:00,2026-09-18,Ozzy Osbourne,55,open
2026-09-18T23:15:03.168810-04:00,2026-09-18,Sinners,85,open
2026-09-18T23:15:03.168810-04:00,2026-09-18,Stranger Things 5,40,open
2026-09-18T23:27:54.235418-04:00,2026-09-18,Cybergoria,55,open
2026-09-18T23:27:54.235418-04:00,2026-09-18,Evil Dead Burn,45,open
2026-09-18T23:27:54.235418-04:00,2026-09-18,H.R. Bloodengutz,45,open
2026-09-18T23:27:54.235418-04:00,2026-09-18,Hellraiser,60,open
2026-09-18T23:27:54.235418-04:00,2026-09-18,INVASION,45,open
2026-09-18T23:27:54.235418-04:00,2026-09-18,Jack & Oddfellow,45,open
2026-09-18T23:27:54.235418-04:00,2026-09-18,MADLANDS,40,open
2026-09-18T23:27:54.235418-04:00,2026-09-18,Ozzy Osbourne,60,open
2026-09-18T23:27:54.235418-04:00,2026-09-18,Sinners,75,open
2026-09-18T23:27:54.235418-04:00,2026-09-18,Stranger Things 5,60,open
2026-09-18T23:39:56.206018-04:00,2026-09-18,Cybergoria,55,open
2026-09-18T23:39:56.206018-04:00,2026-09-18,Evil Dead Burn,45,open
2026-09-18T23:39:56.206018-04:00,2026-09-18,H.R. Bloodengutz,55,open
2026-09-18T23:39:56.206018-04:00,2026-09-18,Hellraiser,60,open
2026-09-18T23:39:56.206018-04:00,2026-09-18,INVASION,30,open
2026-09-18T23:39:56.206018-04:00,2026-09-18,Jack & Oddfellow,45,open
2026-09-18T23:39:56.206018-04:00,2026-09-18,MADLANDS,35,open
2026-09-18T23:39:56.206018-04:00,2026-09-18,Ozzy Osbourne,45,open
2026-09-18T23:39:56.206018-04:00,2026-09-18,Sinners,75,open
2026-09-18T23:39:56.206018-04:00,2026-09-18,Stranger Things 5,60,open
2026-09-18T23:49:23.117454-04:00,2026-09-18,Cybergoria,45,open
2026-09-18T23:49:23.117454-04:00,2026-09-18,Evil Dead Burn,35,open
2026-09-18T23:49:23.117454-04:00,2026-09-18,H.R. Bloodengutz,55,open
2026-09-18T23:49:23.117454-04:00,2026-09-18,Hellraiser,60,open
2026-09-18T23:49:23.117454-04:00,2026-09-18,INVASION,35,open
2026-09-18T23:49:23.117454-04:00,2026-09-18,Jack & Oddfellow,45,open
2026-09-18T23:49:23.117454-04:00,2026-09-18,MADLANDS,35,open
2026-09-18T23:49:23.117454-04:00,2026-09-18,Ozzy Osbourne,45,open
2026-09-18T23:49:23.117454-04:00,2026-09-18,Sinners,75,open
2026-09-18T23:49:23.117454-04:00,2026-09-18,Stranger Things 5,60,open
2026-09-18T23:57:12.609053-04:00,2026-09-18,Cybergoria,55,open
2026-09-18T23:57:12.609053-04:00,2026-09-18,Evil Dead Burn,35,open
2026-09-18T23:57:12.609053-04:00,2026-09-18,H.R. Bloodengutz,55,open
2026-09-18T23:57:12.609053-04:00,2026-09-18,Hellraiser,60,open
2026-09-18T23:57:12.609053-04:00,2026-09-18,INVASION,45,open
2026-09-18T23:57:12.609053-04:00,2026-09-18,Jack & Oddfellow,55,open
2026-09-18T23:57:12.609053-04:00,2026-09-18,MADLANDS,40,open
2026-09-18T23:57:12.609053-04:00,2026-09-18,Ozzy Osbourne,70,open
2026-09-18T23:57:12.609053-04:00,2026-09-18,Sinners,65,open
2026-09-18T23:57:12.609053-04:00,2026-09-18,Stranger Things 5,45,open
2026-09-19T00:10:18.417059-04:00,2026-09-18,Cybergoria,55,open
2026-09-19T00:10:18.417059-04:00,2026-09-18,Evil Dead Burn,35,open
2026-09-19T00:10:18.417059-04:00,2026-09-18,H.R. Bloodengutz,55,open
2026-09-19T00:10:18.417059-04:00,2026-09-18,Hellraiser,60,open
2026-09-19T00:10:18.417059-04:00,2026-09-18,INVASION,45,open
2026-09-19T00:10:18.417059-04:00,2026-09-18,Jack & Oddfellow,55,open
2026-09-19T00:10:18.417059-04:00,2026-09-18,MADLANDS,40,open
2026-09-19T00:10:18.417059-04:00,2026-09-18,Ozzy Osbourne,75,open
2026-09-19T00:10:18.417059-04:00,2026-09-18,Sinners,50,open
2026-09-19T00:10:18.417059-04:00,2026-09-18,Stranger Things 5,45,open
2026-09-19T00:23:49.448216-04:00,2026-09-18,Cybergoria,75,open
2026-09-19T00:23:49.448216-04:00,2026-09-18,Evil Dead Burn,45,open
2026-09-19T00:23:49.448216-04:00,2026-09-18,H.R. Bloodengutz,55,open
2026-09-19T00:23:49.448216-04:00,2026-09-18,Hellraiser,45,open
2026-09-19T00:23:49.448216-04:00,2026-09-18,INVASION,30,open
2026-09-19T00:23:49.448216-04:00,2026-09-18,Jack & Oddfellow,55,open
2026-09-19T00:23:49.448216-04:00,2026-09-18,MADLANDS,40,open
2026-09-19T00:23:49.448216-04:00,2026-09-18,Ozzy Osbourne,90,open
2026-09-19T00:23:49.448216-04:00,2026-09-18,Sinners,50,open
2026-09-19T00:23:49.448216-04:00,2026-09-18,Stranger Things 5,40,open
2026-09-19T00:35:06.657643-04:00,2026-09-18,Cybergoria,75,open
2026-09-19T00:35:06.657643-04:00,2026-09-18,Evil Dead Burn,45,open
2026-09-19T00:35:06.657643-04:00,2026-09-18,H.R. Bloodengutz,55,open
2026-09-19T00:35:06.657643-04:00,2026-09-18,Hellraiser,35,open
2026-09-19T00:35:06.657643-04:00,2026-09-18,INVASION,30,open
2026-09-19T00:35:06.657643-04:00,2026-09-18,Jack & Oddfellow,40,open
2026-09-19T00:35:06.657643-04:00,2026-09-18,MADLANDS,40,open
2026-09-19T00:35:06.657643-04:00,2026-09-18,Ozzy Osbourne,90,open
2026-09-19T00:35:06.657643-04:00,2026-09-18,Sinners,50,open
2026-09-19T00:35:06.657643-04:00,2026-09-18,Stranger Things 5,40,open
2026-09-19T00:45:25.914698-04:00,2026-09-18,Cybergoria,0,closed
2026-09-19T00:45:25.914698-04:00,2026-09-18,Evil Dead Burn,45,open
2026-09-19T00:45:25.914698-04:00,2026-09-18,H.R. Bloodengutz,55,open
2026-09-19T00:45:25.914698-04:00,2026-09-18,Hellraiser,35,open
2026-09-19T00:45:25.914698-04:00,2026-09-18,INVASION,30,open
2026-09-19T00:45:25.914698-04:00,2026-09-18,Jack & Oddfellow,40,open
2026-09-19T00:45:25.914698-04:00,2026-09-18,MADLANDS,40,open
2026-09-19T00:45:25.914698-04:00,2026-09-18,Ozzy Osbourne,75,open
2026-09-19T00:45:25.914698-04:00,2026-09-18,Sinners,50,open
2026-09-19T00:45:25.914698-04:00,2026-09-18,Stranger Things 5,30,open
2026-09-19T00:53:44.564772-04:00,2026-09-18,Cybergoria,0,closed
2026-09-19T00:53:44.564772-04:00,2026-09-18,Evil Dead Burn,45,open
2026-09-19T00:53:44.564772-04:00,2026-09-18,H.R. Bloodengutz,10,open
2026-09-19T00:53:44.564772-04:00,2026-09-18,Hellraiser,35,open
2026-09-19T00:53:44.564772-04:00,2026-09-18,INVASION,30,open
2026-09-19T00:53:44.564772-04:00,2026-09-18,Jack & Oddfellow,40,open
2026-09-19T00:53:44.564772-04:00,2026-09-18,MADLANDS,30,open
2026-09-19T00:53:44.564772-04:00,2026-09-18,Ozzy Osbourne,75,open
2026-09-19T00:53:44.564772-04:00,2026-09-18,Sinners,50,open
2026-09-19T00:53:44.564772-04:00,2026-09-18,Stranger Things 5,25,open
2026-09-19T01:02:44.220106-04:00,2026-09-18,Cybergoria,40,open
2026-09-19T01:02:44.220106-04:00,2026-09-18,Evil Dead Burn,35,open
2026-09-19T01:02:44.220106-04:00,2026-09-18,H.R. Bloodengutz,20,open
2026-09-19T01:02:44.220106-04:00,2026-09-18,Hellraiser,35,open
2026-09-19T01:02:44.220106-04:00,2026-09-18,INVASION,20,open
2026-09-19T01:02:44.220106-04:00,2026-09-18,Jack & Oddfellow,40,open
2026-09-19T01:02:44.220106-04:00,2026-09-18,MADLANDS,30,open
2026-09-19T01:02:44.220106-04:00,2026-09-18,Ozzy Osbourne,50,open
2026-09-19T01:02:44.220106-04:00,2026-09-18,Sinners,50,open
2026-09-19T01:02:44.220106-04:00,2026-09-18,Stranger Things 5,25,open
2026-09-19T01:16:58.200274-04:00,2026-09-18,Cybergoria,35,open
2026-09-19T01:16:58.200274-04:00,2026-09-18,Evil Dead Burn,35,open
2026-09-19T01:16:58.200274-04:00,2026-09-18,H.R. Bloodengutz,50,open
2026-09-19T01:16:58.200274-04:00,2026-09-18,Hellraiser,35,open
2026-09-19T01:16:58.200274-04:00,2026-09-18,INVASION,20,open
2026-09-19T01:16:58.200274-04:00,2026-09-18,Jack & Oddfellow,40,open
2026-09-19T01:16:58.200274-04:00,2026-09-18,MADLANDS,30,open
2026-09-19T01:16:58.200274-04:00,2026-09-18,Ozzy Osbourne,35,open
2026-09-19T01:16:58.200274-04:00,2026-09-18,Sinners,50,open
2026-09-19T01:16:58.200274-04:00,2026-09-18,Stranger Things 5,25,open
2026-09-19T01:28:13.722151-04:00,2026-09-18,Cybergoria,40,open
2026-09-19T01:28:13.722151-04:00,2026-09-18,Evil Dead Burn,35,open
2026-09-19T01:28:13.722151-04:00,2026-09-18,H.R. Bloodengutz,20,open
2026-09-19T01:28:13.722151-04:00,2026-09-18,Hellraiser,35,open
2026-09-19T01:28:13.722151-04:00,2026-09-18,INVASION,10,open
2026-09-19T01:28:13.722151-04:00,2026-09-18,Jack & Oddfellow,40,open
2026-09-19T01:28:13.722151-04:00,2026-09-18,MADLANDS,30,open
2026-09-19T01:28:13.722151-04:00,2026-09-18,Ozzy Osbourne,40,open
2026-09-19T01:28:13.722151-04:00,2026-09-18,Sinners,50,open
2026-09-19T01:28:13.722151-04:00,2026-09-18,Stranger Things 5,25,open
2026-09-19T01:39:01.860170-04:00,2026-09-18,Cybergoria,40,open
2026-09-19T01:39:01.860170-04:00,2026-09-18,Evil Dead Burn,15,open
2026-09-19T01:39:01.860170-04:00,2026-09-18,H.R. Bloodengutz,20,open
2026-09-19T01:39:01.860170-04:00,2026-09-18,Hellraiser,20,open
2026-09-19T01:39:01.860170-04:00,2026-09-18,INVASION,10,open
2026-09-19T01:39:01.860170-04:00,2026-09-18,Jack & Oddfellow,25,open
2026-09-19T01:39:01.860170-04:00,2026-09-18,MADLANDS,30,open
2026-09-19T01:39:01.860170-04:00,2026-09-18,Ozzy Osbourne,45,open
2026-09-19T01:39:01.860170-04:00,2026-09-18,Sinners,50,open
2026-09-19T01:39:01.860170-04:00,2026-09-18,Stranger Things 5,30,open
2026-09-19T01:47:46.364512-04:00,2026-09-18,Cybergoria,40,open
2026-09-19T01:47:46.364512-04:00,2026-09-18,Evil Dead Burn,15,open
2026-09-19T01:47:46.364512-04:00,2026-09-18,H.R. Bloodengutz,20,open
2026-09-19T01:47:46.364512-04:00,2026-09-18,Hellraiser,5,open
2026-09-19T01:47:46.364512-04:00,2026-09-18,INVASION,10,open
2026-09-19T01:47:46.364512-04:00,2026-09-18,Jack & Oddfellow,25,open
2026-09-19T01:47:46.364512-04:00,2026-09-18,MADLANDS,15,open
2026-09-19T01:47:46.364512-04:00,2026-09-18,Ozzy Osbourne,45,open
2026-09-19T01:47:46.364512-04:00,2026-09-18,Sinners,25,open
2026-09-19T01:47:46.364512-04:00,2026-09-18,Stranger Things 5,15,open
2026-09-19T01:55:32.930025-04:00,2026-09-18,Cybergoria,20,open
2026-09-19T01:55:32.930025-04:00,2026-09-18,Evil Dead Burn,15,open
2026-09-19T01:55:32.930025-04:00,2026-09-18,H.R. Bloodengutz,20,open
2026-09-19T01:55:32.930025-04:00,2026-09-18,Hellraiser,5,open
2026-09-19T01:55:32.930025-04:00,2026-09-18,INVASION,10,open
2026-09-19T01:55:32.930025-04:00,2026-09-18,Jack & Oddfellow,25,open
2026-09-19T01:55:32.930025-04:00,2026-09-18,MADLANDS,15,open
2026-09-19T01:55:32.930025-04:00,2026-09-18,Ozzy Osbourne,45,open
2026-09-19T01:55:32.930025-04:00,2026-09-18,Sinners,25,open
2026-09-19T01:55:32.930025-04:00,2026-09-18,Stranger Things 5,15,open
2026-09-19T02:08:17.528772-04:00,2026-09-18,Cybergoria,0,closed
2026-09-19T02:08:17.528772-04:00,2026-09-18,Evil Dead Burn,0,closed
2026-09-19T02:08:17.528772-04:00,2026-09-18,H.R. Bloodengutz,0,closed
2026-09-19T02:08:17.528772-04:00,2026-09-18,Hellraiser,0,closed
2026-09-19T02:08:17.528772-04:00,2026-09-18,INVASION,0,closed
2026-09-19T02:08:17.528772-04:00,2026-09-18,Jack & Oddfellow,0,closed
2026-09-19T02:08:17.528772-04:00,2026-09-18,MADLANDS,0,closed
2026-09-19T02:08:17.528772-04:00,2026-09-18,Ozzy Osbourne,0,closed
2026-09-19T02:08:17.528772-04:00,2026-09-18,Sinners,0,closed
2026-09-19T02:08:17.528772-04:00,2026-09-18,Stranger Things 5,0,closed
2026-09-19T02:26:02.666531-04:00,2026-09-18,Cybergoria,0,closed
2026-09-19T02:26:02.666531-04:00,2026-09-18,Evil Dead Burn,0,closed
2026-09-19T02:26:02.666531-04:00,2026-09-18,H.R. Bloodengutz,0,closed
2026-09-19T02:26:02.666531-04:00,2026-09-18,Hellraiser,0,closed
2026-09-19T02:26:02.666531-04:00,2026-09-18,INVASION,0,closed
2026-09-19T02:26:02.666531-04:00,2026-09-18,Jack & Oddfellow,0,closed
2026-09-19T02:26:02.666531-04:00,2026-09-18,MADLANDS,0,closed
2026-09-19T02:26:02.666531-04:00,2026-09-18,Ozzy Osbourne,0,closed
2026-09-19T02:26:02.666531-04:00,2026-09-18,Sinners,0,closed
2026-09-19T02:26:02.666531-04:00,2026-09-18,Stranger Things 5,0,closed
2026-09-19T02:40:30.836812-04:00,2026-09-18,Cybergoria,0,closed
2026-09-19T02:40:30.836812-04:00,2026-09-18,Evil Dead Burn,0,closed
2026-09-19T02:40:30.836812-04:00,2026-09-18,H.R. Bloodengutz,0,closed
2026-09-19T02:40:30.836812-04:00,2026-09-18,Hellraiser,0,closed
2026-09-19T02:40:30.836812-04:00,2026-09-18,INVASION,0,closed
2026-09-19T02:40:30.836812-04:00,2026-09-18,Jack & Oddfellow,0,closed
2026-09-19T02:40:30.836812-04:00,2026-09-18,MADLANDS,0,closed
2026-09-19T02:40:30.836812-04:00,2026-09-18,Ozzy Osbourne,0,closed
2026-09-19T02:40:30.836812-04:00,2026-09-18,Sinners,0,closed
2026-09-19T02:40:30.836812-04:00,2026-09-18,Stranger Things 5,0,closed
2026-09-19T02:52:17.149673-04:00,2026-09-18,Cybergoria,0,closed
2026-09-19T02:52:17.149673-04:00,2026-09-18,Evil Dead Burn,0,closed
2026-09-19T02:52:17.149673-04:00,2026-09-18,H.R. Bloodengutz,0,closed
2026-09-19T02:52:17.149673-04:00,2026-09-18,Hellraiser,0,closed
2026-09-19T02:52:17.149673-04:00,2026-09-18,INVASION,0,closed
2026-09-19T02:52:17.149673-04:00,2026-09-18,Jack & Oddfellow,0,closed
2026-09-19T02:52:17.149673-04:00,2026-09-18,MADLANDS,0,closed
2026-09-19T02:52:17.149673-04:00,2026-09-18,Ozzy Osbourne,0,closed
2026-09-19T02:52:17.149673-04:00,2026-09-18,Sinners,0,closed
2026-09-19T02:52:17.149673-04:00,2026-09-18,Stranger Things 5,0,closed
2026-09-19T14:02:03.806058-04:00,2026-09-19,Cybergoria,0,closed
2026-09-19T14:02:03.806058-04:00,2026-09-19,Evil Dead Burn,0,closed
2026-09-19T14:02:03.806058-04:00,2026-09-19,H.R. Bloodengutz,0,closed
2026-09-19T14:02:03.806058-04:00,2026-09-19,Hellraiser,0,closed
2026-09-19T14:02:03.806058-04:00,2026-09-19,INVASION,0,closed
2026-09-19T14:02:03.806058-04:00,2026-09-19,Jack & Oddfellow,20,open
2026-09-19T14:02:03.806058-04:00,2026-09-19,MADLANDS,0,closed
2026-09-19T14:02:03.806058-04:00,2026-09-19,Ozzy Osbourne,0,closed
2026-09-19T14:02:03.806058-04:00,2026-09-19,Sinners,0,closed
2026-09-19T14:02:03.806058-04:00,2026-09-19,Stranger Things 5,0,closed
2026-09-19T14:19:39.612452-04:00,2026-09-19,Cybergoria,0,closed
2026-09-19T14:19:39.612452-04:00,2026-09-19,Evil Dead Burn,0,closed
2026-09-19T14:19:39.612452-04:00,2026-09-19,H.R. Bloodengutz,0,closed
2026-09-19T14:19:39.612452-04:00,2026-09-19,Hellraiser,10,open
2026-09-19T14:19:39.612452-04:00,2026-09-19,INVASION,0,closed
2026-09-19T14:19:39.612452-04:00,2026-09-19,Jack & Oddfellow,20,open
2026-09-19T14:19:39.612452-04:00,2026-09-19,MADLANDS,0,closed
2026-09-19T14:19:39.612452-04:00,2026-09-19,Ozzy Osbourne,0,closed
2026-09-19T14:19:39.612452-04:00,2026-09-19,Sinners,0,closed
2026-09-19T14:19:39.612452-04:00,2026-09-19,Stranger Things 5,30,open
2026-09-19T14:33:09.665326-04:00,2026-09-19,Cybergoria,0,closed
2026-09-19T14:33:09.665326-04:00,2026-09-19,Evil Dead Burn,0,closed
2026-09-19T14:33:09.665326-04:00,2026-09-19,H.R. Bloodengutz,0,closed
2026-09-19T14:33:09.665326-04:00,2026-09-19,Hellraiser,10,open
2026-09-19T14:33:09.665326-04:00,2026-09-19,INVASION,0,closed
2026-09-19T14:33:09.665326-04:00,2026-09-19,Jack & Oddfellow,45,open
2026-09-19T14:33:09.665326-04:00,2026-09-19,MADLANDS,0,closed
2026-09-19T14:33:09.665326-04:00,2026-09-19,Ozzy Osbourne,0,closed
2026-09-19T14:33:09.665326-04:00,2026-09-19,Sinners,0,closed
2026-09-19T14:33:09.665326-04:00,2026-09-19,Stranger Things 5,40,open
2026-09-19T14:44:53.405497-04:00,2026-09-19,Cybergoria,0,closed
2026-09-19T14:44:53.405497-04:00,2026-09-19,Evil Dead Burn,0,closed
2026-09-19T14:44:53.405497-04:00,2026-09-19,H.R. Bloodengutz,0,closed
2026-09-19T14:44:53.405497-04:00,2026-09-19,Hellraiser,10,open
2026-09-19T14:44:53.405497-04:00,2026-09-19,INVASION,0,closed
2026-09-19T14:44:53.405497-04:00,2026-09-19,Jack & Oddfellow,45,open
2026-09-19T14:44:53.405497-04:00,2026-09-19,MADLANDS,0,closed
2026-09-19T14:44:53.405497-04:00,2026-09-19,Ozzy Osbourne,0,closed
2026-09-19T14:44:53.405497-04:00,2026-09-19,Sinners,0,closed
2026-09-19T14:44:53.405497-04:00,2026-09-19,Stranger Things 5,60,open
2026-09-19T14:53:17.854104-04:00,2026-09-19,Cybergoria,0,closed
2026-09-19T14:53:17.854104-04:00,2026-09-19,Evil Dead Burn,0,closed
2026-09-19T14:53:17.854104-04:00,2026-09-19,H.R. Bloodengutz,0,closed
2026-09-19T14:53:17.854104-04:00,2026-09-19,Hellraiser,10,open
2026-09-19T14:53:17.854104-04:00,2026-09-19,INVASION,0,closed
2026-09-19T14:53:17.854104-04:00,2026-09-19,Jack & Oddfellow,35,open
2026-09-19T14:53:17.854104-04:00,2026-09-19,MADLANDS,0,closed
2026-09-19T14:53:17.854104-04:00,2026-09-19,Ozzy Osbourne,0,closed
2026-09-19T14:53:17.854104-04:00,2026-09-19,Sinners,0,closed
2026-09-19T14:53:17.854104-04:00,2026-09-19,Stranger Things 5,50,open
2026-09-19T15:01:48.503191-04:00,2026-09-19,Cybergoria,0,closed
2026-09-19T15:01:48.503191-04:00,2026-09-19,Evil Dead Burn,0,closed
2026-09-19T15:01:48.503191-04:00,2026-09-19,H.R. Bloodengutz,0,closed
2026-09-19T15:01:48.503191-04:00,2026-09-19,Hellraiser,10,open
2026-09-19T15:01:48.503191-04:00,2026-09-19,INVASION,0,closed
2026-09-19T15:01:48.503191-04:00,2026-09-19,Jack & Oddfellow,35,open
2026-09-19T15:01:48.503191-04:00,2026-09-19,MADLANDS,0,closed
2026-09-19T15:01:48.503191-04:00,2026-09-19,Ozzy Osbourne,0,closed
2026-09-19T15:01:48.503191-04:00,2026-09-19,Sinners,0,closed
2026-09-19T15:01:48.503191-04:00,2026-09-19,Stranger Things 5,40,open
2026-09-19T15:14:24.289682-04:00,2026-09-19,Cybergoria,0,closed
2026-09-19T15:14:24.289682-04:00,2026-09-19,Evil Dead Burn,0,closed
2026-09-19T15:14:24.289682-04:00,2026-09-19,H.R. Bloodengutz,0,closed
2026-09-19T15:14:24.289682-04:00,2026-09-19,Hellraiser,25,open
2026-09-19T15:14:24.289682-04:00,2026-09-19,INVASION,0,closed
2026-09-19T15:14:24.289682-04:00,2026-09-19,Jack & Oddfellow,35,open
2026-09-19T15:14:24.289682-04:00,2026-09-19,MADLANDS,0,closed
2026-09-19T15:14:24.289682-04:00,2026-09-19,Ozzy Osbourne,0,closed
2026-09-19T15:14:24.289682-04:00,2026-09-19,Sinners,0,closed
2026-09-19T15:14:24.289682-04:00,2026-09-19,Stranger Things 5,30,open
2026-09-19T15:24:13.428671-04:00,2026-09-19,Cybergoria,0,closed
2026-09-19T15:24:13.428671-04:00,2026-09-19,Evil Dead Burn,0,closed
2026-09-19T15:24:13.428671-04:00,2026-09-19,H.R. Bloodengutz,0,closed
2026-09-19T15:24:13.428671-04:00,2026-09-19,Hellraiser,25,open
2026-09-19T15:24:13.428671-04:00,2026-09-19,INVASION,0,closed
2026-09-19T15:24:13.428671-04:00,2026-09-19,Jack & Oddfellow,35,open
2026-09-19T15:24:13.428671-04:00,2026-09-19,MADLANDS,0,closed
2026-09-19T15:24:13.428671-04:00,2026-09-19,Ozzy Osbourne,0,closed
2026-09-19T15:24:13.428671-04:00,2026-09-19,Sinners,0,closed
2026-09-19T15:24:13.428671-04:00,2026-09-19,Stranger Things 5,20,open
2026-09-19T15:32:35.408169-04:00,2026-09-19,Cybergoria,0,closed
2026-09-19T15:32:35.408169-04:00,2026-09-19,Evil Dead Burn,0,closed
2026-09-19T15:32:35.408169-04:00,2026-09-19,H.R. Bloodengutz,0,closed
2026-09-19T15:32:35.408169-04:00,2026-09-19,Hellraiser,25,open
2026-09-19T15:32:35.408169-04:00,2026-09-19,INVASION,0,closed
2026-09-19T15:32:35.408169-04:00,2026-09-19,Jack & Oddfellow,35,open
2026-09-19T15:32:35.408169-04:00,2026-09-19,MADLANDS,0,closed
2026-09-19T15:32:35.408169-04:00,2026-09-19,Ozzy Osbourne,0,closed
2026-09-19T15:32:35.408169-04:00,2026-09-19,Sinners,0,closed
2026-09-19T15:32:35.408169-04:00,2026-09-19,Stranger Things 5,15,open
2026-09-19T15:41:21.521016-04:00,2026-09-19,Cybergoria,0,closed
2026-09-19T15:41:21.521016-04:00,2026-09-19,Evil Dead Burn,0,closed
2026-09-19T15:41:21.521016-04:00,2026-09-19,H.R. Bloodengutz,0,closed
2026-09-19T15:41:21.521016-04:00,2026-09-19,Hellraiser,25,open
2026-09-19T15:41:21.521016-04:00,2026-09-19,INVASION,0,closed
2026-09-19T15:41:21.521016-04:00,2026-09-19,Jack & Oddfellow,40,open
2026-09-19T15:41:21.521016-04:00,2026-09-19,MADLANDS,0,closed
2026-09-19T15:41:21.521016-04:00,2026-09-19,Ozzy Osbourne,0,closed
2026-09-19T15:41:21.521016-04:00,2026-09-19,Sinners,0,closed
2026-09-19T15:41:21.521016-04:00,2026-09-19,Stranger Things 5,25,open
2026-09-19T15:49:22.732426-04:00,2026-09-19,Cybergoria,0,closed
2026-09-19T15:49:22.732426-04:00,2026-09-19,Evil Dead Burn,0,closed
2026-09-19T15:49:22.732426-04:00,2026-09-19,H.R. Bloodengutz,0,closed
2026-09-19T15:49:22.732426-04:00,2026-09-19,Hellraiser,25,open
2026-09-19T15:49:22.732426-04:00,2026-09-19,INVASION,0,closed
2026-09-19T15:49:22.732426-04:00,2026-09-19,Jack & Oddfellow,40,open
2026-09-19T15:49:22.732426-04:00,2026-09-19,MADLANDS,0,closed
2026-09-19T15:49:22.732426-04:00,2026-09-19,Ozzy Osbourne,0,closed
2026-09-19T15:49:22.732426-04:00,2026-09-19,Sinners,0,closed
2026-09-19T15:49:22.732426-04:00,2026-09-19,Stranger Things 5,25,open
2026-09-19T15:57:15.687592-04:00,2026-09-19,Cybergoria,0,closed
2026-09-19T15:57:15.687592-04:00,2026-09-19,Evil Dead Burn,0,closed
2026-09-19T15:57:15.687592-04:00,2026-09-19,H.R. Bloodengutz,0,closed
2026-09-19T15:57:15.687592-04:00,2026-09-19,Hellraiser,25,open
2026-09-19T15:57:15.687592-04:00,2026-09-19,INVASION,0,closed
2026-09-19T15:57:15.687592-04:00,2026-09-19,Jack & Oddfellow,40,open
2026-09-19T15:57:15.687592-04:00,2026-09-19,MADLANDS,0,closed
2026-09-19T15:57:15.687592-04:00,2026-09-19,Ozzy Osbourne,0,closed
2026-09-19T15:57:15.687592-04:00,2026-09-19,Sinners,0,closed
2026-09-19T15:57:15.687592-04:00,2026-09-19,Stranger Things 5,25,open
2026-09-19T16:09:37.478350-04:00,2026-09-19,Cybergoria,0,closed
2026-09-19T16:09:37.478350-04:00,2026-09-19,Evil Dead Burn,0,closed
2026-09-19T16:09:37.478350-04:00,2026-09-19,H.R. Bloodengutz,0,closed
2026-09-19T16:09:37.478350-04:00,2026-09-19,Hellraiser,25,open
2026-09-19T16:09:37.478350-04:00,2026-09-19,INVASION,0,closed
2026-09-19T16:09:37.478350-04:00,2026-09-19,Jack & Oddfellow,30,open
2026-09-19T16:09:37.478350-04:00,2026-09-19,MADLANDS,0,closed
2026-09-19T16:09:37.478350-04:00,2026-09-19,Ozzy Osbourne,0,closed
2026-09-19T16:09:37.478350-04:00,2026-09-19,Sinners,0,closed
2026-09-19T16:09:37.478350-04:00,2026-09-19,Stranger Things 5,25,open
2026-09-19T16:22:17.787974-04:00,2026-09-19,Cybergoria,0,closed
2026-09-19T16:22:17.787974-04:00,2026-09-19,Evil Dead Burn,0,closed
2026-09-19T16:22:17.787974-04:00,2026-09-19,H.R. Bloodengutz,0,closed
2026-09-19T16:22:17.787974-04:00,2026-09-19,Hellraiser,25,open
2026-09-19T16:22:17.787974-04:00,2026-09-19,INVASION,0,closed
2026-09-19T16:22:17.787974-04:00,2026-09-19,Jack & Oddfellow,25,open
2026-09-19T16:22:17.787974-04:00,2026-09-19,MADLANDS,0,closed
2026-09-19T16:22:17.787974-04:00,2026-09-19,Ozzy Osbourne,0,closed
2026-09-19T16:22:17.787974-04:00,2026-09-19,Sinners,0,closed
2026-09-19T16:22:17.787974-04:00,2026-09-19,Stranger Things 5,25,open
2026-09-19T16:33:02.030643-04:00,2026-09-19,Cybergoria,0,closed
2026-09-19T16:33:02.030643-04:00,2026-09-19,Evil Dead Burn,0,closed
2026-09-19T16:33:02.030643-04:00,2026-09-19,H.R. Bloodengutz,0,closed
2026-09-19T16:33:02.030643-04:00,2026-09-19,Hellraiser,25,open
2026-09-19T16:33:02.030643-04:00,2026-09-19,INVASION,0,closed
2026-09-19T16:33:02.030643-04:00,2026-09-19,Jack & Oddfellow,25,open
2026-09-19T16:33:02.030643-04:00,2026-09-19,MADLANDS,0,closed
2026-09-19T16:33:02.030643-04:00,2026-09-19,Ozzy Osbourne,0,closed
2026-09-19T16:33:02.030643-04:00,2026-09-19,Sinners,0,closed
2026-09-19T16:33:02.030643-04:00,2026-09-19,Stranger Things 5,20,open
2026-09-19T16:42:50.913026-04:00,2026-09-19,Cybergoria,0,closed
2026-09-19T16:42:50.913026-04:00,2026-09-19,Evil Dead Burn,0,closed
2026-09-19T16:42:50.913026-04:00,2026-09-19,H.R. Bloodengutz,0,closed
2026-09-19T16:42:50.913026-04:00,2026-09-19,Hellraiser,25,open
2026-09-19T16:42:50.913026-04:00,2026-09-19,INVASION,0,closed
2026-09-19T16:42:50.913026-04:00,2026-09-19,Jack & Oddfellow,35,open
2026-09-19T16:42:50.913026-04:00,2026-09-19,MADLANDS,0,closed
2026-09-19T16:42:50.913026-04:00,2026-09-19,Ozzy Osbourne,0,closed
2026-09-19T16:42:50.913026-04:00,2026-09-19,Sinners,0,closed
2026-09-19T16:42:50.913026-04:00,2026-09-19,Stranger Things 5,10,open
2026-09-19T16:50:43.038443-04:00,2026-09-19,Cybergoria,0,closed
2026-09-19T16:50:43.038443-04:00,2026-09-19,Evil Dead Burn,0,closed
2026-09-19T16:50:43.038443-04:00,2026-09-19,H.R. Bloodengutz,0,closed
2026-09-19T16:50:43.038443-04:00,2026-09-19,Hellraiser,25,open
2026-09-19T16:50:43.038443-04:00,2026-09-19,INVASION,0,closed
2026-09-19T16:50:43.038443-04:00,2026-09-19,Jack & Oddfellow,35,open
2026-09-19T16:50:43.038443-04:00,2026-09-19,MADLANDS,0,closed
2026-09-19T16:50:43.038443-04:00,2026-09-19,Ozzy Osbourne,0,closed
2026-09-19T16:50:43.038443-04:00,2026-09-19,Sinners,0,closed
2026-09-19T16:50:43.038443-04:00,2026-09-19,Stranger Things 5,10,open
2026-09-19T16:58:22.324809-04:00,2026-09-19,Cybergoria,0,closed
2026-09-19T16:58:22.324809-04:00,2026-09-19,Evil Dead Burn,0,closed
2026-09-19T16:58:22.324809-04:00,2026-09-19,H.R. Bloodengutz,0,closed
2026-09-19T16:58:22.324809-04:00,2026-09-19,Hellraiser,10,open
2026-09-19T16:58:22.324809-04:00,2026-09-19,INVASION,0,closed
2026-09-19T16:58:22.324809-04:00,2026-09-19,Jack & Oddfellow,35,open
2026-09-19T16:58:22.324809-04:00,2026-09-19,MADLANDS,0,closed
2026-09-19T16:58:22.324809-04:00,2026-09-19,Ozzy Osbourne,0,closed
2026-09-19T16:58:22.324809-04:00,2026-09-19,Sinners,0,closed
2026-09-19T16:58:22.324809-04:00,2026-09-19,Stranger Things 5,10,open
2026-09-19T17:11:31.922283-04:00,2026-09-19,Cybergoria,0,closed
2026-09-19T17:11:31.922283-04:00,2026-09-19,Evil Dead Burn,0,closed
2026-09-19T17:11:31.922283-04:00,2026-09-19,H.R. Bloodengutz,0,closed
2026-09-19T17:11:31.922283-04:00,2026-09-19,Hellraiser,10,open
2026-09-19T17:11:31.922283-04:00,2026-09-19,INVASION,0,closed
2026-09-19T17:11:31.922283-04:00,2026-09-19,Jack & Oddfellow,25,open
2026-09-19T17:11:31.922283-04:00,2026-09-19,MADLANDS,0,closed
2026-09-19T17:11:31.922283-04:00,2026-09-19,Ozzy Osbourne,0,closed
2026-09-19T17:11:31.922283-04:00,2026-09-19,Sinners,0,closed
2026-09-19T17:11:31.922283-04:00,2026-09-19,Stranger Things 5,5,open
2026-09-19T17:23:20.568113-04:00,2026-09-19,Cybergoria,0,closed
2026-09-19T17:23:20.568113-04:00,2026-09-19,Evil Dead Burn,0,closed
2026-09-19T17:23:20.568113-04:00,2026-09-19,H.R. Bloodengutz,0,closed
2026-09-19T17:23:20.568113-04:00,2026-09-19,Hellraiser,20,open
2026-09-19T17:23:20.568113-04:00,2026-09-19,INVASION,0,closed
2026-09-19T17:23:20.568113-04:00,2026-09-19,Jack & Oddfellow,10,open
2026-09-19T17:23:20.568113-04:00,2026-09-19,MADLANDS,0,closed
2026-09-19T17:23:20.568113-04:00,2026-09-19,Ozzy Osbourne,90,open
2026-09-19T17:23:20.568113-04:00,2026-09-19,Sinners,95,open
2026-09-19T17:23:20.568113-04:00,2026-09-19,Stranger Things 5,5,open
2026-09-19T17:33:05.363320-04:00,2026-09-19,Cybergoria,0,closed
2026-09-19T17:33:05.363320-04:00,2026-09-19,Evil Dead Burn,0,closed
2026-09-19T17:33:05.363320-04:00,2026-09-19,H.R. Bloodengutz,0,closed
2026-09-19T17:33:05.363320-04:00,2026-09-19,Hellraiser,20,open
2026-09-19T17:33:05.363320-04:00,2026-09-19,INVASION,0,closed
2026-09-19T17:33:05.363320-04:00,2026-09-19,Jack & Oddfellow,10,open
2026-09-19T17:33:05.363320-04:00,2026-09-19,MADLANDS,0,closed
2026-09-19T17:33:05.363320-04:00,2026-09-19,Ozzy Osbourne,90,open
2026-09-19T17:33:05.363320-04:00,2026-09-19,Sinners,120,open
2026-09-19T17:33:05.363320-04:00,2026-09-19,Stranger Things 5,5,open
2026-09-19T17:42:04.151249-04:00,2026-09-19,Cybergoria,20,open
2026-09-19T17:42:04.151249-04:00,2026-09-19,Evil Dead Burn,0,closed
2026-09-19T17:42:04.151249-04:00,2026-09-19,H.R. Bloodengutz,0,closed
2026-09-19T17:42:04.151249-04:00,2026-09-19,Hellraiser,10,open
2026-09-19T17:42:04.151249-04:00,2026-09-19,INVASION,0,closed
2026-09-19T17:42:04.151249-04:00,2026-09-19,Jack & Oddfellow,10,open
2026-09-19T17:42:04.151249-04:00,2026-09-19,MADLANDS,0,closed
2026-09-19T17:42:04.151249-04:00,2026-09-19,Ozzy Osbourne,90,open
2026-09-19T17:42:04.151249-04:00,2026-09-19,Sinners,100,open
2026-09-19T17:42:04.151249-04:00,2026-09-19,Stranger Things 5,5,open
2026-09-19T17:50:12.399761-04:00,2026-09-19,Cybergoria,20,open
2026-09-19T17:50:12.399761-04:00,2026-09-19,Evil Dead Burn,20,open
2026-09-19T17:50:12.399761-04:00,2026-09-19,H.R. Bloodengutz,0,closed
2026-09-19T17:50:12.399761-04:00,2026-09-19,Hellraiser,10,open
2026-09-19T17:50:12.399761-04:00,2026-09-19,INVASION,0,closed
2026-09-19T17:50:12.399761-04:00,2026-09-19,Jack & Oddfellow,5,open
2026-09-19T17:50:12.399761-04:00,2026-09-19,MADLANDS,0,closed
2026-09-19T17:50:12.399761-04:00,2026-09-19,Ozzy Osbourne,90,open
2026-09-19T17:50:12.399761-04:00,2026-09-19,Sinners,100,open
2026-09-19T17:50:12.399761-04:00,2026-09-19,Stranger Things 5,5,open
2026-09-19T17:58:27.078865-04:00,2026-09-19,Cybergoria,20,open
2026-09-19T17:58:27.078865-04:00,2026-09-19,Evil Dead Burn,20,open
2026-09-19T17:58:27.078865-04:00,2026-09-19,H.R. Bloodengutz,45,open
2026-09-19T17:58:27.078865-04:00,2026-09-19,Hellraiser,10,open
2026-09-19T17:58:27.078865-04:00,2026-09-19,INVASION,0,closed
2026-09-19T17:58:27.078865-04:00,2026-09-19,Jack & Oddfellow,5,open
2026-09-19T17:58:27.078865-04:00,2026-09-19,MADLANDS,0,closed
2026-09-19T17:58:27.078865-04:00,2026-09-19,Ozzy Osbourne,65,open
2026-09-19T17:58:27.078865-04:00,2026-09-19,Sinners,85,open
2026-09-19T17:58:27.078865-04:00,2026-09-19,Stranger Things 5,5,open
2026-09-19T18:11:18.225573-04:00,2026-09-19,Cybergoria,20,open
2026-09-19T18:11:18.225573-04:00,2026-09-19,Evil Dead Burn,10,open
2026-09-19T18:11:18.225573-04:00,2026-09-19,H.R. Bloodengutz,45,open
2026-09-19T18:11:18.225573-04:00,2026-09-19,Hellraiser,10,open
2026-09-19T18:11:18.225573-04:00,2026-09-19,INVASION,5,open
2026-09-19T18:11:18.225573-04:00,2026-09-19,Jack & Oddfellow,5,open
2026-09-19T18:11:18.225573-04:00,2026-09-19,MADLANDS,15,open
2026-09-19T18:11:18.225573-04:00,2026-09-19,Ozzy Osbourne,65,open
2026-09-19T18:11:18.225573-04:00,2026-09-19,Sinners,70,open
2026-09-19T18:11:18.225573-04:00,2026-09-19,Stranger Things 5,5,open
2026-09-19T18:22:59.943936-04:00,2026-09-19,Cybergoria,20,open
2026-09-19T18:22:59.943936-04:00,2026-09-19,Evil Dead Burn,20,open
2026-09-19T18:22:59.943936-04:00,2026-09-19,H.R. Bloodengutz,45,open
2026-09-19T18:22:59.943936-04:00,2026-09-19,Hellraiser,10,open
2026-09-19T18:22:59.943936-04:00,2026-09-19,INVASION,10,open
2026-09-19T18:22:59.943936-04:00,2026-09-19,Jack & Oddfellow,15,open
2026-09-19T18:22:59.943936-04:00,2026-09-19,MADLANDS,30,open
2026-09-19T18:22:59.943936-04:00,2026-09-19,Ozzy Osbourne,50,open
2026-09-19T18:22:59.943936-04:00,2026-09-19,Sinners,65,open
2026-09-19T18:22:59.943936-04:00,2026-09-19,Stranger Things 5,25,open
2026-09-19T18:32:30.785464-04:00,2026-09-19,Cybergoria,50,open
2026-09-19T18:32:30.785464-04:00,2026-09-19,Evil Dead Burn,30,open
2026-09-19T18:32:30.785464-04:00,2026-09-19,H.R. Bloodengutz,35,open
2026-09-19T18:32:30.785464-04:00,2026-09-19,Hellraiser,10,open
2026-09-19T18:32:30.785464-04:00,2026-09-19,INVASION,35,open
2026-09-19T18:32:30.785464-04:00,2026-09-19,Jack & Oddfellow,20,open
2026-09-19T18:32:30.785464-04:00,2026-09-19,MADLANDS,40,open
2026-09-19T18:32:30.785464-04:00,2026-09-19,Ozzy Osbourne,55,open
2026-09-19T18:32:30.785464-04:00,2026-09-19,Sinners,65,open
2026-09-19T18:32:30.785464-04:00,2026-09-19,Stranger Things 5,35,open
2026-09-19T18:41:59.207711-04:00,2026-09-19,Cybergoria,50,open
2026-09-19T18:41:59.207711-04:00,2026-09-19,Evil Dead Burn,30,open
2026-09-19T18:41:59.207711-04:00,2026-09-19,H.R. Bloodengutz,45,open
2026-09-19T18:41:59.207711-04:00,2026-09-19,Hellraiser,10,open
2026-09-19T18:41:59.207711-04:00,2026-09-19,INVASION,40,open
2026-09-19T18:41:59.207711-04:00,2026-09-19,Jack & Oddfellow,30,open
2026-09-19T18:41:59.207711-04:00,2026-09-19,MADLANDS,35,open
2026-09-19T18:41:59.207711-04:00,2026-09-19,Ozzy Osbourne,55,open
2026-09-19T18:41:59.207711-04:00,2026-09-19,Sinners,65,open
2026-09-19T18:41:59.207711-04:00,2026-09-19,Stranger Things 5,35,open
2026-09-19T18:50:23.747471-04:00,2026-09-19,Cybergoria,50,open
2026-09-19T18:50:23.747471-04:00,2026-09-19,Evil Dead Burn,30,open
2026-09-19T18:50:23.747471-04:00,2026-09-19,H.R. Bloodengutz,45,open
2026-09-19T18:50:23.747471-04:00,2026-09-19,Hellraiser,15,open
2026-09-19T18:50:23.747471-04:00,2026-09-19,INVASION,40,open
2026-09-19T18:50:23.747471-04:00,2026-09-19,Jack & Oddfellow,30,open
2026-09-19T18:50:23.747471-04:00,2026-09-19,MADLANDS,45,open
2026-09-19T18:50:23.747471-04:00,2026-09-19,Ozzy Osbourne,70,open
2026-09-19T18:50:23.747471-04:00,2026-09-19,Sinners,65,open
2026-09-19T18:50:23.747471-04:00,2026-09-19,Stranger Things 5,45,open
2026-09-19T18:58:18.514898-04:00,2026-09-19,Cybergoria,20,open
2026-09-19T18:58:18.514898-04:00,2026-09-19,Evil Dead Burn,30,open
2026-09-19T18:58:18.514898-04:00,2026-09-19,H.R. Bloodengutz,45,open
2026-09-19T18:58:18.514898-04:00,2026-09-19,Hellraiser,20,open
2026-09-19T18:58:18.514898-04:00,2026-09-19,INVASION,40,open
2026-09-19T18:58:18.514898-04:00,2026-09-19,Jack & Oddfellow,30,open
2026-09-19T18:58:18.514898-04:00,2026-09-19,MADLANDS,70,open
2026-09-19T18:58:18.514898-04:00,2026-09-19,Ozzy Osbourne,85,open
2026-09-19T18:58:18.514898-04:00,2026-09-19,Sinners,65,open
2026-09-19T18:58:18.514898-04:00,2026-09-19,Stranger Things 5,45,open
2026-09-19T19:10:42.257789-04:00,2026-09-19,Cybergoria,40,open
2026-09-19T19:10:42.257789-04:00,2026-09-19,Evil Dead Burn,50,open
2026-09-19T19:10:42.257789-04:00,2026-09-19,H.R. Bloodengutz,45,open
2026-09-19T19:10:42.257789-04:00,2026-09-19,Hellraiser,45,open
2026-09-19T19:10:42.257789-04:00,2026-09-19,INVASION,40,open
2026-09-19T19:10:42.257789-04:00,2026-09-19,Jack & Oddfellow,30,open
2026-09-19T19:10:42.257789-04:00,2026-09-19,MADLANDS,60,open
2026-09-19T19:10:42.257789-04:00,2026-09-19,Ozzy Osbourne,85,open
2026-09-19T19:10:42.257789-04:00,2026-09-19,Sinners,65,open
2026-09-19T19:10:42.257789-04:00,2026-09-19,Stranger Things 5,60,open
2026-09-19T19:21:34.243252-04:00,2026-09-19,Cybergoria,65,open
2026-09-19T19:21:34.243252-04:00,2026-09-19,Evil Dead Burn,60,open
2026-09-19T19:21:34.243252-04:00,2026-09-19,H.R. Bloodengutz,45,open
2026-09-19T19:21:34.243252-04:00,2026-09-19,Hellraiser,55,open
2026-09-19T19:21:34.243252-04:00,2026-09-19,INVASION,40,open
2026-09-19T19:21:34.243252-04:00,2026-09-19,Jack & Oddfellow,40,open
2026-09-19T19:21:34.243252-04:00,2026-09-19,MADLANDS,50,open
2026-09-19T19:21:34.243252-04:00,2026-09-19,Ozzy Osbourne,150,open
2026-09-19T19:21:34.243252-04:00,2026-09-19,Sinners,65,open
2026-09-19T19:21:34.243252-04:00,2026-09-19,Stranger Things 5,60,open
2026-09-19T19:30:08.295104-04:00,2026-09-19,Cybergoria,65,open
2026-09-19T19:30:08.295104-04:00,2026-09-19,Evil Dead Burn,60,open
2026-09-19T19:30:08.295104-04:00,2026-09-19,H.R. Bloodengutz,80,open
2026-09-19T19:30:08.295104-04:00,2026-09-19,Hellraiser,55,open
2026-09-19T19:30:08.295104-04:00,2026-09-19,INVASION,50,open
2026-09-19T19:30:08.295104-04:00,2026-09-19,Jack & Oddfellow,40,open
2026-09-19T19:30:08.295104-04:00,2026-09-19,MADLANDS,60,open
2026-09-19T19:30:08.295104-04:00,2026-09-19,Ozzy Osbourne,150,open
2026-09-19T19:30:08.295104-04:00,2026-09-19,Sinners,65,open
2026-09-19T19:30:08.295104-04:00,2026-09-19,Stranger Things 5,60,open
2026-09-19T19:40:16.691052-04:00,2026-09-19,Cybergoria,70,open
2026-09-19T19:40:16.691052-04:00,2026-09-19,Evil Dead Burn,60,open
2026-09-19T19:40:16.691052-04:00,2026-09-19,H.R. Bloodengutz,80,open
2026-09-19T19:40:16.691052-04:00,2026-09-19,Hellraiser,55,open
2026-09-19T19:40:16.691052-04:00,2026-09-19,INVASION,50,open
2026-09-19T19:40:16.691052-04:00,2026-09-19,Jack & Oddfellow,60,open
2026-09-19T19:40:16.691052-04:00,2026-09-19,MADLANDS,60,open
2026-09-19T19:40:16.691052-04:00,2026-09-19,Ozzy Osbourne,150,open
2026-09-19T19:40:16.691052-04:00,2026-09-19,Sinners,75,open
2026-09-19T19:40:16.691052-04:00,2026-09-19,Stranger Things 5,60,open
2026-09-19T19:48:14.457004-04:00,2026-09-19,Cybergoria,65,open
2026-09-19T19:48:14.457004-04:00,2026-09-19,Evil Dead Burn,45,open
2026-09-19T19:48:14.457004-04:00,2026-09-19,H.R. Bloodengutz,65,open
2026-09-19T19:48:14.457004-04:00,2026-09-19,Hellraiser,40,open
2026-09-19T19:48:14.457004-04:00,2026-09-19,INVASION,50,open
2026-09-19T19:48:14.457004-04:00,2026-09-19,Jack & Oddfellow,60,open
2026-09-19T19:48:14.457004-04:00,2026-09-19,MADLANDS,50,open
2026-09-19T19:48:14.457004-04:00,2026-09-19,Ozzy Osbourne,150,open
2026-09-19T19:48:14.457004-04:00,2026-09-19,Sinners,75,open
2026-09-19T19:48:14.457004-04:00,2026-09-19,Stranger Things 5,60,open
2026-09-19T19:56:24.914303-04:00,2026-09-19,Cybergoria,65,open
2026-09-19T19:56:24.914303-04:00,2026-09-19,Evil Dead Burn,35,open
2026-09-19T19:56:24.914303-04:00,2026-09-19,H.R. Bloodengutz,65,open
2026-09-19T19:56:24.914303-04:00,2026-09-19,Hellraiser,30,open
2026-09-19T19:56:24.914303-04:00,2026-09-19,INVASION,50,open
2026-09-19T19:56:24.914303-04:00,2026-09-19,Jack & Oddfellow,50,open
2026-09-19T19:56:24.914303-04:00,2026-09-19,MADLANDS,50,open
2026-09-19T19:56:24.914303-04:00,2026-09-19,Ozzy Osbourne,150,open
2026-09-19T19:56:24.914303-04:00,2026-09-19,Sinners,110,open
2026-09-19T19:56:24.914303-04:00,2026-09-19,Stranger Things 5,80,open
2026-09-19T20:12:09.587090-04:00,2026-09-19,Cybergoria,70,open
2026-09-19T20:12:09.587090-04:00,2026-09-19,Evil Dead Burn,45,open
2026-09-19T20:12:09.587090-04:00,2026-09-19,H.R. Bloodengutz,65,open
2026-09-19T20:12:09.587090-04:00,2026-09-19,Hellraiser,50,open
2026-09-19T20:12:09.587090-04:00,2026-09-19,INVASION,50,open
2026-09-19T20:12:09.587090-04:00,2026-09-19,Jack & Oddfellow,0,closed
2026-09-19T20:12:09.587090-04:00,2026-09-19,MADLANDS,40,open
2026-09-19T20:12:09.587090-04:00,2026-09-19,Ozzy Osbourne,120,open
2026-09-19T20:12:09.587090-04:00,2026-09-19,Sinners,110,open
2026-09-19T20:12:09.587090-04:00,2026-09-19,Stranger Things 5,55,open
2026-09-19T20:33:36.005159-04:00,2026-09-19,Cybergoria,85,open
2026-09-19T20:33:36.005159-04:00,2026-09-19,Evil Dead Burn,60,open
2026-09-19T20:33:36.005159-04:00,2026-09-19,H.R. Bloodengutz,70,open
2026-09-19T20:33:36.005159-04:00,2026-09-19,Hellraiser,85,open
2026-09-19T20:33:36.005159-04:00,2026-09-19,INVASION,40,open
2026-09-19T20:33:36.005159-04:00,2026-09-19,Jack & Oddfellow,65,open
2026-09-19T20:33:36.005159-04:00,2026-09-19,MADLANDS,50,open
2026-09-19T20:33:36.005159-04:00,2026-09-19,Ozzy Osbourne,100,open
2026-09-19T20:33:36.005159-04:00,2026-09-19,Sinners,145,open
2026-09-19T20:33:36.005159-04:00,2026-09-19,Stranger Things 5,45,open
2026-09-19T20:49:24.281025-04:00,2026-09-19,Cybergoria,85,open
2026-09-19T20:49:24.281025-04:00,2026-09-19,Evil Dead Burn,45,open
2026-09-19T20:49:24.281025-04:00,2026-09-19,H.R. Bloodengutz,80,open
2026-09-19T20:49:24.281025-04:00,2026-09-19,Hellraiser,105,open
2026-09-19T20:49:24.281025-04:00,2026-09-19,INVASION,50,open
2026-09-19T20:49:24.281025-04:00,2026-09-19,Jack & Oddfellow,65,open
2026-09-19T20:49:24.281025-04:00,2026-09-19,MADLANDS,50,open
2026-09-19T20:49:24.281025-04:00,2026-09-19,Ozzy Osbourne,80,open
2026-09-19T20:49:24.281025-04:00,2026-09-19,Sinners,145,open
2026-09-19T20:49:24.281025-04:00,2026-09-19,Stranger Things 5,45,open
2026-09-19T20:59:07.733345-04:00,2026-09-19,Cybergoria,95,open
2026-09-19T20:59:07.733345-04:00,2026-09-19,Evil Dead Burn,45,open
2026-09-19T20:59:07.733345-04:00,2026-09-19,H.R. Bloodengutz,80,open
2026-09-19T20:59:07.733345-04:00,2026-09-19,Hellraiser,105,open
2026-09-19T20:59:07.733345-04:00,2026-09-19,INVASION,60,open
2026-09-19T20:59:07.733345-04:00,2026-09-19,Jack & Oddfellow,50,open
2026-09-19T20:59:07.733345-04:00,2026-09-19,MADLANDS,70,open
2026-09-19T20:59:07.733345-04:00,2026-09-19,Ozzy Osbourne,65,open
2026-09-19T20:59:07.733345-04:00,2026-09-19,Sinners,120,open
2026-09-19T20:59:07.733345-04:00,2026-09-19,Stranger Things 5,45,open
2026-09-19T21:12:25.142048-04:00,2026-09-19,Cybergoria,95,open
2026-09-19T21:12:25.142048-04:00,2026-09-19,Evil Dead Burn,45,open
2026-09-19T21:12:25.142048-04:00,2026-09-19,H.R. Bloodengutz,80,open
2026-09-19T21:12:25.142048-04:00,2026-09-19,Hellraiser,105,open
2026-09-19T21:12:25.142048-04:00,2026-09-19,INVASION,45,open
2026-09-19T21:12:25.142048-04:00,2026-09-19,Jack & Oddfellow,50,open
2026-09-19T21:12:25.142048-04:00,2026-09-19,MADLANDS,50,open
2026-09-19T21:12:25.142048-04:00,2026-09-19,Ozzy Osbourne,80,open
2026-09-19T21:12:25.142048-04:00,2026-09-19,Sinners,100,open
2026-09-19T21:12:25.142048-04:00,2026-09-19,Stranger Things 5,65,open
2026-09-19T21:25:30.790743-04:00,2026-09-19,Cybergoria,95,open
2026-09-19T21:25:30.790743-04:00,2026-09-19,Evil Dead Burn,60,open
2026-09-19T21:25:30.790743-04:00,2026-09-19,H.R. Bloodengutz,80,open
2026-09-19T21:25:30.790743-04:00,2026-09-19,Hellraiser,105,open
2026-09-19T21:25:30.790743-04:00,2026-09-19,INVASION,40,open
2026-09-19T21:25:30.790743-04:00,2026-09-19,Jack & Oddfellow,50,open
2026-09-19T21:25:30.790743-04:00,2026-09-19,MADLANDS,50,open
2026-09-19T21:25:30.790743-04:00,2026-09-19,Ozzy Osbourne,80,open
2026-09-19T21:25:30.790743-04:00,2026-09-19,Sinners,100,open
2026-09-19T21:25:30.790743-04:00,2026-09-19,Stranger Things 5,65,open
2026-09-19T21:36:17.573334-04:00,2026-09-19,Cybergoria,95,open
2026-09-19T21:36:17.573334-04:00,2026-09-19,Evil Dead Burn,60,open
2026-09-19T21:36:17.573334-04:00,2026-09-19,H.R. Bloodengutz,80,open
2026-09-19T21:36:17.573334-04:00,2026-09-19,Hellraiser,105,open
2026-09-19T21:36:17.573334-04:00,2026-09-19,INVASION,60,open
2026-09-19T21:36:17.573334-04:00,2026-09-19,Jack & Oddfellow,50,open
2026-09-19T21:36:17.573334-04:00,2026-09-19,MADLANDS,55,open
2026-09-19T21:36:17.573334-04:00,2026-09-19,Ozzy Osbourne,60,open
2026-09-19T21:36:17.573334-04:00,2026-09-19,Sinners,100,open
2026-09-19T21:36:17.573334-04:00,2026-09-19,Stranger Things 5,65,open
2026-09-19T21:45:52.338038-04:00,2026-09-19,Cybergoria,95,open
2026-09-19T21:45:52.338038-04:00,2026-09-19,Evil Dead Burn,60,open
2026-09-19T21:45:52.338038-04:00,2026-09-19,H.R. Bloodengutz,50,open
2026-09-19T21:45:52.338038-04:00,2026-09-19,Hellraiser,90,open
2026-09-19T21:45:52.338038-04:00,2026-09-19,INVASION,60,open
2026-09-19T21:45:52.338038-04:00,2026-09-19,Jack & Oddfellow,40,open
2026-09-19T21:45:52.338038-04:00,2026-09-19,MADLANDS,45,open
2026-09-19T21:45:52.338038-04:00,2026-09-19,Ozzy Osbourne,60,open
2026-09-19T21:45:52.338038-04:00,2026-09-19,Sinners,100,open
2026-09-19T21:45:52.338038-04:00,2026-09-19,Stranger Things 5,50,open
2026-09-19T21:54:51.881853-04:00,2026-09-19,Cybergoria,80,open
2026-09-19T21:54:51.881853-04:00,2026-09-19,Evil Dead Burn,60,open
2026-09-19T21:54:51.881853-04:00,2026-09-19,H.R. Bloodengutz,50,open
2026-09-19T21:54:51.881853-04:00,2026-09-19,Hellraiser,90,open
2026-09-19T21:54:51.881853-04:00,2026-09-19,INVASION,40,open
2026-09-19T21:54:51.881853-04:00,2026-09-19,Jack & Oddfellow,60,open
2026-09-19T21:54:51.881853-04:00,2026-09-19,MADLANDS,45,open
2026-09-19T21:54:51.881853-04:00,2026-09-19,Ozzy Osbourne,60,open
2026-09-19T21:54:51.881853-04:00,2026-09-19,Sinners,125,open
2026-09-19T21:54:51.881853-04:00,2026-09-19,Stranger Things 5,50,open
2026-09-19T22:05:18.311546-04:00,2026-09-19,Cybergoria,80,open
2026-09-19T22:05:18.311546-04:00,2026-09-19,Evil Dead Burn,50,open
2026-09-19T22:05:18.311546-04:00,2026-09-19,H.R. Bloodengutz,50,open
2026-09-19T22:05:18.311546-04:00,2026-09-19,Hellraiser,90,open
2026-09-19T22:05:18.311546-04:00,2026-09-19,INVASION,40,open
2026-09-19T22:05:18.311546-04:00,2026-09-19,Jack & Oddfellow,60,open
2026-09-19T22:05:18.311546-04:00,2026-09-19,MADLANDS,45,open
2026-09-19T22:05:18.311546-04:00,2026-09-19,Ozzy Osbourne,100,open
2026-09-19T22:05:18.311546-04:00,2026-09-19,Sinners,125,open
2026-09-19T22:05:18.311546-04:00,2026-09-19,Stranger Things 5,45,open
2026-09-19T22:20:28.038363-04:00,2026-09-19,Cybergoria,80,open
2026-09-19T22:20:28.038363-04:00,2026-09-19,Evil Dead Burn,50,open
2026-09-19T22:20:28.038363-04:00,2026-09-19,H.R. Bloodengutz,80,open
2026-09-19T22:20:28.038363-04:00,2026-09-19,Hellraiser,70,open
2026-09-19T22:20:28.038363-04:00,2026-09-19,INVASION,50,open
2026-09-19T22:20:28.038363-04:00,2026-09-19,Jack & Oddfellow,60,open
2026-09-19T22:20:28.038363-04:00,2026-09-19,MADLANDS,75,open
2026-09-19T22:20:28.038363-04:00,2026-09-19,Ozzy Osbourne,120,open
2026-09-19T22:20:28.038363-04:00,2026-09-19,Sinners,125,open
2026-09-19T22:20:28.038363-04:00,2026-09-19,Stranger Things 5,45,open
2026-09-19T22:32:43.279796-04:00,2026-09-19,Cybergoria,80,open
2026-09-19T22:32:43.279796-04:00,2026-09-19,Evil Dead Burn,60,open
2026-09-19T22:32:43.279796-04:00,2026-09-19,H.R. Bloodengutz,80,open
2026-09-19T22:32:43.279796-04:00,2026-09-19,Hellraiser,40,open
2026-09-19T22:32:43.279796-04:00,2026-09-19,INVASION,75,open
2026-09-19T22:32:43.279796-04:00,2026-09-19,Jack & Oddfellow,50,open
2026-09-19T22:32:43.279796-04:00,2026-09-19,MADLANDS,85,open
2026-09-19T22:32:43.279796-04:00,2026-09-19,Ozzy Osbourne,120,open
2026-09-19T22:32:43.279796-04:00,2026-09-19,Sinners,145,open
2026-09-19T22:32:43.279796-04:00,2026-09-19,Stranger Things 5,45,open
2026-09-19T22:44:17.755796-04:00,2026-09-19,Cybergoria,80,open
2026-09-19T22:44:17.755796-04:00,2026-09-19,Evil Dead Burn,60,open
2026-09-19T22:44:17.755796-04:00,2026-09-19,H.R. Bloodengutz,70,open
2026-09-19T22:44:17.755796-04:00,2026-09-19,Hellraiser,60,open
2026-09-19T22:44:17.755796-04:00,2026-09-19,INVASION,45,open
2026-09-19T22:44:17.755796-04:00,2026-09-19,Jack & Oddfellow,65,open
2026-09-19T22:44:17.755796-04:00,2026-09-19,MADLANDS,85,open
2026-09-19T22:44:17.755796-04:00,2026-09-19,Ozzy Osbourne,120,open
2026-09-19T22:44:17.755796-04:00,2026-09-19,Sinners,145,open
2026-09-19T22:44:17.755796-04:00,2026-09-19,Stranger Things 5,45,open
2026-09-19T22:53:24.428963-04:00,2026-09-19,Cybergoria,80,open
2026-09-19T22:53:24.428963-04:00,2026-09-19,Evil Dead Burn,60,open
2026-09-19T22:53:24.428963-04:00,2026-09-19,H.R. Bloodengutz,70,open
2026-09-19T22:53:24.428963-04:00,2026-09-19,Hellraiser,90,open
2026-09-19T22:53:24.428963-04:00,2026-09-19,INVASION,45,open
2026-09-19T22:53:24.428963-04:00,2026-09-19,Jack & Oddfellow,65,open
2026-09-19T22:53:24.428963-04:00,2026-09-19,MADLANDS,85,open
2026-09-19T22:53:24.428963-04:00,2026-09-19,Ozzy Osbourne,85,open
2026-09-19T22:53:24.428963-04:00,2026-09-19,Sinners,145,open
2026-09-19T22:53:24.428963-04:00,2026-09-19,Stranger Things 5,45,open
2026-09-19T23:02:24.927459-04:00,2026-09-19,Cybergoria,80,open
2026-09-19T23:02:24.927459-04:00,2026-09-19,Evil Dead Burn,60,open
2026-09-19T23:02:24.927459-04:00,2026-09-19,H.R. Bloodengutz,55,open
2026-09-19T23:02:24.927459-04:00,2026-09-19,Hellraiser,90,open
2026-09-19T23:02:24.927459-04:00,2026-09-19,INVASION,45,open
2026-09-19T23:02:24.927459-04:00,2026-09-19,Jack & Oddfellow,65,open
2026-09-19T23:02:24.927459-04:00,2026-09-19,MADLANDS,60,open
2026-09-19T23:02:24.927459-04:00,2026-09-19,Ozzy Osbourne,85,open
2026-09-19T23:02:24.927459-04:00,2026-09-19,Sinners,115,open
2026-09-19T23:02:24.927459-04:00,2026-09-19,Stranger Things 5,45,open
2026-09-19T23:18:51.427198-04:00,2026-09-19,Cybergoria,80,open
2026-09-19T23:18:51.427198-04:00,2026-09-19,Evil Dead Burn,60,open
2026-09-19T23:18:51.427198-04:00,2026-09-19,H.R. Bloodengutz,75,open
2026-09-19T23:18:51.427198-04:00,2026-09-19,Hellraiser,70,open
2026-09-19T23:18:51.427198-04:00,2026-09-19,INVASION,45,open
2026-09-19T23:18:51.427198-04:00,2026-09-19,Jack & Oddfellow,50,open
2026-09-19T23:18:51.427198-04:00,2026-09-19,MADLANDS,60,open
2026-09-19T23:18:51.427198-04:00,2026-09-19,Ozzy Osbourne,85,open
2026-09-19T23:18:51.427198-04:00,2026-09-19,Sinners,115,open
2026-09-19T23:18:51.427198-04:00,2026-09-19,Stranger Things 5,75,open
2026-09-19T23:32:22.574408-04:00,2026-09-19,Cybergoria,70,open
2026-09-19T23:32:22.574408-04:00,2026-09-19,Evil Dead Burn,50,open
2026-09-19T23:32:22.574408-04:00,2026-09-19,H.R. Bloodengutz,55,open
2026-09-19T23:32:22.574408-04:00,2026-09-19,Hellraiser,70,open
2026-09-19T23:32:22.574408-04:00,2026-09-19,INVASION,60,open
2026-09-19T23:32:22.574408-04:00,2026-09-19,Jack & Oddfellow,50,open
2026-09-19T23:32:22.574408-04:00,2026-09-19,MADLANDS,35,open
2026-09-19T23:32:22.574408-04:00,2026-09-19,Ozzy Osbourne,115,open
2026-09-19T23:32:22.574408-04:00,2026-09-19,Sinners,115,open
2026-09-19T23:32:22.574408-04:00,2026-09-19,Stranger Things 5,100,open
2026-09-19T23:44:22.849919-04:00,2026-09-19,Cybergoria,70,open
2026-09-19T23:44:22.849919-04:00,2026-09-19,Evil Dead Burn,40,open
2026-09-19T23:44:22.849919-04:00,2026-09-19,H.R. Bloodengutz,55,open
2026-09-19T23:44:22.849919-04:00,2026-09-19,Hellraiser,70,open
2026-09-19T23:44:22.849919-04:00,2026-09-19,INVASION,60,open
2026-09-19T23:44:22.849919-04:00,2026-09-19,Jack & Oddfellow,50,open
2026-09-19T23:44:22.849919-04:00,2026-09-19,MADLANDS,35,open
2026-09-19T23:44:22.849919-04:00,2026-09-19,Ozzy Osbourne,105,open
2026-09-19T23:44:22.849919-04:00,2026-09-19,Sinners,115,open
2026-09-19T23:44:22.849919-04:00,2026-09-19,Stranger Things 5,100,open
2026-09-19T23:53:49.431009-04:00,2026-09-19,Cybergoria,70,open
2026-09-19T23:53:49.431009-04:00,2026-09-19,Evil Dead Burn,40,open
2026-09-19T23:53:49.431009-04:00,2026-09-19,H.R. Bloodengutz,55,open
2026-09-19T23:53:49.431009-04:00,2026-09-19,Hellraiser,70,open
2026-09-19T23:53:49.431009-04:00,2026-09-19,INVASION,45,open
2026-09-19T23:53:49.431009-04:00,2026-09-19,Jack & Oddfellow,40,open
2026-09-19T23:53:49.431009-04:00,2026-09-19,MADLANDS,50,open
2026-09-19T23:53:49.431009-04:00,2026-09-19,Ozzy Osbourne,80,open
2026-09-19T23:53:49.431009-04:00,2026-09-19,Sinners,115,open
2026-09-19T23:53:49.431009-04:00,2026-09-19,Stranger Things 5,85,open
2026-09-20T00:03:20.597935-04:00,2026-09-19,Cybergoria,80,open
2026-09-20T00:03:20.597935-04:00,2026-09-19,Evil Dead Burn,40,open
2026-09-20T00:03:20.597935-04:00,2026-09-19,H.R. Bloodengutz,55,open
2026-09-20T00:03:20.597935-04:00,2026-09-19,Hellraiser,70,open
2026-09-20T00:03:20.597935-04:00,2026-09-19,INVASION,35,open
2026-09-20T00:03:20.597935-04:00,2026-09-19,Jack & Oddfellow,50,open
2026-09-20T00:03:20.597935-04:00,2026-09-19,MADLANDS,40,open
2026-09-20T00:03:20.597935-04:00,2026-09-19,Ozzy Osbourne,80,open
2026-09-20T00:03:20.597935-04:00,2026-09-19,Sinners,115,open
2026-09-20T00:03:20.597935-04:00,2026-09-19,Stranger Things 5,55,open
2026-09-20T00:19:19.735182-04:00,2026-09-19,Cybergoria,80,open
2026-09-20T00:19:19.735182-04:00,2026-09-19,Evil Dead Burn,45,open
2026-09-20T00:19:19.735182-04:00,2026-09-19,H.R. Bloodengutz,55,open
2026-09-20T00:19:19.735182-04:00,2026-09-19,Hellraiser,70,open
2026-09-20T00:19:19.735182-04:00,2026-09-19,INVASION,40,open
2026-09-20T00:19:19.735182-04:00,2026-09-19,Jack & Oddfellow,60,open
2026-09-20T00:19:19.735182-04:00,2026-09-19,MADLANDS,40,open
2026-09-20T00:19:19.735182-04:00,2026-09-19,Ozzy Osbourne,55,open
2026-09-20T00:19:19.735182-04:00,2026-09-19,Sinners,55,open
2026-09-20T00:19:19.735182-04:00,2026-09-19,Stranger Things 5,35,open
2026-09-20T00:32:31.034860-04:00,2026-09-19,Cybergoria,60,open
2026-09-20T00:32:31.034860-04:00,2026-09-19,Evil Dead Burn,45,open
2026-09-20T00:32:31.034860-04:00,2026-09-19,H.R. Bloodengutz,65,open
2026-09-20T00:32:31.034860-04:00,2026-09-19,Hellraiser,60,open
2026-09-20T00:32:31.034860-04:00,2026-09-19,INVASION,30,open
2026-09-20T00:32:31.034860-04:00,2026-09-19,Jack & Oddfellow,50,open
2026-09-20T00:32:31.034860-04:00,2026-09-19,MADLANDS,40,open
2026-09-20T00:32:31.034860-04:00,2026-09-19,Ozzy Osbourne,50,open
2026-09-20T00:32:31.034860-04:00,2026-09-19,Sinners,55,open
2026-09-20T00:32:31.034860-04:00,2026-09-19,Stranger Things 5,35,open
2026-09-20T00:44:05.304535-04:00,2026-09-19,Cybergoria,60,open
2026-09-20T00:44:05.304535-04:00,2026-09-19,Evil Dead Burn,45,open
2026-09-20T00:44:05.304535-04:00,2026-09-19,H.R. Bloodengutz,65,open
2026-09-20T00:44:05.304535-04:00,2026-09-19,Hellraiser,45,open
2026-09-20T00:44:05.304535-04:00,2026-09-19,INVASION,30,open
2026-09-20T00:44:05.304535-04:00,2026-09-19,Jack & Oddfellow,50,open
2026-09-20T00:44:05.304535-04:00,2026-09-19,MADLANDS,40,open
2026-09-20T00:44:05.304535-04:00,2026-09-19,Ozzy Osbourne,60,open
2026-09-20T00:44:05.304535-04:00,2026-09-19,Sinners,55,open
2026-09-20T00:44:05.304535-04:00,2026-09-19,Stranger Things 5,35,open
2026-09-20T00:53:24.845847-04:00,2026-09-19,Cybergoria,35,open
2026-09-20T00:53:24.845847-04:00,2026-09-19,Evil Dead Burn,45,open
2026-09-20T00:53:24.845847-04:00,2026-09-19,H.R. Bloodengutz,65,open
2026-09-20T00:53:24.845847-04:00,2026-09-19,Hellraiser,25,open
2026-09-20T00:53:24.845847-04:00,2026-09-19,INVASION,20,open
2026-09-20T00:53:24.845847-04:00,2026-09-19,Jack & Oddfellow,50,open
2026-09-20T00:53:24.845847-04:00,2026-09-19,MADLANDS,40,open
2026-09-20T00:53:24.845847-04:00,2026-09-19,Ozzy Osbourne,80,open
2026-09-20T00:53:24.845847-04:00,2026-09-19,Sinners,40,open
2026-09-20T00:53:24.845847-04:00,2026-09-19,Stranger Things 5,35,open
2026-09-20T01:02:15.867245-04:00,2026-09-19,Cybergoria,30,open
2026-09-20T01:02:15.867245-04:00,2026-09-19,Evil Dead Burn,30,open
2026-09-20T01:02:15.867245-04:00,2026-09-19,H.R. Bloodengutz,35,open
2026-09-20T01:02:15.867245-04:00,2026-09-19,Hellraiser,35,open
2026-09-20T01:02:15.867245-04:00,2026-09-19,INVASION,20,open
2026-09-20T01:02:15.867245-04:00,2026-09-19,Jack & Oddfellow,35,open
2026-09-20T01:02:15.867245-04:00,2026-09-19,MADLANDS,40,open
2026-09-20T01:02:15.867245-04:00,2026-09-19,Ozzy Osbourne,80,open
2026-09-20T01:02:15.867245-04:00,2026-09-19,Sinners,65,open
2026-09-20T01:02:15.867245-04:00,2026-09-19,Stranger Things 5,35,open
2026-09-20T01:17:18.389311-04:00,2026-09-19,Cybergoria,50,open
2026-09-20T01:17:18.389311-04:00,2026-09-19,Evil Dead Burn,30,open
2026-09-20T01:17:18.389311-04:00,2026-09-19,H.R. Bloodengutz,10,open
2026-09-20T01:17:18.389311-04:00,2026-09-19,Hellraiser,45,open
2026-09-20T01:17:18.389311-04:00,2026-09-19,INVASION,10,open
2026-09-20T01:17:18.389311-04:00,2026-09-19,Jack & Oddfellow,35,open
2026-09-20T01:17:18.389311-04:00,2026-09-19,MADLANDS,40,open
2026-09-20T01:17:18.389311-04:00,2026-09-19,Ozzy Osbourne,70,open
2026-09-20T01:17:18.389311-04:00,2026-09-19,Sinners,65,open
2026-09-20T01:17:18.389311-04:00,2026-09-19,Stranger Things 5,30,open
2026-09-20T01:28:58.397478-04:00,2026-09-19,Cybergoria,60,open
2026-09-20T01:28:58.397478-04:00,2026-09-19,Evil Dead Burn,30,open
2026-09-20T01:28:58.397478-04:00,2026-09-19,H.R. Bloodengutz,25,open
2026-09-20T01:28:58.397478-04:00,2026-09-19,Hellraiser,45,open
2026-09-20T01:28:58.397478-04:00,2026-09-19,INVASION,10,open
2026-09-20T01:28:58.397478-04:00,2026-09-19,Jack & Oddfellow,35,open
2026-09-20T01:28:58.397478-04:00,2026-09-19,MADLANDS,30,open
2026-09-20T01:28:58.397478-04:00,2026-09-19,Ozzy Osbourne,70,open
2026-09-20T01:28:58.397478-04:00,2026-09-19,Sinners,75,open
2026-09-20T01:28:58.397478-04:00,2026-09-19,Stranger Things 5,30,open
2026-09-20T01:40:10.470108-04:00,2026-09-19,Cybergoria,40,open
2026-09-20T01:40:10.470108-04:00,2026-09-19,Evil Dead Burn,25,open
2026-09-20T01:40:10.470108-04:00,2026-09-19,H.R. Bloodengutz,35,open
2026-09-20T01:40:10.470108-04:00,2026-09-19,Hellraiser,10,open
2026-09-20T01:40:10.470108-04:00,2026-09-19,INVASION,10,open
2026-09-20T01:40:10.470108-04:00,2026-09-19,Jack & Oddfellow,35,open
2026-09-20T01:40:10.470108-04:00,2026-09-19,MADLANDS,30,open
2026-09-20T01:40:10.470108-04:00,2026-09-19,Ozzy Osbourne,70,open
2026-09-20T01:40:10.470108-04:00,2026-09-19,Sinners,75,open
2026-09-20T01:40:10.470108-04:00,2026-09-19,Stranger Things 5,25,open
2026-09-20T01:49:09.853366-04:00,2026-09-19,Cybergoria,20,open
2026-09-20T01:49:09.853366-04:00,2026-09-19,Evil Dead Burn,25,open
2026-09-20T01:49:09.853366-04:00,2026-09-19,H.R. Bloodengutz,35,open
2026-09-20T01:49:09.853366-04:00,2026-09-19,Hellraiser,10,open
2026-09-20T01:49:09.853366-04:00,2026-09-19,INVASION,10,open
2026-09-20T01:49:09.853366-04:00,2026-09-19,Jack & Oddfellow,25,open
2026-09-20T01:49:09.853366-04:00,2026-09-19,MADLANDS,30,open
2026-09-20T01:49:09.853366-04:00,2026-09-19,Ozzy Osbourne,70,open
2026-09-20T01:49:09.853366-04:00,2026-09-19,Sinners,75,open
2026-09-20T01:49:09.853366-04:00,2026-09-19,Stranger Things 5,20,open
2026-09-20T01:57:25.029577-04:00,2026-09-19,Cybergoria,15,open
2026-09-20T01:57:25.029577-04:00,2026-09-19,Evil Dead Burn,25,open
2026-09-20T01:57:25.029577-04:00,2026-09-19,H.R. Bloodengutz,15,open
2026-09-20T01:57:25.029577-04:00,2026-09-19,Hellraiser,10,open
2026-09-20T01:57:25.029577-04:00,2026-09-19,INVASION,10,open
2026-09-20T01:57:25.029577-04:00,2026-09-19,Jack & Oddfellow,25,open
2026-09-20T01:57:25.029577-04:00,2026-09-19,MADLANDS,30,open
2026-09-20T01:57:25.029577-04:00,2026-09-19,Ozzy Osbourne,70,open
2026-09-20T01:57:25.029577-04:00,2026-09-19,Sinners,30,open
2026-09-20T01:57:25.029577-04:00,2026-09-19,Stranger Things 5,10,open
2026-09-20T02:12:56.448198-04:00,2026-09-19,Cybergoria,0,closed
2026-09-20T02:12:56.448198-04:00,2026-09-19,Evil Dead Burn,0,closed
2026-09-20T02:12:56.448198-04:00,2026-09-19,H.R. Bloodengutz,0,closed
2026-09-20T02:12:56.448198-04:00,2026-09-19,Hellraiser,0,closed
2026-09-20T02:12:56.448198-04:00,2026-09-19,INVASION,0,closed
2026-09-20T02:12:56.448198-04:00,2026-09-19,Jack & Oddfellow,0,closed
2026-09-20T02:12:56.448198-04:00,2026-09-19,MADLANDS,0,closed
2026-09-20T02:12:56.448198-04:00,2026-09-19,Ozzy Osbourne,0,closed
2026-09-20T02:12:56.448198-04:00,2026-09-19,Sinners,0,closed
2026-09-20T02:12:56.448198-04:00,2026-09-19,Stranger Things 5,0,closed
2026-09-20T02:31:25.270121-04:00,2026-09-19,Cybergoria,0,closed
2026-09-20T02:31:25.270121-04:00,2026-09-19,Evil Dead Burn,0,closed
2026-09-20T02:31:25.270121-04:00,2026-09-19,H.R. Bloodengutz,0,closed
2026-09-20T02:31:25.270121-04:00,2026-09-19,Hellraiser,0,closed
2026-09-20T02:31:25.270121-04:00,2026-09-19,INVASION,0,closed
2026-09-20T02:31:25.270121-04:00,2026-09-19,Jack & Oddfellow,0,closed
2026-09-20T02:31:25.270121-04:00,2026-09-19,MADLANDS,0,closed
2026-09-20T02:31:25.270121-04:00,2026-09-19,Ozzy Osbourne,0,closed
2026-09-20T02:31:25.270121-04:00,2026-09-19,Sinners,0,closed
2026-09-20T02:31:25.270121-04:00,2026-09-19,Stranger Things 5,0,closed
2026-09-20T02:46:40.160235-04:00,2026-09-19,Cybergoria,0,closed
2026-09-20T02:46:40.160235-04:00,2026-09-19,Evil Dead Burn,0,closed
2026-09-20T02:46:40.160235-04:00,2026-09-19,H.R. Bloodengutz,0,closed
2026-09-20T02:46:40.160235-04:00,2026-09-19,Hellraiser,0,closed
2026-09-20T02:46:40.160235-04:00,2026-09-19,INVASION,0,closed
2026-09-20T02:46:40.160235-04:00,2026-09-19,Jack & Oddfellow,0,closed
2026-09-20T02:46:40.160235-04:00,2026-09-19,MADLANDS,0,closed
2026-09-20T02:46:40.160235-04:00,2026-09-19,Ozzy Osbourne,0,closed
2026-09-20T02:46:40.160235-04:00,2026-09-19,Sinners,0,closed
2026-09-20T02:46:40.160235-04:00,2026-09-19,Stranger Things 5,0,closed
2026-09-20T02:56:47.556704-04:00,2026-09-19,Cybergoria,0,closed
2026-09-20T02:56:47.556704-04:00,2026-09-19,Evil Dead Burn,0,closed
2026-09-20T02:56:47.556704-04:00,2026-09-19,H.R. Bloodengutz,0,closed
2026-09-20T02:56:47.556704-04:00,2026-09-19,Hellraiser,0,closed
2026-09-20T02:56:47.556704-04:00,2026-09-19,INVASION,0,closed
2026-09-20T02:56:47.556704-04:00,2026-09-19,Jack & Oddfellow,0,closed
2026-09-20T02:56:47.556704-04:00,2026-09-19,MADLANDS,0,closed
2026-09-20T02:56:47.556704-04:00,2026-09-19,Ozzy Osbourne,0,closed
2026-09-20T02:56:47.556704-04:00,2026-09-19,Sinners,0,closed
2026-09-20T02:56:47.556704-04:00,2026-09-19,Stranger Things 5,0,closed
2026-09-20T14:09:55.578133-04:00,2026-09-20,Cybergoria,0,closed
2026-09-20T14:09:55.578133-04:00,2026-09-20,Evil Dead Burn,0,closed
2026-09-20T14:09:55.578133-04:00,2026-09-20,H.R. Bloodengutz,0,closed
2026-09-20T14:09:55.578133-04:00,2026-09-20,Hellraiser,15,open
2026-09-20T14:09:55.578133-04:00,2026-09-20,INVASION,0,closed
2026-09-20T14:09:55.578133-04:00,2026-09-20,Jack & Oddfellow,60,open
2026-09-20T14:09:55.578133-04:00,2026-09-20,MADLANDS,0,closed
2026-09-20T14:09:55.578133-04:00,2026-09-20,Ozzy Osbourne,0,closed
2026-09-20T14:09:55.578133-04:00,2026-09-20,Sinners,0,closed
2026-09-20T14:09:55.578133-04:00,2026-09-20,Stranger Things 5,45,open
2026-09-20T14:24:39.676313-04:00,2026-09-20,Cybergoria,0,closed
2026-09-20T14:24:39.676313-04:00,2026-09-20,Evil Dead Burn,0,closed
2026-09-20T14:24:39.676313-04:00,2026-09-20,H.R. Bloodengutz,0,closed
2026-09-20T14:24:39.676313-04:00,2026-09-20,Hellraiser,10,open
2026-09-20T14:24:39.676313-04:00,2026-09-20,INVASION,0,closed
2026-09-20T14:24:39.676313-04:00,2026-09-20,Jack & Oddfellow,35,open
2026-09-20T14:24:39.676313-04:00,2026-09-20,MADLANDS,0,closed
2026-09-20T14:24:39.676313-04:00,2026-09-20,Ozzy Osbourne,0,closed
2026-09-20T14:24:39.676313-04:00,2026-09-20,Sinners,0,closed
2026-09-20T14:24:39.676313-04:00,2026-09-20,Stranger Things 5,40,open
2026-09-20T14:37:09.653956-04:00,2026-09-20,Cybergoria,0,closed
2026-09-20T14:37:09.653956-04:00,2026-09-20,Evil Dead Burn,0,closed
2026-09-20T14:37:09.653956-04:00,2026-09-20,H.R. Bloodengutz,0,closed
2026-09-20T14:37:09.653956-04:00,2026-09-20,Hellraiser,10,open
2026-09-20T14:37:09.653956-04:00,2026-09-20,INVASION,0,closed
2026-09-20T14:37:09.653956-04:00,2026-09-20,Jack & Oddfellow,35,open
2026-09-20T14:37:09.653956-04:00,2026-09-20,MADLANDS,0,closed
2026-09-20T14:37:09.653956-04:00,2026-09-20,Ozzy Osbourne,0,closed
2026-09-20T14:37:09.653956-04:00,2026-09-20,Sinners,0,closed
2026-09-20T14:37:09.653956-04:00,2026-09-20,Stranger Things 5,40,open
2026-09-20T14:46:58.212528-04:00,2026-09-20,Cybergoria,0,closed
2026-09-20T14:46:58.212528-04:00,2026-09-20,Evil Dead Burn,0,closed
2026-09-20T14:46:58.212528-04:00,2026-09-20,H.R. Bloodengutz,0,closed
2026-09-20T14:46:58.212528-04:00,2026-09-20,Hellraiser,10,open
2026-09-20T14:46:58.212528-04:00,2026-09-20,INVASION,0,closed
2026-09-20T14:46:58.212528-04:00,2026-09-20,Jack & Oddfellow,40,open
2026-09-20T14:46:58.212528-04:00,2026-09-20,MADLANDS,0,closed
2026-09-20T14:46:58.212528-04:00,2026-09-20,Ozzy Osbourne,0,closed
2026-09-20T14:46:58.212528-04:00,2026-09-20,Sinners,0,closed
2026-09-20T14:46:58.212528-04:00,2026-09-20,Stranger Things 5,40,open
2026-09-20T14:55:00.149776-04:00,2026-09-20,Cybergoria,0,closed
2026-09-20T14:55:00.149776-04:00,2026-09-20,Evil Dead Burn,0,closed
2026-09-20T14:55:00.149776-04:00,2026-09-20,H.R. Bloodengutz,0,closed
2026-09-20T14:55:00.149776-04:00,2026-09-20,Hellraiser,10,open
2026-09-20T14:55:00.149776-04:00,2026-09-20,INVASION,0,closed
2026-09-20T14:55:00.149776-04:00,2026-09-20,Jack & Oddfellow,40,open
2026-09-20T14:55:00.149776-04:00,2026-09-20,MADLANDS,0,closed
2026-09-20T14:55:00.149776-04:00,2026-09-20,Ozzy Osbourne,0,closed
2026-09-20T14:55:00.149776-04:00,2026-09-20,Sinners,0,closed
2026-09-20T14:55:00.149776-04:00,2026-09-20,Stranger Things 5,40,open
2026-09-20T15:04:31.699101-04:00,2026-09-20,Cybergoria,0,closed
2026-09-20T15:04:31.699101-04:00,2026-09-20,Evil Dead Burn,0,closed
2026-09-20T15:04:31.699101-04:00,2026-09-20,H.R. Bloodengutz,0,closed
2026-09-20T15:04:31.699101-04:00,2026-09-20,Hellraiser,20,open
2026-09-20T15:04:31.699101-04:00,2026-09-20,INVASION,0,closed
2026-09-20T15:04:31.699101-04:00,2026-09-20,Jack & Oddfellow,60,open
2026-09-20T15:04:31.699101-04:00,2026-09-20,MADLANDS,0,closed
2026-09-20T15:04:31.699101-04:00,2026-09-20,Ozzy Osbourne,0,closed
2026-09-20T15:04:31.699101-04:00,2026-09-20,Sinners,0,closed
2026-09-20T15:04:31.699101-04:00,2026-09-20,Stranger Things 5,40,open
2026-09-20T15:16:51.813507-04:00,2026-09-20,Cybergoria,0,closed
2026-09-20T15:16:51.813507-04:00,2026-09-20,Evil Dead Burn,0,closed
2026-09-20T15:16:51.813507-04:00,2026-09-20,H.R. Bloodengutz,0,closed
2026-09-20T15:16:51.813507-04:00,2026-09-20,Hellraiser,20,open
2026-09-20T15:16:51.813507-04:00,2026-09-20,INVASION,0,closed
2026-09-20T15:16:51.813507-04:00,2026-09-20,Jack & Oddfellow,40,open
2026-09-20T15:16:51.813507-04:00,2026-09-20,MADLANDS,0,closed
2026-09-20T15:16:51.813507-04:00,2026-09-20,Ozzy Osbourne,0,closed
2026-09-20T15:16:51.813507-04:00,2026-09-20,Sinners,0,closed
2026-09-20T15:16:51.813507-04:00,2026-09-20,Stranger Things 5,40,open
2026-09-20T15:26:51.816588-04:00,2026-09-20,Cybergoria,0,closed
2026-09-20T15:26:51.816588-04:00,2026-09-20,Evil Dead Burn,0,closed
2026-09-20T15:26:51.816588-04:00,2026-09-20,H.R. Bloodengutz,0,closed
2026-09-20T15:26:51.816588-04:00,2026-09-20,Hellraiser,20,open
2026-09-20T15:26:51.816588-04:00,2026-09-20,INVASION,0,closed
2026-09-20T15:26:51.816588-04:00,2026-09-20,Jack & Oddfellow,40,open
2026-09-20T15:26:51.816588-04:00,2026-09-20,MADLANDS,0,closed
2026-09-20T15:26:51.816588-04:00,2026-09-20,Ozzy Osbourne,0,closed
2026-09-20T15:26:51.816588-04:00,2026-09-20,Sinners,0,closed
2026-09-20T15:26:51.816588-04:00,2026-09-20,Stranger Things 5,40,open
2026-09-20T15:35:24.178648-04:00,2026-09-20,Cybergoria,0,closed
2026-09-20T15:35:24.178648-04:00,2026-09-20,Evil Dead Burn,0,closed
2026-09-20T15:35:24.178648-04:00,2026-09-20,H.R. Bloodengutz,0,closed
2026-09-20T15:35:24.178648-04:00,2026-09-20,Hellraiser,35,open
2026-09-20T15:35:24.178648-04:00,2026-09-20,INVASION,0,closed
2026-09-20T15:35:24.178648-04:00,2026-09-20,Jack & Oddfellow,40,open
2026-09-20T15:35:24.178648-04:00,2026-09-20,MADLANDS,0,closed
2026-09-20T15:35:24.178648-04:00,2026-09-20,Ozzy Osbourne,0,closed
2026-09-20T15:35:24.178648-04:00,2026-09-20,Sinners,0,closed
2026-09-20T15:35:24.178648-04:00,2026-09-20,Stranger Things 5,30,open
2026-09-20T15:43:15.602948-04:00,2026-09-20,Cybergoria,0,closed
2026-09-20T15:43:15.602948-04:00,2026-09-20,Evil Dead Burn,0,closed
2026-09-20T15:43:15.602948-04:00,2026-09-20,H.R. Bloodengutz,0,closed
2026-09-20T15:43:15.602948-04:00,2026-09-20,Hellraiser,35,open
2026-09-20T15:43:15.602948-04:00,2026-09-20,INVASION,0,closed
2026-09-20T15:43:15.602948-04:00,2026-09-20,Jack & Oddfellow,35,open
2026-09-20T15:43:15.602948-04:00,2026-09-20,MADLANDS,0,closed
2026-09-20T15:43:15.602948-04:00,2026-09-20,Ozzy Osbourne,0,closed
2026-09-20T15:43:15.602948-04:00,2026-09-20,Sinners,0,closed
2026-09-20T15:43:15.602948-04:00,2026-09-20,Stranger Things 5,30,open
2026-09-20T15:51:18.895112-04:00,2026-09-20,Cybergoria,0,closed
2026-09-20T15:51:18.895112-04:00,2026-09-20,Evil Dead Burn,0,closed
2026-09-20T15:51:18.895112-04:00,2026-09-20,H.R. Bloodengutz,0,closed
2026-09-20T15:51:18.895112-04:00,2026-09-20,Hellraiser,35,open
2026-09-20T15:51:18.895112-04:00,2026-09-20,INVASION,0,closed
2026-09-20T15:51:18.895112-04:00,2026-09-20,Jack & Oddfellow,35,open
2026-09-20T15:51:18.895112-04:00,2026-09-20,MADLANDS,0,closed
2026-09-20T15:51:18.895112-04:00,2026-09-20,Ozzy Osbourne,0,closed
2026-09-20T15:51:18.895112-04:00,2026-09-20,Sinners,0,closed
2026-09-20T15:51:18.895112-04:00,2026-09-20,Stranger Things 5,30,open
2026-09-20T15:59:27.435323-04:00,2026-09-20,Cybergoria,0,closed
2026-09-20T15:59:27.435323-04:00,2026-09-20,Evil Dead Burn,0,closed
2026-09-20T15:59:27.435323-04:00,2026-09-20,H.R. Bloodengutz,0,closed
2026-09-20T15:59:27.435323-04:00,2026-09-20,Hellraiser,35,open
2026-09-20T15:59:27.435323-04:00,2026-09-20,INVASION,0,closed
2026-09-20T15:59:27.435323-04:00,2026-09-20,Jack & Oddfellow,40,open
2026-09-20T15:59:27.435323-04:00,2026-09-20,MADLANDS,0,closed
2026-09-20T15:59:27.435323-04:00,2026-09-20,Ozzy Osbourne,0,closed
2026-09-20T15:59:27.435323-04:00,2026-09-20,Sinners,0,closed
2026-09-20T15:59:27.435323-04:00,2026-09-20,Stranger Things 5,30,open
2026-09-20T16:13:34.745710-04:00,2026-09-20,Cybergoria,0,closed
2026-09-20T16:13:34.745710-04:00,2026-09-20,Evil Dead Burn,0,closed
2026-09-20T16:13:34.745710-04:00,2026-09-20,H.R. Bloodengutz,0,closed
2026-09-20T16:13:34.745710-04:00,2026-09-20,Hellraiser,35,open
2026-09-20T16:13:34.745710-04:00,2026-09-20,INVASION,0,closed
2026-09-20T16:13:34.745710-04:00,2026-09-20,Jack & Oddfellow,40,open
2026-09-20T16:13:34.745710-04:00,2026-09-20,MADLANDS,0,closed
2026-09-20T16:13:34.745710-04:00,2026-09-20,Ozzy Osbourne,0,closed
2026-09-20T16:13:34.745710-04:00,2026-09-20,Sinners,0,closed
2026-09-20T16:13:34.745710-04:00,2026-09-20,Stranger Things 5,30,open
2026-09-20T16:25:55.909420-04:00,2026-09-20,Cybergoria,0,closed
2026-09-20T16:25:55.909420-04:00,2026-09-20,Evil Dead Burn,0,closed
2026-09-20T16:25:55.909420-04:00,2026-09-20,H.R. Bloodengutz,0,closed
2026-09-20T16:25:55.909420-04:00,2026-09-20,Hellraiser,35,open
2026-09-20T16:25:55.909420-04:00,2026-09-20,INVASION,0,closed
2026-09-20T16:25:55.909420-04:00,2026-09-20,Jack & Oddfellow,35,open
2026-09-20T16:25:55.909420-04:00,2026-09-20,MADLANDS,0,closed
2026-09-20T16:25:55.909420-04:00,2026-09-20,Ozzy Osbourne,0,closed
2026-09-20T16:25:55.909420-04:00,2026-09-20,Sinners,0,closed
2026-09-20T16:25:55.909420-04:00,2026-09-20,Stranger Things 5,30,open
2026-09-20T16:36:58.227234-04:00,2026-09-20,Cybergoria,0,closed
2026-09-20T16:36:58.227234-04:00,2026-09-20,Evil Dead Burn,0,closed
2026-09-20T16:36:58.227234-04:00,2026-09-20,H.R. Bloodengutz,0,closed
2026-09-20T16:36:58.227234-04:00,2026-09-20,Hellraiser,35,open
2026-09-20T16:36:58.227234-04:00,2026-09-20,INVASION,0,closed
2026-09-20T16:36:58.227234-04:00,2026-09-20,Jack & Oddfellow,35,open
2026-09-20T16:36:58.227234-04:00,2026-09-20,MADLANDS,0,closed
2026-09-20T16:36:58.227234-04:00,2026-09-20,Ozzy Osbourne,0,closed
2026-09-20T16:36:58.227234-04:00,2026-09-20,Sinners,0,closed
2026-09-20T16:36:58.227234-04:00,2026-09-20,Stranger Things 5,30,open
2026-09-20T16:45:32.692410-04:00,2026-09-20,Cybergoria,0,closed
2026-09-20T16:45:32.692410-04:00,2026-09-20,Evil Dead Burn,0,closed
2026-09-20T16:45:32.692410-04:00,2026-09-20,H.R. Bloodengutz,0,closed
2026-09-20T16:45:32.692410-04:00,2026-09-20,Hellraiser,20,open
2026-09-20T16:45:32.692410-04:00,2026-09-20,INVASION,0,closed
2026-09-20T16:45:32.692410-04:00,2026-09-20,Jack & Oddfellow,45,open
2026-09-20T16:45:32.692410-04:00,2026-09-20,MADLANDS,0,closed
2026-09-20T16:45:32.692410-04:00,2026-09-20,Ozzy Osbourne,0,closed
2026-09-20T16:45:32.692410-04:00,2026-09-20,Sinners,0,closed
2026-09-20T16:45:32.692410-04:00,2026-09-20,Stranger Things 5,25,open
2026-09-20T16:53:39.213177-04:00,2026-09-20,Cybergoria,0,closed
2026-09-20T16:53:39.213177-04:00,2026-09-20,Evil Dead Burn,0,closed
2026-09-20T16:53:39.213177-04:00,2026-09-20,H.R. Bloodengutz,0,closed
2026-09-20T16:53:39.213177-04:00,2026-09-20,Hellraiser,20,open
2026-09-20T16:53:39.213177-04:00,2026-09-20,INVASION,0,closed
2026-09-20T16:53:39.213177-04:00,2026-09-20,Jack & Oddfellow,45,open
2026-09-20T16:53:39.213177-04:00,2026-09-20,MADLANDS,0,closed
2026-09-20T16:53:39.213177-04:00,2026-09-20,Ozzy Osbourne,0,closed
2026-09-20T16:53:39.213177-04:00,2026-09-20,Sinners,0,closed
2026-09-20T16:53:39.213177-04:00,2026-09-20,Stranger Things 5,25,open
2026-09-20T17:02:38.387540-04:00,2026-09-20,Cybergoria,0,closed
2026-09-20T17:02:38.387540-04:00,2026-09-20,Evil Dead Burn,0,closed
2026-09-20T17:02:38.387540-04:00,2026-09-20,H.R. Bloodengutz,0,closed
2026-09-20T17:02:38.387540-04:00,2026-09-20,Hellraiser,20,open
2026-09-20T17:02:38.387540-04:00,2026-09-20,INVASION,0,closed
2026-09-20T17:02:38.387540-04:00,2026-09-20,Jack & Oddfellow,45,open
2026-09-20T17:02:38.387540-04:00,2026-09-20,MADLANDS,0,closed
2026-09-20T17:02:38.387540-04:00,2026-09-20,Ozzy Osbourne,0,closed
2026-09-20T17:02:38.387540-04:00,2026-09-20,Sinners,0,closed
2026-09-20T17:02:38.387540-04:00,2026-09-20,Stranger Things 5,25,open
2026-09-20T17:16:56.282412-04:00,2026-09-20,Cybergoria,0,closed
2026-09-20T17:16:56.282412-04:00,2026-09-20,Evil Dead Burn,0,closed
2026-09-20T17:16:56.282412-04:00,2026-09-20,H.R. Bloodengutz,0,closed
2026-09-20T17:16:56.282412-04:00,2026-09-20,Hellraiser,20,open
2026-09-20T17:16:56.282412-04:00,2026-09-20,INVASION,0,closed
2026-09-20T17:16:56.282412-04:00,2026-09-20,Jack & Oddfellow,30,open
2026-09-20T17:16:56.282412-04:00,2026-09-20,MADLANDS,0,closed
2026-09-20T17:16:56.282412-04:00,2026-09-20,Ozzy Osbourne,0,closed
2026-09-20T17:16:56.282412-04:00,2026-09-20,Sinners,0,closed
2026-09-20T17:16:56.282412-04:00,2026-09-20,Stranger Things 5,25,open
2026-09-20T17:28:37.014633-04:00,2026-09-20,Cybergoria,0,closed
2026-09-20T17:28:37.014633-04:00,2026-09-20,Evil Dead Burn,0,closed
2026-09-20T17:28:37.014633-04:00,2026-09-20,H.R. Bloodengutz,0,closed
2026-09-20T17:28:37.014633-04:00,2026-09-20,Hellraiser,25,open
2026-09-20T17:28:37.014633-04:00,2026-09-20,INVASION,0,closed
2026-09-20T17:28:37.014633-04:00,2026-09-20,Jack & Oddfellow,25,open
2026-09-20T17:28:37.014633-04:00,2026-09-20,MADLANDS,0,closed
2026-09-20T17:28:37.014633-04:00,2026-09-20,Ozzy Osbourne,90,open
2026-09-20T17:28:37.014633-04:00,2026-09-20,Sinners,90,open
2026-09-20T17:28:37.014633-04:00,2026-09-20,Stranger Things 5,25,open
2026-09-20T17:38:59.708554-04:00,2026-09-20,Cybergoria,0,closed
2026-09-20T17:38:59.708554-04:00,2026-09-20,Evil Dead Burn,0,closed
2026-09-20T17:38:59.708554-04:00,2026-09-20,H.R. Bloodengutz,0,closed
2026-09-20T17:38:59.708554-04:00,2026-09-20,Hellraiser,25,open
2026-09-20T17:38:59.708554-04:00,2026-09-20,INVASION,0,closed
2026-09-20T17:38:59.708554-04:00,2026-09-20,Jack & Oddfellow,25,open
2026-09-20T17:38:59.708554-04:00,2026-09-20,MADLANDS,0,closed
2026-09-20T17:38:59.708554-04:00,2026-09-20,Ozzy Osbourne,90,open
2026-09-20T17:38:59.708554-04:00,2026-09-20,Sinners,90,open
2026-09-20T17:38:59.708554-04:00,2026-09-20,Stranger Things 5,25,open
2026-09-20T17:47:21.886484-04:00,2026-09-20,Cybergoria,0,closed
2026-09-20T17:47:21.886484-04:00,2026-09-20,Evil Dead Burn,0,closed
2026-09-20T17:47:21.886484-04:00,2026-09-20,H.R. Bloodengutz,0,closed
2026-09-20T17:47:21.886484-04:00,2026-09-20,Hellraiser,10,open
2026-09-20T17:47:21.886484-04:00,2026-09-20,INVASION,0,closed
2026-09-20T17:47:21.886484-04:00,2026-09-20,Jack & Oddfellow,25,open
2026-09-20T17:47:21.886484-04:00,2026-09-20,MADLANDS,0,closed
2026-09-20T17:47:21.886484-04:00,2026-09-20,Ozzy Osbourne,90,open
2026-09-20T17:47:21.886484-04:00,2026-09-20,Sinners,90,open
2026-09-20T17:47:21.886484-04:00,2026-09-20,Stranger Things 5,25,open
2026-09-20T17:56:29.260665-04:00,2026-09-20,Cybergoria,30,open
2026-09-20T17:56:29.260665-04:00,2026-09-20,Evil Dead Burn,50,open
2026-09-20T17:56:29.260665-04:00,2026-09-20,H.R. Bloodengutz,30,open
2026-09-20T17:56:29.260665-04:00,2026-09-20,Hellraiser,10,open
2026-09-20T17:56:29.260665-04:00,2026-09-20,INVASION,0,closed
2026-09-20T17:56:29.260665-04:00,2026-09-20,Jack & Oddfellow,25,open
2026-09-20T17:56:29.260665-04:00,2026-09-20,MADLANDS,0,closed
2026-09-20T17:56:29.260665-04:00,2026-09-20,Ozzy Osbourne,90,open
2026-09-20T17:56:29.260665-04:00,2026-09-20,Sinners,90,open
2026-09-20T17:56:29.260665-04:00,2026-09-20,Stranger Things 5,25,open
2026-09-20T18:07:37.687733-04:00,2026-09-20,Cybergoria,30,open
2026-09-20T18:07:37.687733-04:00,2026-09-20,Evil Dead Burn,35,open
2026-09-20T18:07:37.687733-04:00,2026-09-20,H.R. Bloodengutz,60,open
2026-09-20T18:07:37.687733-04:00,2026-09-20,Hellraiser,10,open
2026-09-20T18:07:37.687733-04:00,2026-09-20,INVASION,0,closed
2026-09-20T18:07:37.687733-04:00,2026-09-20,Jack & Oddfellow,10,open
2026-09-20T18:07:37.687733-04:00,2026-09-20,MADLANDS,30,open
2026-09-20T18:07:37.687733-04:00,2026-09-20,Ozzy Osbourne,60,open
2026-09-20T18:07:37.687733-04:00,2026-09-20,Sinners,65,open
2026-09-20T18:07:37.687733-04:00,2026-09-20,Stranger Things 5,5,open
2026-09-20T18:20:41.474768-04:00,2026-09-20,Cybergoria,40,open
2026-09-20T18:20:41.474768-04:00,2026-09-20,Evil Dead Burn,25,open
2026-09-20T18:20:41.474768-04:00,2026-09-20,H.R. Bloodengutz,60,open
2026-09-20T18:20:41.474768-04:00,2026-09-20,Hellraiser,10,open
2026-09-20T18:20:41.474768-04:00,2026-09-20,INVASION,10,open
2026-09-20T18:20:41.474768-04:00,2026-09-20,Jack & Oddfellow,15,open
2026-09-20T18:20:41.474768-04:00,2026-09-20,MADLANDS,30,open
2026-09-20T18:20:41.474768-04:00,2026-09-20,Ozzy Osbourne,65,open
2026-09-20T18:20:41.474768-04:00,2026-09-20,Sinners,65,open
2026-09-20T18:20:41.474768-04:00,2026-09-20,Stranger Things 5,5,open
2026-09-20T18:31:19.412779-04:00,2026-09-20,Cybergoria,40,open
2026-09-20T18:31:19.412779-04:00,2026-09-20,Evil Dead Burn,10,open
2026-09-20T18:31:19.412779-04:00,2026-09-20,H.R. Bloodengutz,60,open
2026-09-20T18:31:19.412779-04:00,2026-09-20,Hellraiser,10,open
2026-09-20T18:31:19.412779-04:00,2026-09-20,INVASION,20,open
2026-09-20T18:31:19.412779-04:00,2026-09-20,Jack & Oddfellow,20,open
2026-09-20T18:31:19.412779-04:00,2026-09-20,MADLANDS,45,open
2026-09-20T18:31:19.412779-04:00,2026-09-20,Ozzy Osbourne,80,open
2026-09-20T18:31:19.412779-04:00,2026-09-20,Sinners,65,open
2026-09-20T18:31:19.412779-04:00,2026-09-20,Stranger Things 5,15,open
2026-09-20T18:42:06.291798-04:00,2026-09-20,Cybergoria,40,open
2026-09-20T18:42:06.291798-04:00,2026-09-20,Evil Dead Burn,35,open
2026-09-20T18:42:06.291798-04:00,2026-09-20,H.R. Bloodengutz,35,open
2026-09-20T18:42:06.291798-04:00,2026-09-20,Hellraiser,10,open
2026-09-20T18:42:06.291798-04:00,2026-09-20,INVASION,40,open
2026-09-20T18:42:06.291798-04:00,2026-09-20,Jack & Oddfellow,35,open
2026-09-20T18:42:06.291798-04:00,2026-09-20,MADLANDS,55,open
2026-09-20T18:42:06.291798-04:00,2026-09-20,Ozzy Osbourne,80,open
2026-09-20T18:42:06.291798-04:00,2026-09-20,Sinners,65,open
2026-09-20T18:42:06.291798-04:00,2026-09-20,Stranger Things 5,45,open
2026-09-20T18:51:28.374058-04:00,2026-09-20,Cybergoria,30,open
2026-09-20T18:51:28.374058-04:00,2026-09-20,Evil Dead Burn,50,open
2026-09-20T18:51:28.374058-04:00,2026-09-20,H.R. Bloodengutz,50,open
2026-09-20T18:51:28.374058-04:00,2026-09-20,Hellraiser,20,open
2026-09-20T18:51:28.374058-04:00,2026-09-20,INVASION,45,open
2026-09-20T18:51:28.374058-04:00,2026-09-20,Jack & Oddfellow,35,open
2026-09-20T18:51:28.374058-04:00,2026-09-20,MADLANDS,55,open
2026-09-20T18:51:28.374058-04:00,2026-09-20,Ozzy Osbourne,80,open
2026-09-20T18:51:28.374058-04:00,2026-09-20,Sinners,65,open
2026-09-20T18:51:28.374058-04:00,2026-09-20,Stranger Things 5,90,open
2026-09-20T18:59:24.654059-04:00,2026-09-20,Cybergoria,55,open
2026-09-20T18:59:24.654059-04:00,2026-09-20,Evil Dead Burn,50,open
2026-09-20T18:59:24.654059-04:00,2026-09-20,H.R. Bloodengutz,60,open
2026-09-20T18:59:24.654059-04:00,2026-09-20,Hellraiser,20,open
2026-09-20T18:59:24.654059-04:00,2026-09-20,INVASION,45,open
2026-09-20T18:59:24.654059-04:00,2026-09-20,Jack & Oddfellow,40,open
2026-09-20T18:59:24.654059-04:00,2026-09-20,MADLANDS,70,open
2026-09-20T18:59:24.654059-04:00,2026-09-20,Ozzy Osbourne,95,open
2026-09-20T18:59:24.654059-04:00,2026-09-20,Sinners,65,open
2026-09-20T18:59:24.654059-04:00,2026-09-20,Stranger Things 5,90,open
2026-09-20T19:12:31.299922-04:00,2026-09-20,Cybergoria,55,open
2026-09-20T19:12:31.299922-04:00,2026-09-20,Evil Dead Burn,60,open
2026-09-20T19:12:31.299922-04:00,2026-09-20,H.R. Bloodengutz,60,open
2026-09-20T19:12:31.299922-04:00,2026-09-20,Hellraiser,40,open
2026-09-20T19:12:31.299922-04:00,2026-09-20,INVASION,45,open
2026-09-20T19:12:31.299922-04:00,2026-09-20,Jack & Oddfellow,45,open
2026-09-20T19:12:31.299922-04:00,2026-09-20,MADLANDS,55,open
2026-09-20T19:12:31.299922-04:00,2026-09-20,Ozzy Osbourne,100,open
2026-09-20T19:12:31.299922-04:00,2026-09-20,Sinners,65,open
2026-09-20T19:12:31.299922-04:00,2026-09-20,Stranger Things 5,60,open
2026-09-20T19:24:09.564217-04:00,2026-09-20,Cybergoria,55,open
2026-09-20T19:24:09.564217-04:00,2026-09-20,Evil Dead Burn,45,open
2026-09-20T19:24:09.564217-04:00,2026-09-20,H.R. Bloodengutz,60,open
2026-09-20T19:24:09.564217-04:00,2026-09-20,Hellraiser,50,open
2026-09-20T19:24:09.564217-04:00,2026-09-20,INVASION,60,open
2026-09-20T19:24:09.564217-04:00,2026-09-20,Jack & Oddfellow,45,open
2026-09-20T19:24:09.564217-04:00,2026-09-20,MADLANDS,55,open
2026-09-20T19:24:09.564217-04:00,2026-09-20,Ozzy Osbourne,100,open
2026-09-20T19:24:09.564217-04:00,2026-09-20,Sinners,65,open
2026-09-20T19:24:09.564217-04:00,2026-09-20,Stranger Things 5,40,open
2026-09-20T19:33:00.217241-04:00,2026-09-20,Cybergoria,65,open
2026-09-20T19:33:00.217241-04:00,2026-09-20,Evil Dead Burn,45,open
2026-09-20T19:33:00.217241-04:00,2026-09-20,H.R. Bloodengutz,60,open
2026-09-20T19:33:00.217241-04:00,2026-09-20,Hellraiser,50,open
2026-09-20T19:33:00.217241-04:00,2026-09-20,INVASION,60,open
2026-09-20T19:33:00.217241-04:00,2026-09-20,Jack & Oddfellow,45,open
2026-09-20T19:33:00.217241-04:00,2026-09-20,MADLANDS,55,open
2026-09-20T19:33:00.217241-04:00,2026-09-20,Ozzy Osbourne,100,open
2026-09-20T19:33:00.217241-04:00,2026-09-20,Sinners,65,open
2026-09-20T19:33:00.217241-04:00,2026-09-20,Stranger Things 5,40,open
2026-09-20T19:42:55.968034-04:00,2026-09-20,Cybergoria,95,open
2026-09-20T19:42:55.968034-04:00,2026-09-20,Evil Dead Burn,50,open
2026-09-20T19:42:55.968034-04:00,2026-09-20,H.R. Bloodengutz,60,open
2026-09-20T19:42:55.968034-04:00,2026-09-20,Hellraiser,50,open
2026-09-20T19:42:55.968034-04:00,2026-09-20,INVASION,50,open
2026-09-20T19:42:55.968034-04:00,2026-09-20,Jack & Oddfellow,45,open
2026-09-20T19:42:55.968034-04:00,2026-09-20,MADLANDS,55,open
2026-09-20T19:42:55.968034-04:00,2026-09-20,Ozzy Osbourne,100,open
2026-09-20T19:42:55.968034-04:00,2026-09-20,Sinners,85,open
2026-09-20T19:42:55.968034-04:00,2026-09-20,Stranger Things 5,40,open
2026-09-20T19:50:46.765634-04:00,2026-09-20,Cybergoria,80,open
2026-09-20T19:50:46.765634-04:00,2026-09-20,Evil Dead Burn,55,open
2026-09-20T19:50:46.765634-04:00,2026-09-20,H.R. Bloodengutz,60,open
2026-09-20T19:50:46.765634-04:00,2026-09-20,Hellraiser,50,open
2026-09-20T19:50:46.765634-04:00,2026-09-20,INVASION,50,open
2026-09-20T19:50:46.765634-04:00,2026-09-20,Jack & Oddfellow,45,open
2026-09-20T19:50:46.765634-04:00,2026-09-20,MADLANDS,45,open
2026-09-20T19:50:46.765634-04:00,2026-09-20,Ozzy Osbourne,100,open
2026-09-20T19:50:46.765634-04:00,2026-09-20,Sinners,85,open
2026-09-20T19:50:46.765634-04:00,2026-09-20,Stranger Things 5,40,open
2026-09-20T19:58:53.453611-04:00,2026-09-20,Cybergoria,60,open
2026-09-20T19:58:53.453611-04:00,2026-09-20,Evil Dead Burn,60,open
2026-09-20T19:58:53.453611-04:00,2026-09-20,H.R. Bloodengutz,50,open
2026-09-20T19:58:53.453611-04:00,2026-09-20,Hellraiser,50,open
2026-09-20T19:58:53.453611-04:00,2026-09-20,INVASION,35,open
2026-09-20T19:58:53.453611-04:00,2026-09-20,Jack & Oddfellow,45,open
2026-09-20T19:58:53.453611-04:00,2026-09-20,MADLANDS,45,open
2026-09-20T19:58:53.453611-04:00,2026-09-20,Ozzy Osbourne,100,open
2026-09-20T19:58:53.453611-04:00,2026-09-20,Sinners,85,open
2026-09-20T19:58:53.453611-04:00,2026-09-20,Stranger Things 5,40,open
2026-09-20T20:19:26.088106-04:00,2026-09-20,Cybergoria,55,open
2026-09-20T20:19:26.088106-04:00,2026-09-20,Evil Dead Burn,60,open
2026-09-20T20:19:26.088106-04:00,2026-09-20,H.R. Bloodengutz,65,open
2026-09-20T20:19:26.088106-04:00,2026-09-20,Hellraiser,50,open
2026-09-20T20:19:26.088106-04:00,2026-09-20,INVASION,45,open
2026-09-20T20:19:26.088106-04:00,2026-09-20,Jack & Oddfellow,60,open
2026-09-20T20:19:26.088106-04:00,2026-09-20,MADLANDS,35,open
2026-09-20T20:19:26.088106-04:00,2026-09-20,Ozzy Osbourne,100,open
2026-09-20T20:19:26.088106-04:00,2026-09-20,Sinners,85,open
2026-09-20T20:19:26.088106-04:00,2026-09-20,Stranger Things 5,40,open
2026-09-20T20:39:05.142075-04:00,2026-09-20,Cybergoria,65,open
2026-09-20T20:39:05.142075-04:00,2026-09-20,Evil Dead Burn,35,open
2026-09-20T20:39:05.142075-04:00,2026-09-20,H.R. Bloodengutz,75,open
2026-09-20T20:39:05.142075-04:00,2026-09-20,Hellraiser,45,open
2026-09-20T20:39:05.142075-04:00,2026-09-20,INVASION,55,open
2026-09-20T20:39:05.142075-04:00,2026-09-20,Jack & Oddfellow,45,open
2026-09-20T20:39:05.142075-04:00,2026-09-20,MADLANDS,50,open
2026-09-20T20:39:05.142075-04:00,2026-09-20,Ozzy Osbourne,70,open
2026-09-20T20:39:05.142075-04:00,2026-09-20,Sinners,85,open
2026-09-20T20:39:05.142075-04:00,2026-09-20,Stranger Things 5,40,open
2026-09-20T20:52:27.269468-04:00,2026-09-20,Cybergoria,65,open
2026-09-20T20:52:27.269468-04:00,2026-09-20,Evil Dead Burn,45,open
2026-09-20T20:52:27.269468-04:00,2026-09-20,H.R. Bloodengutz,75,open
2026-09-20T20:52:27.269468-04:00,2026-09-20,Hellraiser,60,open
2026-09-20T20:52:27.269468-04:00,2026-09-20,INVASION,55,open
2026-09-20T20:52:27.269468-04:00,2026-09-20,Jack & Oddfellow,45,open
2026-09-20T20:52:27.269468-04:00,2026-09-20,MADLANDS,95,open
2026-09-20T20:52:27.269468-04:00,2026-09-20,Ozzy Osbourne,70,open
2026-09-20T20:52:27.269468-04:00,2026-09-20,Sinners,85,open
2026-09-20T20:52:27.269468-04:00,2026-09-20,Stranger Things 5,35,open
2026-09-20T21:01:14.234248-04:00,2026-09-20,Cybergoria,65,open
2026-09-20T21:01:14.234248-04:00,2026-09-20,Evil Dead Burn,55,open
2026-09-20T21:01:14.234248-04:00,2026-09-20,H.R. Bloodengutz,75,open
2026-09-20T21:01:14.234248-04:00,2026-09-20,Hellraiser,60,open
2026-09-20T21:01:14.234248-04:00,2026-09-20,INVASION,55,open
2026-09-20T21:01:14.234248-04:00,2026-09-20,Jack & Oddfellow,50,open
2026-09-20T21:01:14.234248-04:00,2026-09-20,MADLANDS,90,open
2026-09-20T21:01:14.234248-04:00,2026-09-20,Ozzy Osbourne,70,open
2026-09-20T21:01:14.234248-04:00,2026-09-20,Sinners,85,open
2026-09-20T21:01:14.234248-04:00,2026-09-20,Stranger Things 5,35,open
2026-09-20T21:16:37.983627-04:00,2026-09-20,Cybergoria,85,open
2026-09-20T21:16:37.983627-04:00,2026-09-20,Evil Dead Burn,65,open
2026-09-20T21:16:37.983627-04:00,2026-09-20,H.R. Bloodengutz,45,open
2026-09-20T21:16:37.983627-04:00,2026-09-20,Hellraiser,60,open
2026-09-20T21:16:37.983627-04:00,2026-09-20,INVASION,40,open
2026-09-20T21:16:37.983627-04:00,2026-09-20,Jack & Oddfellow,50,open
2026-09-20T21:16:37.983627-04:00,2026-09-20,MADLANDS,40,open
2026-09-20T21:16:37.983627-04:00,2026-09-20,Ozzy Osbourne,75,open
2026-09-20T21:16:37.983627-04:00,2026-09-20,Sinners,95,open
2026-09-20T21:16:37.983627-04:00,2026-09-20,Stranger Things 5,55,open
2026-09-20T21:30:01.363212-04:00,2026-09-20,Cybergoria,85,open
2026-09-20T21:30:01.363212-04:00,2026-09-20,Evil Dead Burn,65,open
2026-09-20T21:30:01.363212-04:00,2026-09-20,H.R. Bloodengutz,45,open
2026-09-20T21:30:01.363212-04:00,2026-09-20,Hellraiser,60,open
2026-09-20T21:30:01.363212-04:00,2026-09-20,INVASION,40,open
2026-09-20T21:30:01.363212-04:00,2026-09-20,Jack & Oddfellow,50,open
2026-09-20T21:30:01.363212-04:00,2026-09-20,MADLANDS,40,open
2026-09-20T21:30:01.363212-04:00,2026-09-20,Ozzy Osbourne,75,open
2026-09-20T21:30:01.363212-04:00,2026-09-20,Sinners,95,open
2026-09-20T21:30:01.363212-04:00,2026-09-20,Stranger Things 5,45,open
2026-09-20T21:42:43.434023-04:00,2026-09-20,Cybergoria,105,open
2026-09-20T21:42:43.434023-04:00,2026-09-20,Evil Dead Burn,50,open
2026-09-20T21:42:43.434023-04:00,2026-09-20,H.R. Bloodengutz,65,open
2026-09-20T21:42:43.434023-04:00,2026-09-20,Hellraiser,50,open
2026-09-20T21:42:43.434023-04:00,2026-09-20,INVASION,45,open
2026-09-20T21:42:43.434023-04:00,2026-09-20,Jack & Oddfellow,50,open
2026-09-20T21:42:43.434023-04:00,2026-09-20,MADLANDS,40,open
2026-09-20T21:42:43.434023-04:00,2026-09-20,Ozzy Osbourne,75,open
2026-09-20T21:42:43.434023-04:00,2026-09-20,Sinners,95,open
2026-09-20T21:42:43.434023-04:00,2026-09-20,Stranger Things 5,35,open
2026-09-20T21:53:11.604736-04:00,2026-09-20,Cybergoria,90,open
2026-09-20T21:53:11.604736-04:00,2026-09-20,Evil Dead Burn,45,open
2026-09-20T21:53:11.604736-04:00,2026-09-20,H.R. Bloodengutz,65,open
2026-09-20T21:53:11.604736-04:00,2026-09-20,Hellraiser,50,open
2026-09-20T21:53:11.604736-04:00,2026-09-20,INVASION,50,open
2026-09-20T21:53:11.604736-04:00,2026-09-20,Jack & Oddfellow,40,open
2026-09-20T21:53:11.604736-04:00,2026-09-20,MADLANDS,60,open
2026-09-20T21:53:11.604736-04:00,2026-09-20,Ozzy Osbourne,75,open
2026-09-20T21:53:11.604736-04:00,2026-09-20,Sinners,95,open
2026-09-20T21:53:11.604736-04:00,2026-09-20,Stranger Things 5,35,open
2026-09-20T22:01:44.056567-04:00,2026-09-20,Cybergoria,75,open
2026-09-20T22:01:44.056567-04:00,2026-09-20,Evil Dead Burn,45,open
2026-09-20T22:01:44.056567-04:00,2026-09-20,H.R. Bloodengutz,75,open
2026-09-20T22:01:44.056567-04:00,2026-09-20,Hellraiser,50,open
2026-09-20T22:01:44.056567-04:00,2026-09-20,INVASION,50,open
2026-09-20T22:01:44.056567-04:00,2026-09-20,Jack & Oddfellow,40,open
2026-09-20T22:01:44.056567-04:00,2026-09-20,MADLANDS,45,open
2026-09-20T22:01:44.056567-04:00,2026-09-20,Ozzy Osbourne,75,open
2026-09-20T22:01:44.056567-04:00,2026-09-20,Sinners,95,open
2026-09-20T22:01:44.056567-04:00,2026-09-20,Stranger Things 5,35,open
2026-09-20T22:17:54.947111-04:00,2026-09-20,Cybergoria,50,open
2026-09-20T22:17:54.947111-04:00,2026-09-20,Evil Dead Burn,35,open
2026-09-20T22:17:54.947111-04:00,2026-09-20,H.R. Bloodengutz,75,open
2026-09-20T22:17:54.947111-04:00,2026-09-20,Hellraiser,50,open
2026-09-20T22:17:54.947111-04:00,2026-09-20,INVASION,40,open
2026-09-20T22:17:54.947111-04:00,2026-09-20,Jack & Oddfellow,40,open
2026-09-20T22:17:54.947111-04:00,2026-09-20,MADLANDS,55,open
2026-09-20T22:17:54.947111-04:00,2026-09-20,Ozzy Osbourne,75,open
2026-09-20T22:17:54.947111-04:00,2026-09-20,Sinners,95,open
2026-09-20T22:17:54.947111-04:00,2026-09-20,Stranger Things 5,35,open
2026-09-20T22:31:59.033058-04:00,2026-09-20,Cybergoria,105,open
2026-09-20T22:31:59.033058-04:00,2026-09-20,Evil Dead Burn,50,open
2026-09-20T22:31:59.033058-04:00,2026-09-20,H.R. Bloodengutz,75,open
2026-09-20T22:31:59.033058-04:00,2026-09-20,Hellraiser,40,open
2026-09-20T22:31:59.033058-04:00,2026-09-20,INVASION,40,open
2026-09-20T22:31:59.033058-04:00,2026-09-20,Jack & Oddfellow,40,open
2026-09-20T22:31:59.033058-04:00,2026-09-20,MADLANDS,40,open
2026-09-20T22:31:59.033058-04:00,2026-09-20,Ozzy Osbourne,60,open
2026-09-20T22:31:59.033058-04:00,2026-09-20,Sinners,95,open
2026-09-20T22:31:59.033058-04:00,2026-09-20,Stranger Things 5,45,open
2026-09-20T22:45:13.615864-04:00,2026-09-20,Cybergoria,70,open
2026-09-20T22:45:13.615864-04:00,2026-09-20,Evil Dead Burn,50,open
2026-09-20T22:45:13.615864-04:00,2026-09-20,H.R. Bloodengutz,75,open
2026-09-20T22:45:13.615864-04:00,2026-09-20,Hellraiser,40,open
2026-09-20T22:45:13.615864-04:00,2026-09-20,INVASION,40,open
2026-09-20T22:45:13.615864-04:00,2026-09-20,Jack & Oddfellow,50,open
2026-09-20T22:45:13.615864-04:00,2026-09-20,MADLANDS,40,open
2026-09-20T22:45:13.615864-04:00,2026-09-20,Ozzy Osbourne,60,open
2026-09-20T22:45:13.615864-04:00,2026-09-20,Sinners,95,open
2026-09-20T22:45:13.615864-04:00,2026-09-20,Stranger Things 5,45,open
2026-09-20T22:55:23.705647-04:00,2026-09-20,Cybergoria,65,open
2026-09-20T22:55:23.705647-04:00,2026-09-20,Evil Dead Burn,50,open
2026-09-20T22:55:23.705647-04:00,2026-09-20,H.R. Bloodengutz,50,open
2026-09-20T22:55:23.705647-04:00,2026-09-20,Hellraiser,40,open
2026-09-20T22:55:23.705647-04:00,2026-09-20,INVASION,35,open
2026-09-20T22:55:23.705647-04:00,2026-09-20,Jack & Oddfellow,50,open
2026-09-20T22:55:23.705647-04:00,2026-09-20,MADLANDS,35,open
2026-09-20T22:55:23.705647-04:00,2026-09-20,Ozzy Osbourne,60,open
2026-09-20T22:55:23.705647-04:00,2026-09-20,Sinners,95,open
2026-09-20T22:55:23.705647-04:00,2026-09-20,Stranger Things 5,45,open
2026-09-20T23:06:11.420393-04:00,2026-09-20,Cybergoria,60,open
2026-09-20T23:06:11.420393-04:00,2026-09-20,Evil Dead Burn,45,open
2026-09-20T23:06:11.420393-04:00,2026-09-20,H.R. Bloodengutz,50,open
2026-09-20T23:06:11.420393-04:00,2026-09-20,Hellraiser,70,open
2026-09-20T23:06:11.420393-04:00,2026-09-20,INVASION,40,open
2026-09-20T23:06:11.420393-04:00,2026-09-20,Jack & Oddfellow,50,open
2026-09-20T23:06:11.420393-04:00,2026-09-20,MADLANDS,35,open
2026-09-20T23:06:11.420393-04:00,2026-09-20,Ozzy Osbourne,60,open
2026-09-20T23:06:11.420393-04:00,2026-09-20,Sinners,95,open
2026-09-20T23:06:11.420393-04:00,2026-09-20,Stranger Things 5,35,open
2026-09-20T23:22:09.203938-04:00,2026-09-20,Cybergoria,55,open
2026-09-20T23:22:09.203938-04:00,2026-09-20,Evil Dead Burn,45,open
2026-09-20T23:22:09.203938-04:00,2026-09-20,H.R. Bloodengutz,50,open
2026-09-20T23:22:09.203938-04:00,2026-09-20,Hellraiser,70,open
2026-09-20T23:22:09.203938-04:00,2026-09-20,INVASION,40,open
2026-09-20T23:22:09.203938-04:00,2026-09-20,Jack & Oddfellow,50,open
2026-09-20T23:22:09.203938-04:00,2026-09-20,MADLANDS,35,open
2026-09-20T23:22:09.203938-04:00,2026-09-20,Ozzy Osbourne,55,open
2026-09-20T23:22:09.203938-04:00,2026-09-20,Sinners,75,open
2026-09-20T23:22:09.203938-04:00,2026-09-20,Stranger Things 5,35,open
2026-09-20T23:36:06.698571-04:00,2026-09-20,Cybergoria,65,open
2026-09-20T23:36:06.698571-04:00,2026-09-20,Evil Dead Burn,45,open
2026-09-20T23:36:06.698571-04:00,2026-09-20,H.R. Bloodengutz,50,open
2026-09-20T23:36:06.698571-04:00,2026-09-20,Hellraiser,70,open
2026-09-20T23:36:06.698571-04:00,2026-09-20,INVASION,40,open
2026-09-20T23:36:06.698571-04:00,2026-09-20,Jack & Oddfellow,30,open
2026-09-20T23:36:06.698571-04:00,2026-09-20,MADLANDS,50,open
2026-09-20T23:36:06.698571-04:00,2026-09-20,Ozzy Osbourne,65,open
2026-09-20T23:36:06.698571-04:00,2026-09-20,Sinners,75,open
2026-09-20T23:36:06.698571-04:00,2026-09-20,Stranger Things 5,35,open
2026-09-20T23:48:32.601595-04:00,2026-09-20,Cybergoria,65,open
2026-09-20T23:48:32.601595-04:00,2026-09-20,Evil Dead Burn,30,open
2026-09-20T23:48:32.601595-04:00,2026-09-20,H.R. Bloodengutz,50,open
2026-09-20T23:48:32.601595-04:00,2026-09-20,Hellraiser,55,open
2026-09-20T23:48:32.601595-04:00,2026-09-20,INVASION,35,open
2026-09-20T23:48:32.601595-04:00,2026-09-20,Jack & Oddfellow,30,open
2026-09-20T23:48:32.601595-04:00,2026-09-20,MADLANDS,50,open
2026-09-20T23:48:32.601595-04:00,2026-09-20,Ozzy Osbourne,90,open
2026-09-20T23:48:32.601595-04:00,2026-09-20,Sinners,45,open
2026-09-20T23:48:32.601595-04:00,2026-09-20,Stranger Things 5,25,open
2026-09-20T23:58:21.597663-04:00,2026-09-20,Cybergoria,65,open
2026-09-20T23:58:21.597663-04:00,2026-09-20,Evil Dead Burn,30,open
2026-09-20T23:58:21.597663-04:00,2026-09-20,H.R. Bloodengutz,50,open
2026-09-20T23:58:21.597663-04:00,2026-09-20,Hellraiser,55,open
2026-09-20T23:58:21.597663-04:00,2026-09-20,INVASION,35,open
2026-09-20T23:58:21.597663-04:00,2026-09-20,Jack & Oddfellow,30,open
2026-09-20T23:58:21.597663-04:00,2026-09-20,MADLANDS,50,open
2026-09-20T23:58:21.597663-04:00,2026-09-20,Ozzy Osbourne,90,open
2026-09-20T23:58:21.597663-04:00,2026-09-20,Sinners,55,open
2026-09-20T23:58:21.597663-04:00,2026-09-20,Stranger Things 5,25,open
2026-09-21T00:12:28.350990-04:00,2026-09-20,Cybergoria,30,open
2026-09-21T00:12:28.350990-04:00,2026-09-20,Evil Dead Burn,30,open
2026-09-21T00:12:28.350990-04:00,2026-09-20,H.R. Bloodengutz,50,open
2026-09-21T00:12:28.350990-04:00,2026-09-20,Hellraiser,25,open
2026-09-21T00:12:28.350990-04:00,2026-09-20,INVASION,20,open
2026-09-21T00:12:28.350990-04:00,2026-09-20,Jack & Oddfellow,50,open
2026-09-21T00:12:28.350990-04:00,2026-09-20,MADLANDS,30,open
2026-09-21T00:12:28.350990-04:00,2026-09-20,Ozzy Osbourne,90,open
2026-09-21T00:12:28.350990-04:00,2026-09-20,Sinners,55,open
2026-09-21T00:12:28.350990-04:00,2026-09-20,Stranger Things 5,15,open
2026-09-21T00:27:38.084926-04:00,2026-09-20,Cybergoria,45,open
2026-09-21T00:27:38.084926-04:00,2026-09-20,Evil Dead Burn,30,open
2026-09-21T00:27:38.084926-04:00,2026-09-20,H.R. Bloodengutz,40,open
2026-09-21T00:27:38.084926-04:00,2026-09-20,Hellraiser,15,open
2026-09-21T00:27:38.084926-04:00,2026-09-20,INVASION,20,open
2026-09-21T00:27:38.084926-04:00,2026-09-20,Jack & Oddfellow,50,open
2026-09-21T00:27:38.084926-04:00,2026-09-20,MADLANDS,20,open
2026-09-21T00:27:38.084926-04:00,2026-09-20,Ozzy Osbourne,70,open
2026-09-21T00:27:38.084926-04:00,2026-09-20,Sinners,55,open
2026-09-21T00:27:38.084926-04:00,2026-09-20,Stranger Things 5,20,open
2026-09-21T00:42:17.881684-04:00,2026-09-20,Cybergoria,45,open
2026-09-21T00:42:17.881684-04:00,2026-09-20,Evil Dead Burn,30,open
2026-09-21T00:42:17.881684-04:00,2026-09-20,H.R. Bloodengutz,40,open
2026-09-21T00:42:17.881684-04:00,2026-09-20,Hellraiser,25,open
2026-09-21T00:42:17.881684-04:00,2026-09-20,INVASION,20,open
2026-09-21T00:42:17.881684-04:00,2026-09-20,Jack & Oddfellow,50,open
2026-09-21T00:42:17.881684-04:00,2026-09-20,MADLANDS,20,open
2026-09-21T00:42:17.881684-04:00,2026-09-20,Ozzy Osbourne,50,open
2026-09-21T00:42:17.881684-04:00,2026-09-20,Sinners,40,open
2026-09-21T00:42:17.881684-04:00,2026-09-20,Stranger Things 5,20,open
2026-09-21T00:53:46.304934-04:00,2026-09-20,Cybergoria,45,open
2026-09-21T00:53:46.304934-04:00,2026-09-20,Evil Dead Burn,20,open
2026-09-21T00:53:46.304934-04:00,2026-09-20,H.R. Bloodengutz,15,open
2026-09-21T00:53:46.304934-04:00,2026-09-20,Hellraiser,35,open
2026-09-21T00:53:46.304934-04:00,2026-09-20,INVASION,20,open
2026-09-21T00:53:46.304934-04:00,2026-09-20,Jack & Oddfellow,35,open
2026-09-21T00:53:46.304934-04:00,2026-09-20,MADLANDS,20,open
2026-09-21T00:53:46.304934-04:00,2026-09-20,Ozzy Osbourne,30,open
2026-09-21T00:53:46.304934-04:00,2026-09-20,Sinners,40,open
2026-09-21T00:53:46.304934-04:00,2026-09-20,Stranger Things 5,25,open
2026-09-21T01:03:32.902489-04:00,2026-09-20,Cybergoria,35,open
2026-09-21T01:03:32.902489-04:00,2026-09-20,Evil Dead Burn,15,open
2026-09-21T01:03:32.902489-04:00,2026-09-20,H.R. Bloodengutz,15,open
2026-09-21T01:03:32.902489-04:00,2026-09-20,Hellraiser,35,open
2026-09-21T01:03:32.902489-04:00,2026-09-20,INVASION,20,open
2026-09-21T01:03:32.902489-04:00,2026-09-20,Jack & Oddfellow,35,open
2026-09-21T01:03:32.902489-04:00,2026-09-20,MADLANDS,20,open
2026-09-21T01:03:32.902489-04:00,2026-09-20,Ozzy Osbourne,30,open
2026-09-21T01:03:32.902489-04:00,2026-09-20,Sinners,40,open
2026-09-21T01:03:32.902489-04:00,2026-09-20,Stranger Things 5,25,open
2026-09-21T01:19:15.632585-04:00,2026-09-20,Cybergoria,40,open
2026-09-21T01:19:15.632585-04:00,2026-09-20,Evil Dead Burn,15,open
2026-09-21T01:19:15.632585-04:00,2026-09-20,H.R. Bloodengutz,30,open
2026-09-21T01:19:15.632585-04:00,2026-09-20,Hellraiser,20,open
2026-09-21T01:19:15.632585-04:00,2026-09-20,INVASION,20,open
2026-09-21T01:19:15.632585-04:00,2026-09-20,Jack & Oddfellow,20,open
2026-09-21T01:19:15.632585-04:00,2026-09-20,MADLANDS,20,open
2026-09-21T01:19:15.632585-04:00,2026-09-20,Ozzy Osbourne,55,open
2026-09-21T01:19:15.632585-04:00,2026-09-20,Sinners,40,open
2026-09-21T01:19:15.632585-04:00,2026-09-20,Stranger Things 5,15,open
2026-09-21T01:32:28.766265-04:00,2026-09-20,Cybergoria,40,open
2026-09-21T01:32:28.766265-04:00,2026-09-20,Evil Dead Burn,20,open
2026-09-21T01:32:28.766265-04:00,2026-09-20,H.R. Bloodengutz,30,open
2026-09-21T01:32:28.766265-04:00,2026-09-20,Hellraiser,10,open
2026-09-21T01:32:28.766265-04:00,2026-09-20,INVASION,20,open
2026-09-21T01:32:28.766265-04:00,2026-09-20,Jack & Oddfellow,20,open
2026-09-21T01:32:28.766265-04:00,2026-09-20,MADLANDS,10,open
2026-09-21T01:32:28.766265-04:00,2026-09-20,Ozzy Osbourne,60,open
2026-09-21T01:32:28.766265-04:00,2026-09-20,Sinners,35,open
2026-09-21T01:32:28.766265-04:00,2026-09-20,Stranger Things 5,5,open
2026-09-21T01:45:08.463484-04:00,2026-09-20,Cybergoria,30,open
2026-09-21T01:45:08.463484-04:00,2026-09-20,Evil Dead Burn,20,open
2026-09-21T01:45:08.463484-04:00,2026-09-20,H.R. Bloodengutz,30,open
2026-09-21T01:45:08.463484-04:00,2026-09-20,Hellraiser,10,open
2026-09-21T01:45:08.463484-04:00,2026-09-20,INVASION,5,open
2026-09-21T01:45:08.463484-04:00,2026-09-20,Jack & Oddfellow,20,open
2026-09-21T01:45:08.463484-04:00,2026-09-20,MADLANDS,10,open
2026-09-21T01:45:08.463484-04:00,2026-09-20,Ozzy Osbourne,60,open
2026-09-21T01:45:08.463484-04:00,2026-09-20,Sinners,35,open
2026-09-21T01:45:08.463484-04:00,2026-09-20,Stranger Things 5,5,open
2026-09-21T01:55:27.670160-04:00,2026-09-20,Cybergoria,15,open
2026-09-21T01:55:27.670160-04:00,2026-09-20,Evil Dead Burn,10,open
2026-09-21T01:55:27.670160-04:00,2026-09-20,H.R. Bloodengutz,10,open
2026-09-21T01:55:27.670160-04:00,2026-09-20,Hellraiser,10,open
2026-09-21T01:55:27.670160-04:00,2026-09-20,INVASION,5,open
2026-09-21T01:55:27.670160-04:00,2026-09-20,Jack & Oddfellow,25,open
2026-09-21T01:55:27.670160-04:00,2026-09-20,MADLANDS,10,open
2026-09-21T01:55:27.670160-04:00,2026-09-20,Ozzy Osbourne,60,open
2026-09-21T01:55:27.670160-04:00,2026-09-20,Sinners,10,open
2026-09-21T01:55:27.670160-04:00,2026-09-20,Stranger Things 5,5,open
2026-09-21T02:08:42.900611-04:00,2026-09-20,Cybergoria,0,closed
2026-09-21T02:08:42.900611-04:00,2026-09-20,Evil Dead Burn,0,closed
2026-09-21T02:08:42.900611-04:00,2026-09-20,H.R. Bloodengutz,0,closed
2026-09-21T02:08:42.900611-04:00,2026-09-20,Hellraiser,0,closed
2026-09-21T02:08:42.900611-04:00,2026-09-20,INVASION,0,closed
2026-09-21T02:08:42.900611-04:00,2026-09-20,Jack & Oddfellow,0,closed
2026-09-21T02:08:42.900611-04:00,2026-09-20,MADLANDS,0,closed
2026-09-21T02:08:42.900611-04:00,2026-09-20,Ozzy Osbourne,0,closed
2026-09-21T02:08:42.900611-04:00,2026-09-20,Sinners,0,closed
2026-09-21T02:08:42.900611-04:00,2026-09-20,Stranger Things 5,0,closed
2026-09-21T02:30:20.851201-04:00,2026-09-20,Cybergoria,0,closed
2026-09-21T02:30:20.851201-04:00,2026-09-20,Evil Dead Burn,0,closed
2026-09-21T02:30:20.851201-04:00,2026-09-20,H.R. Bloodengutz,0,closed
2026-09-21T02:30:20.851201-04:00,2026-09-20,Hellraiser,0,closed
2026-09-21T02:30:20.851201-04:00,2026-09-20,INVASION,0,closed
2026-09-21T02:30:20.851201-04:00,2026-09-20,Jack & Oddfellow,0,closed
2026-09-21T02:30:20.851201-04:00,2026-09-20,MADLANDS,0,closed
2026-09-21T02:30:20.851201-04:00,2026-09-20,Ozzy Osbourne,0,closed
2026-09-21T02:30:20.851201-04:00,2026-09-20,Sinners,0,closed
2026-09-21T02:30:20.851201-04:00,2026-09-20,Stranger Things 5,0,closed
2026-09-21T02:49:46.356775-04:00,2026-09-20,Cybergoria,0,closed
2026-09-21T02:49:46.356775-04:00,2026-09-20,Evil Dead Burn,0,closed
2026-09-21T02:49:46.356775-04:00,2026-09-20,H.R. Bloodengutz,0,closed
2026-09-21T02:49:46.356775-04:00,2026-09-20,Hellraiser,0,closed
2026-09-21T02:49:46.356775-04:00,2026-09-20,INVASION,0,closed
2026-09-21T02:49:46.356775-04:00,2026-09-20,Jack & Oddfellow,0,closed
2026-09-21T02:49:46.356775-04:00,2026-09-20,MADLANDS,0,closed
2026-09-21T02:49:46.356775-04:00,2026-09-20,Ozzy Osbourne,0,closed
2026-09-21T02:49:46.356775-04:00,2026-09-20,Sinners,0,closed
2026-09-21T02:49:46.356775-04:00,2026-09-20,Stranger Things 5,0,closed
2026-09-23T14:00:49.594023-04:00,2026-09-23,Cybergoria,0,closed
2026-09-23T14:00:49.594023-04:00,2026-09-23,Evil Dead Burn,0,closed
2026-09-23T14:00:49.594023-04:00,2026-09-23,H.R. Bloodengutz,0,closed
2026-09-23T14:00:49.594023-04:00,2026-09-23,Hellraiser,0,closed
2026-09-23T14:00:49.594023-04:00,2026-09-23,INVASION,0,closed
2026-09-23T14:00:49.594023-04:00,2026-09-23,Jack & Oddfellow,0,closed
2026-09-23T14:00:49.594023-04:00,2026-09-23,MADLANDS,0,closed
2026-09-23T14:00:49.594023-04:00,2026-09-23,Ozzy Osbourne,0,closed
2026-09-23T14:00:49.594023-04:00,2026-09-23,Sinners,0,closed
2026-09-23T14:00:49.594023-04:00,2026-09-23,Stranger Things 5,0,closed
2026-09-23T14:21:27.018111-04:00,2026-09-23,Cybergoria,0,closed
2026-09-23T14:21:27.018111-04:00,2026-09-23,Evil Dead Burn,0,closed
2026-09-23T14:21:27.018111-04:00,2026-09-23,H.R. Bloodengutz,0,closed
2026-09-23T14:21:27.018111-04:00,2026-09-23,Hellraiser,25,open
2026-09-23T14:21:27.018111-04:00,2026-09-23,INVASION,0,closed
2026-09-23T14:21:27.018111-04:00,2026-09-23,Jack & Oddfellow,45,open
2026-09-23T14:21:27.018111-04:00,2026-09-23,MADLANDS,0,closed
2026-09-23T14:21:27.018111-04:00,2026-09-23,Ozzy Osbourne,0,closed
2026-09-23T14:21:27.018111-04:00,2026-09-23,Sinners,0,closed
2026-09-23T14:21:27.018111-04:00,2026-09-23,Stranger Things 5,60,open
2026-09-23T14:36:35.341088-04:00,2026-09-23,Cybergoria,0,closed
2026-09-23T14:36:35.341088-04:00,2026-09-23,Evil Dead Burn,0,closed
2026-09-23T14:36:35.341088-04:00,2026-09-23,H.R. Bloodengutz,0,closed
2026-09-23T14:36:35.341088-04:00,2026-09-23,Hellraiser,25,open
2026-09-23T14:36:35.341088-04:00,2026-09-23,INVASION,0,closed
2026-09-23T14:36:35.341088-04:00,2026-09-23,Jack & Oddfellow,35,open
2026-09-23T14:36:35.341088-04:00,2026-09-23,MADLANDS,0,closed
2026-09-23T14:36:35.341088-04:00,2026-09-23,Ozzy Osbourne,0,closed
2026-09-23T14:36:35.341088-04:00,2026-09-23,Sinners,0,closed
2026-09-23T14:36:35.341088-04:00,2026-09-23,Stranger Things 5,60,open
2026-09-23T14:49:05.270959-04:00,2026-09-23,Cybergoria,0,closed
2026-09-23T14:49:05.270959-04:00,2026-09-23,Evil Dead Burn,0,closed
2026-09-23T14:49:05.270959-04:00,2026-09-23,H.R. Bloodengutz,0,closed
2026-09-23T14:49:05.270959-04:00,2026-09-23,Hellraiser,25,open
2026-09-23T14:49:05.270959-04:00,2026-09-23,INVASION,0,closed
2026-09-23T14:49:05.270959-04:00,2026-09-23,Jack & Oddfellow,40,open
2026-09-23T14:49:05.270959-04:00,2026-09-23,MADLANDS,0,closed
2026-09-23T14:49:05.270959-04:00,2026-09-23,Ozzy Osbourne,0,closed
2026-09-23T14:49:05.270959-04:00,2026-09-23,Sinners,0,closed
2026-09-23T14:49:05.270959-04:00,2026-09-23,Stranger Things 5,60,open
2026-09-23T14:58:56.884987-04:00,2026-09-23,Cybergoria,0,closed
2026-09-23T14:58:56.884987-04:00,2026-09-23,Evil Dead Burn,0,closed
2026-09-23T14:58:56.884987-04:00,2026-09-23,H.R. Bloodengutz,0,closed
2026-09-23T14:58:56.884987-04:00,2026-09-23,Hellraiser,25,open
2026-09-23T14:58:56.884987-04:00,2026-09-23,INVASION,0,closed
2026-09-23T14:58:56.884987-04:00,2026-09-23,Jack & Oddfellow,55,open
2026-09-23T14:58:56.884987-04:00,2026-09-23,MADLANDS,0,closed
2026-09-23T14:58:56.884987-04:00,2026-09-23,Ozzy Osbourne,0,closed
2026-09-23T14:58:56.884987-04:00,2026-09-23,Sinners,0,closed
2026-09-23T14:58:56.884987-04:00,2026-09-23,Stranger Things 5,50,open
2026-09-23T15:11:15.984885-04:00,2026-09-23,Cybergoria,0,closed
2026-09-23T15:11:15.984885-04:00,2026-09-23,Evil Dead Burn,0,closed
2026-09-23T15:11:15.984885-04:00,2026-09-23,H.R. Bloodengutz,0,closed
2026-09-23T15:11:15.984885-04:00,2026-09-23,Hellraiser,25,open
2026-09-23T15:11:15.984885-04:00,2026-09-23,INVASION,0,closed
2026-09-23T15:11:15.984885-04:00,2026-09-23,Jack & Oddfellow,55,open
2026-09-23T15:11:15.984885-04:00,2026-09-23,MADLANDS,0,closed
2026-09-23T15:11:15.984885-04:00,2026-09-23,Ozzy Osbourne,0,closed
2026-09-23T15:11:15.984885-04:00,2026-09-23,Sinners,0,closed
2026-09-23T15:11:15.984885-04:00,2026-09-23,Stranger Things 5,50,open
2026-09-23T15:24:22.537947-04:00,2026-09-23,Cybergoria,0,closed
2026-09-23T15:24:22.537947-04:00,2026-09-23,Evil Dead Burn,0,closed
2026-09-23T15:24:22.537947-04:00,2026-09-23,H.R. Bloodengutz,0,closed
2026-09-23T15:24:22.537947-04:00,2026-09-23,Hellraiser,45,open
2026-09-23T15:24:22.537947-04:00,2026-09-23,INVASION,0,closed
2026-09-23T15:24:22.537947-04:00,2026-09-23,Jack & Oddfellow,55,open
2026-09-23T15:24:22.537947-04:00,2026-09-23,MADLANDS,0,closed
2026-09-23T15:24:22.537947-04:00,2026-09-23,Ozzy Osbourne,0,closed
2026-09-23T15:24:22.537947-04:00,2026-09-23,Sinners,0,closed
2026-09-23T15:24:22.537947-04:00,2026-09-23,Stranger Things 5,50,open
2026-09-23T15:36:00.006180-04:00,2026-09-23,Cybergoria,0,closed
2026-09-23T15:36:00.006180-04:00,2026-09-23,Evil Dead Burn,0,closed
2026-09-23T15:36:00.006180-04:00,2026-09-23,H.R. Bloodengutz,0,closed
2026-09-23T15:36:00.006180-04:00,2026-09-23,Hellraiser,75,open
2026-09-23T15:36:00.006180-04:00,2026-09-23,INVASION,0,closed
2026-09-23T15:36:00.006180-04:00,2026-09-23,Jack & Oddfellow,55,open
2026-09-23T15:36:00.006180-04:00,2026-09-23,MADLANDS,0,closed
2026-09-23T15:36:00.006180-04:00,2026-09-23,Ozzy Osbourne,0,closed
2026-09-23T15:36:00.006180-04:00,2026-09-23,Sinners,0,closed
2026-09-23T15:36:00.006180-04:00,2026-09-23,Stranger Things 5,50,open
2026-09-23T15:46:35.171441-04:00,2026-09-23,Cybergoria,0,closed
2026-09-23T15:46:35.171441-04:00,2026-09-23,Evil Dead Burn,0,closed
2026-09-23T15:46:35.171441-04:00,2026-09-23,H.R. Bloodengutz,0,closed
2026-09-23T15:46:35.171441-04:00,2026-09-23,Hellraiser,75,open
2026-09-23T15:46:35.171441-04:00,2026-09-23,INVASION,0,closed
2026-09-23T15:46:35.171441-04:00,2026-09-23,Jack & Oddfellow,45,open
2026-09-23T15:46:35.171441-04:00,2026-09-23,MADLANDS,0,closed
2026-09-23T15:46:35.171441-04:00,2026-09-23,Ozzy Osbourne,0,closed
2026-09-23T15:46:35.171441-04:00,2026-09-23,Sinners,0,closed
2026-09-23T15:46:35.171441-04:00,2026-09-23,Stranger Things 5,25,open
2026-09-23T15:55:16.618781-04:00,2026-09-23,Cybergoria,0,closed
2026-09-23T15:55:16.618781-04:00,2026-09-23,Evil Dead Burn,0,closed
2026-09-23T15:55:16.618781-04:00,2026-09-23,H.R. Bloodengutz,0,closed
2026-09-23T15:55:16.618781-04:00,2026-09-23,Hellraiser,60,open
2026-09-23T15:55:16.618781-04:00,2026-09-23,INVASION,0,closed
2026-09-23T15:55:16.618781-04:00,2026-09-23,Jack & Oddfellow,35,open
2026-09-23T15:55:16.618781-04:00,2026-09-23,MADLANDS,0,closed
2026-09-23T15:55:16.618781-04:00,2026-09-23,Ozzy Osbourne,0,closed
2026-09-23T15:55:16.618781-04:00,2026-09-23,Sinners,0,closed
2026-09-23T15:55:16.618781-04:00,2026-09-23,Stranger Things 5,25,open
2026-09-23T16:06:42.065438-04:00,2026-09-23,Cybergoria,0,closed
2026-09-23T16:06:42.065438-04:00,2026-09-23,Evil Dead Burn,0,closed
2026-09-23T16:06:42.065438-04:00,2026-09-23,H.R. Bloodengutz,0,closed
2026-09-23T16:06:42.065438-04:00,2026-09-23,Hellraiser,45,open
2026-09-23T16:06:42.065438-04:00,2026-09-23,INVASION,0,closed
2026-09-23T16:06:42.065438-04:00,2026-09-23,Jack & Oddfellow,35,open
2026-09-23T16:06:42.065438-04:00,2026-09-23,MADLANDS,0,closed
2026-09-23T16:06:42.065438-04:00,2026-09-23,Ozzy Osbourne,0,closed
2026-09-23T16:06:42.065438-04:00,2026-09-23,Sinners,0,closed
2026-09-23T16:06:42.065438-04:00,2026-09-23,Stranger Things 5,45,open
2026-09-23T16:22:19.411339-04:00,2026-09-23,Cybergoria,0,closed
2026-09-23T16:22:19.411339-04:00,2026-09-23,Evil Dead Burn,0,closed
2026-09-23T16:22:19.411339-04:00,2026-09-23,H.R. Bloodengutz,0,closed
2026-09-23T16:22:19.411339-04:00,2026-09-23,Hellraiser,35,open
2026-09-23T16:22:19.411339-04:00,2026-09-23,INVASION,0,closed
2026-09-23T16:22:19.411339-04:00,2026-09-23,Jack & Oddfellow,35,open
2026-09-23T16:22:19.411339-04:00,2026-09-23,MADLANDS,0,closed
2026-09-23T16:22:19.411339-04:00,2026-09-23,Ozzy Osbourne,0,closed
2026-09-23T16:22:19.411339-04:00,2026-09-23,Sinners,0,closed
2026-09-23T16:22:19.411339-04:00,2026-09-23,Stranger Things 5,35,open
2026-09-23T16:33:43.715522-04:00,2026-09-23,Cybergoria,0,closed
2026-09-23T16:33:43.715522-04:00,2026-09-23,Evil Dead Burn,0,closed
2026-09-23T16:33:43.715522-04:00,2026-09-23,H.R. Bloodengutz,0,closed
2026-09-23T16:33:43.715522-04:00,2026-09-23,Hellraiser,35,open
2026-09-23T16:33:43.715522-04:00,2026-09-23,INVASION,0,closed
2026-09-23T16:33:43.715522-04:00,2026-09-23,Jack & Oddfellow,35,open
2026-09-23T16:33:43.715522-04:00,2026-09-23,MADLANDS,0,closed
2026-09-23T16:33:43.715522-04:00,2026-09-23,Ozzy Osbourne,0,closed
2026-09-23T16:33:43.715522-04:00,2026-09-23,Sinners,0,closed
2026-09-23T16:33:43.715522-04:00,2026-09-23,Stranger Things 5,35,open
2026-09-23T16:44:41.671296-04:00,2026-09-23,Cybergoria,0,closed
2026-09-23T16:44:41.671296-04:00,2026-09-23,Evil Dead Burn,0,closed
2026-09-23T16:44:41.671296-04:00,2026-09-23,H.R. Bloodengutz,0,closed
2026-09-23T16:44:41.671296-04:00,2026-09-23,Hellraiser,35,open
2026-09-23T16:44:41.671296-04:00,2026-09-23,INVASION,0,closed
2026-09-23T16:44:41.671296-04:00,2026-09-23,Jack & Oddfellow,35,open
2026-09-23T16:44:41.671296-04:00,2026-09-23,MADLANDS,0,closed
2026-09-23T16:44:41.671296-04:00,2026-09-23,Ozzy Osbourne,0,closed
2026-09-23T16:44:41.671296-04:00,2026-09-23,Sinners,0,closed
2026-09-23T16:44:41.671296-04:00,2026-09-23,Stranger Things 5,35,open
2026-09-23T16:53:18.864132-04:00,2026-09-23,Cybergoria,0,closed
2026-09-23T16:53:18.864132-04:00,2026-09-23,Evil Dead Burn,0,closed
2026-09-23T16:53:18.864132-04:00,2026-09-23,H.R. Bloodengutz,0,closed
2026-09-23T16:53:18.864132-04:00,2026-09-23,Hellraiser,25,open
2026-09-23T16:53:18.864132-04:00,2026-09-23,INVASION,0,closed
2026-09-23T16:53:18.864132-04:00,2026-09-23,Jack & Oddfellow,35,open
2026-09-23T16:53:18.864132-04:00,2026-09-23,MADLANDS,0,closed
2026-09-23T16:53:18.864132-04:00,2026-09-23,Ozzy Osbourne,0,closed
2026-09-23T16:53:18.864132-04:00,2026-09-23,Sinners,0,closed
2026-09-23T16:53:18.864132-04:00,2026-09-23,Stranger Things 5,30,open
2026-09-23T17:02:23.664548-04:00,2026-09-23,Cybergoria,0,closed
2026-09-23T17:02:23.664548-04:00,2026-09-23,Evil Dead Burn,0,closed
2026-09-23T17:02:23.664548-04:00,2026-09-23,H.R. Bloodengutz,0,closed
2026-09-23T17:02:23.664548-04:00,2026-09-23,Hellraiser,25,open
2026-09-23T17:02:23.664548-04:00,2026-09-23,INVASION,0,closed
2026-09-23T17:02:23.664548-04:00,2026-09-23,Jack & Oddfellow,35,open
2026-09-23T17:02:23.664548-04:00,2026-09-23,MADLANDS,0,closed
2026-09-23T17:02:23.664548-04:00,2026-09-23,Ozzy Osbourne,0,closed
2026-09-23T17:02:23.664548-04:00,2026-09-23,Sinners,0,closed
2026-09-23T17:02:23.664548-04:00,2026-09-23,Stranger Things 5,30,open
2026-09-23T17:18:20.422285-04:00,2026-09-23,Cybergoria,0,closed
2026-09-23T17:18:20.422285-04:00,2026-09-23,Evil Dead Burn,0,closed
2026-09-23T17:18:20.422285-04:00,2026-09-23,H.R. Bloodengutz,0,closed
2026-09-23T17:18:20.422285-04:00,2026-09-23,Hellraiser,25,open
2026-09-23T17:18:20.422285-04:00,2026-09-23,INVASION,0,closed
2026-09-23T17:18:20.422285-04:00,2026-09-23,Jack & Oddfellow,35,open
2026-09-23T17:18:20.422285-04:00,2026-09-23,MADLANDS,0,closed
2026-09-23T17:18:20.422285-04:00,2026-09-23,Ozzy Osbourne,0,closed
2026-09-23T17:18:20.422285-04:00,2026-09-23,Sinners,0,closed
2026-09-23T17:18:20.422285-04:00,2026-09-23,Stranger Things 5,25,open
2026-09-23T17:30:43.342022-04:00,2026-09-23,Cybergoria,0,closed
2026-09-23T17:30:43.342022-04:00,2026-09-23,Evil Dead Burn,0,closed
2026-09-23T17:30:43.342022-04:00,2026-09-23,H.R. Bloodengutz,0,closed
2026-09-23T17:30:43.342022-04:00,2026-09-23,Hellraiser,15,open
2026-09-23T17:30:43.342022-04:00,2026-09-23,INVASION,0,closed
2026-09-23T17:30:43.342022-04:00,2026-09-23,Jack & Oddfellow,30,open
2026-09-23T17:30:43.342022-04:00,2026-09-23,MADLANDS,0,closed
2026-09-23T17:30:43.342022-04:00,2026-09-23,Ozzy Osbourne,125,open
2026-09-23T17:30:43.342022-04:00,2026-09-23,Sinners,100,open
2026-09-23T17:30:43.342022-04:00,2026-09-23,Stranger Things 5,25,open
2026-09-23T17:42:32.853158-04:00,2026-09-23,Cybergoria,15,open
2026-09-23T17:42:32.853158-04:00,2026-09-23,Evil Dead Burn,0,closed
2026-09-23T17:42:32.853158-04:00,2026-09-23,H.R. Bloodengutz,0,closed
2026-09-23T17:42:32.853158-04:00,2026-09-23,Hellraiser,15,open
2026-09-23T17:42:32.853158-04:00,2026-09-23,INVASION,0,closed
2026-09-23T17:42:32.853158-04:00,2026-09-23,Jack & Oddfellow,30,open
2026-09-23T17:42:32.853158-04:00,2026-09-23,MADLANDS,0,closed
2026-09-23T17:42:32.853158-04:00,2026-09-23,Ozzy Osbourne,110,open
2026-09-23T17:42:32.853158-04:00,2026-09-23,Sinners,90,open
2026-09-23T17:42:32.853158-04:00,2026-09-23,Stranger Things 5,10,open
2026-09-23T17:51:05.625752-04:00,2026-09-23,Cybergoria,25,open
2026-09-23T17:51:05.625752-04:00,2026-09-23,Evil Dead Burn,70,open
2026-09-23T17:51:05.625752-04:00,2026-09-23,H.R. Bloodengutz,0,closed
2026-09-23T17:51:05.625752-04:00,2026-09-23,Hellraiser,5,open
2026-09-23T17:51:05.625752-04:00,2026-09-23,INVASION,0,closed
2026-09-23T17:51:05.625752-04:00,2026-09-23,Jack & Oddfellow,30,open
2026-09-23T17:51:05.625752-04:00,2026-09-23,MADLANDS,0,closed
2026-09-23T17:51:05.625752-04:00,2026-09-23,Ozzy Osbourne,110,open
2026-09-23T17:51:05.625752-04:00,2026-09-23,Sinners,90,open
2026-09-23T17:51:05.625752-04:00,2026-09-23,Stranger Things 5,10,open
2026-09-23T17:58:55.010903-04:00,2026-09-23,Cybergoria,20,open
2026-09-23T17:58:55.010903-04:00,2026-09-23,Evil Dead Burn,35,open
2026-09-23T17:58:55.010903-04:00,2026-09-23,H.R. Bloodengutz,50,open
2026-09-23T17:58:55.010903-04:00,2026-09-23,Hellraiser,5,open
2026-09-23T17:58:55.010903-04:00,2026-09-23,INVASION,0,closed
2026-09-23T17:58:55.010903-04:00,2026-09-23,Jack & Oddfellow,25,open
2026-09-23T17:58:55.010903-04:00,2026-09-23,MADLANDS,0,closed
2026-09-23T17:58:55.010903-04:00,2026-09-23,Ozzy Osbourne,110,open
2026-09-23T17:58:55.010903-04:00,2026-09-23,Sinners,90,open
2026-09-23T17:58:55.010903-04:00,2026-09-23,Stranger Things 5,5,open
2026-09-23T18:13:22.437341-04:00,2026-09-23,Cybergoria,40,open
2026-09-23T18:13:22.437341-04:00,2026-09-23,Evil Dead Burn,35,open
2026-09-23T18:13:22.437341-04:00,2026-09-23,H.R. Bloodengutz,50,open
2026-09-23T18:13:22.437341-04:00,2026-09-23,Hellraiser,10,open
2026-09-23T18:13:22.437341-04:00,2026-09-23,INVASION,10,open
2026-09-23T18:13:22.437341-04:00,2026-09-23,Jack & Oddfellow,10,open
2026-09-23T18:13:22.437341-04:00,2026-09-23,MADLANDS,25,open
2026-09-23T18:13:22.437341-04:00,2026-09-23,Ozzy Osbourne,85,open
2026-09-23T18:13:22.437341-04:00,2026-09-23,Sinners,85,open
2026-09-23T18:13:22.437341-04:00,2026-09-23,Stranger Things 5,10,open
2026-09-23T18:25:46.033645-04:00,2026-09-23,Cybergoria,35,open
2026-09-23T18:25:46.033645-04:00,2026-09-23,Evil Dead Burn,25,open
2026-09-23T18:25:46.033645-04:00,2026-09-23,H.R. Bloodengutz,50,open
2026-09-23T18:25:46.033645-04:00,2026-09-23,Hellraiser,10,open
2026-09-23T18:25:46.033645-04:00,2026-09-23,INVASION,25,open
2026-09-23T18:25:46.033645-04:00,2026-09-23,Jack & Oddfellow,25,open
2026-09-23T18:25:46.033645-04:00,2026-09-23,MADLANDS,50,open
2026-09-23T18:25:46.033645-04:00,2026-09-23,Ozzy Osbourne,85,open
2026-09-23T18:25:46.033645-04:00,2026-09-23,Sinners,85,open
2026-09-23T18:25:46.033645-04:00,2026-09-23,Stranger Things 5,20,open
2026-09-23T18:37:02.271316-04:00,2026-09-23,Cybergoria,35,open
2026-09-23T18:37:02.271316-04:00,2026-09-23,Evil Dead Burn,25,open
2026-09-23T18:37:02.271316-04:00,2026-09-23,H.R. Bloodengutz,30,open
2026-09-23T18:37:02.271316-04:00,2026-09-23,Hellraiser,10,open
2026-09-23T18:37:02.271316-04:00,2026-09-23,INVASION,40,open
2026-09-23T18:37:02.271316-04:00,2026-09-23,Jack & Oddfellow,35,open
2026-09-23T18:37:02.271316-04:00,2026-09-23,MADLANDS,50,open
2026-09-23T18:37:02.271316-04:00,2026-09-23,Ozzy Osbourne,85,open
2026-09-23T18:37:02.271316-04:00,2026-09-23,Sinners,85,open
2026-09-23T18:37:02.271316-04:00,2026-09-23,Stranger Things 5,30,open
2026-09-23T18:46:01.879946-04:00,2026-09-23,Cybergoria,50,open
2026-09-23T18:46:01.879946-04:00,2026-09-23,Evil Dead Burn,25,open
2026-09-23T18:46:01.879946-04:00,2026-09-23,H.R. Bloodengutz,45,open
2026-09-23T18:46:01.879946-04:00,2026-09-23,Hellraiser,20,open
2026-09-23T18:46:01.879946-04:00,2026-09-23,INVASION,50,open
2026-09-23T18:46:01.879946-04:00,2026-09-23,Jack & Oddfellow,35,open
2026-09-23T18:46:01.879946-04:00,2026-09-23,MADLANDS,40,open
2026-09-23T18:46:01.879946-04:00,2026-09-23,Ozzy Osbourne,85,open
2026-09-23T18:46:01.879946-04:00,2026-09-23,Sinners,85,open
2026-09-23T18:46:01.879946-04:00,2026-09-23,Stranger Things 5,40,open
2026-09-23T18:54:01.381975-04:00,2026-09-23,Cybergoria,40,open
2026-09-23T18:54:01.381975-04:00,2026-09-23,Evil Dead Burn,25,open
2026-09-23T18:54:01.381975-04:00,2026-09-23,H.R. Bloodengutz,70,open
2026-09-23T18:54:01.381975-04:00,2026-09-23,Hellraiser,40,open
2026-09-23T18:54:01.381975-04:00,2026-09-23,INVASION,50,open
2026-09-23T18:54:01.381975-04:00,2026-09-23,Jack & Oddfellow,35,open
2026-09-23T18:54:01.381975-04:00,2026-09-23,MADLANDS,40,open
2026-09-23T18:54:01.381975-04:00,2026-09-23,Ozzy Osbourne,60,open
2026-09-23T18:54:01.381975-04:00,2026-09-23,Sinners,85,open
2026-09-23T18:54:01.381975-04:00,2026-09-23,Stranger Things 5,40,open
2026-09-23T19:02:54.842902-04:00,2026-09-23,Cybergoria,40,open
2026-09-23T19:02:54.842902-04:00,2026-09-23,Evil Dead Burn,75,open
2026-09-23T19:02:54.842902-04:00,2026-09-23,H.R. Bloodengutz,80,open
2026-09-23T19:02:54.842902-04:00,2026-09-23,Hellraiser,40,open
2026-09-23T19:02:54.842902-04:00,2026-09-23,INVASION,50,open
2026-09-23T19:02:54.842902-04:00,2026-09-23,Jack & Oddfellow,35,open
2026-09-23T19:02:54.842902-04:00,2026-09-23,MADLANDS,50,open
2026-09-23T19:02:54.842902-04:00,2026-09-23,Ozzy Osbourne,60,open
2026-09-23T19:02:54.842902-04:00,2026-09-23,Sinners,85,open
2026-09-23T19:02:54.842902-04:00,2026-09-23,Stranger Things 5,30,open
2026-09-23T19:15:31.396550-04:00,2026-09-23,Cybergoria,55,open
2026-09-23T19:15:31.396550-04:00,2026-09-23,Evil Dead Burn,75,open
2026-09-23T19:15:31.396550-04:00,2026-09-23,H.R. Bloodengutz,80,open
2026-09-23T19:15:31.396550-04:00,2026-09-23,Hellraiser,50,open
2026-09-23T19:15:31.396550-04:00,2026-09-23,INVASION,50,open
2026-09-23T19:15:31.396550-04:00,2026-09-23,Jack & Oddfellow,50,open
2026-09-23T19:15:31.396550-04:00,2026-09-23,MADLANDS,45,open
2026-09-23T19:15:31.396550-04:00,2026-09-23,Ozzy Osbourne,60,open
2026-09-23T19:15:31.396550-04:00,2026-09-23,Sinners,85,open
2026-09-23T19:15:31.396550-04:00,2026-09-23,Stranger Things 5,30,open
2026-09-23T19:25:17.570492-04:00,2026-09-23,Cybergoria,60,open
2026-09-23T19:25:17.570492-04:00,2026-09-23,Evil Dead Burn,60,open
2026-09-23T19:25:17.570492-04:00,2026-09-23,H.R. Bloodengutz,75,open
2026-09-23T19:25:17.570492-04:00,2026-09-23,Hellraiser,50,open
2026-09-23T19:25:17.570492-04:00,2026-09-23,INVASION,40,open
2026-09-23T19:25:17.570492-04:00,2026-09-23,Jack & Oddfellow,50,open
2026-09-23T19:25:17.570492-04:00,2026-09-23,MADLANDS,45,open
2026-09-23T19:25:17.570492-04:00,2026-09-23,Ozzy Osbourne,90,open
2026-09-23T19:25:17.570492-04:00,2026-09-23,Sinners,85,open
2026-09-23T19:25:17.570492-04:00,2026-09-23,Stranger Things 5,50,open
2026-09-23T19:34:16.039211-04:00,2026-09-23,Cybergoria,60,open
2026-09-23T19:34:16.039211-04:00,2026-09-23,Evil Dead Burn,60,open
2026-09-23T19:34:16.039211-04:00,2026-09-23,H.R. Bloodengutz,75,open
2026-09-23T19:34:16.039211-04:00,2026-09-23,Hellraiser,50,open
2026-09-23T19:34:16.039211-04:00,2026-09-23,INVASION,40,open
2026-09-23T19:34:16.039211-04:00,2026-09-23,Jack & Oddfellow,35,open
2026-09-23T19:34:16.039211-04:00,2026-09-23,MADLANDS,50,open
2026-09-23T19:34:16.039211-04:00,2026-09-23,Ozzy Osbourne,90,open
2026-09-23T19:34:16.039211-04:00,2026-09-23,Sinners,85,open
2026-09-23T19:34:16.039211-04:00,2026-09-23,Stranger Things 5,50,open
2026-09-23T19:44:00.924392-04:00,2026-09-23,Cybergoria,50,open
2026-09-23T19:44:00.924392-04:00,2026-09-23,Evil Dead Burn,50,open
2026-09-23T19:44:00.924392-04:00,2026-09-23,H.R. Bloodengutz,65,open
2026-09-23T19:44:00.924392-04:00,2026-09-23,Hellraiser,50,open
2026-09-23T19:44:00.924392-04:00,2026-09-23,INVASION,40,open
2026-09-23T19:44:00.924392-04:00,2026-09-23,Jack & Oddfellow,45,open
2026-09-23T19:44:00.924392-04:00,2026-09-23,MADLANDS,60,open
2026-09-23T19:44:00.924392-04:00,2026-09-23,Ozzy Osbourne,125,open
2026-09-23T19:44:00.924392-04:00,2026-09-23,Sinners,55,open
2026-09-23T19:44:00.924392-04:00,2026-09-23,Stranger Things 5,65,open
2026-09-23T19:51:47.309610-04:00,2026-09-23,Cybergoria,50,open
2026-09-23T19:51:47.309610-04:00,2026-09-23,Evil Dead Burn,40,open
2026-09-23T19:51:47.309610-04:00,2026-09-23,H.R. Bloodengutz,65,open
2026-09-23T19:51:47.309610-04:00,2026-09-23,Hellraiser,50,open
2026-09-23T19:51:47.309610-04:00,2026-09-23,INVASION,50,open
2026-09-23T19:51:47.309610-04:00,2026-09-23,Jack & Oddfellow,45,open
2026-09-23T19:51:47.309610-04:00,2026-09-23,MADLANDS,55,open
2026-09-23T19:51:47.309610-04:00,2026-09-23,Ozzy Osbourne,100,open
2026-09-23T19:51:47.309610-04:00,2026-09-23,Sinners,55,open
2026-09-23T19:51:47.309610-04:00,2026-09-23,Stranger Things 5,65,open
2026-09-23T19:59:40.012472-04:00,2026-09-23,Cybergoria,75,open
2026-09-23T19:59:40.012472-04:00,2026-09-23,Evil Dead Burn,40,open
2026-09-23T19:59:40.012472-04:00,2026-09-23,H.R. Bloodengutz,55,open
2026-09-23T19:59:40.012472-04:00,2026-09-23,Hellraiser,40,open
2026-09-23T19:59:40.012472-04:00,2026-09-23,INVASION,50,open
2026-09-23T19:59:40.012472-04:00,2026-09-23,Jack & Oddfellow,65,open
2026-09-23T19:59:40.012472-04:00,2026-09-23,MADLANDS,50,open
2026-09-23T19:59:40.012472-04:00,2026-09-23,Ozzy Osbourne,90,open
2026-09-23T19:59:40.012472-04:00,2026-09-23,Sinners,55,open
2026-09-23T19:59:40.012472-04:00,2026-09-23,Stranger Things 5,65,open
2026-09-23T20:20:53.842379-04:00,2026-09-23,Cybergoria,80,open
2026-09-23T20:20:53.842379-04:00,2026-09-23,Evil Dead Burn,60,open
2026-09-23T20:20:53.842379-04:00,2026-09-23,H.R. Bloodengutz,65,open
2026-09-23T20:20:53.842379-04:00,2026-09-23,Hellraiser,40,open
2026-09-23T20:20:53.842379-04:00,2026-09-23,INVASION,50,open
2026-09-23T20:20:53.842379-04:00,2026-09-23,Jack & Oddfellow,65,open
2026-09-23T20:20:53.842379-04:00,2026-09-23,MADLANDS,40,open
2026-09-23T20:20:53.842379-04:00,2026-09-23,Ozzy Osbourne,95,open
2026-09-23T20:20:53.842379-04:00,2026-09-23,Sinners,75,open
2026-09-23T20:20:53.842379-04:00,2026-09-23,Stranger Things 5,45,open
2026-09-23T20:39:58.946760-04:00,2026-09-23,Cybergoria,70,open
2026-09-23T20:39:58.946760-04:00,2026-09-23,Evil Dead Burn,60,open
2026-09-23T20:39:58.946760-04:00,2026-09-23,H.R. Bloodengutz,65,open
2026-09-23T20:39:58.946760-04:00,2026-09-23,Hellraiser,80,open
2026-09-23T20:39:58.946760-04:00,2026-09-23,INVASION,55,open
2026-09-23T20:39:58.946760-04:00,2026-09-23,Jack & Oddfellow,40,open
2026-09-23T20:39:58.946760-04:00,2026-09-23,MADLANDS,40,open
2026-09-23T20:39:58.946760-04:00,2026-09-23,Ozzy Osbourne,55,open
2026-09-23T20:39:58.946760-04:00,2026-09-23,Sinners,75,open
2026-09-23T20:39:58.946760-04:00,2026-09-23,Stranger Things 5,45,open
2026-09-23T20:52:47.263930-04:00,2026-09-23,Cybergoria,85,open
2026-09-23T20:52:47.263930-04:00,2026-09-23,Evil Dead Burn,60,open
2026-09-23T20:52:47.263930-04:00,2026-09-23,H.R. Bloodengutz,70,open
2026-09-23T20:52:47.263930-04:00,2026-09-23,Hellraiser,90,open
2026-09-23T20:52:47.263930-04:00,2026-09-23,INVASION,55,open
2026-09-23T20:52:47.263930-04:00,2026-09-23,Jack & Oddfellow,40,open
2026-09-23T20:52:47.263930-04:00,2026-09-23,MADLANDS,40,open
2026-09-23T20:52:47.263930-04:00,2026-09-23,Ozzy Osbourne,65,open
2026-09-23T20:52:47.263930-04:00,2026-09-23,Sinners,95,open
2026-09-23T20:52:47.263930-04:00,2026-09-23,Stranger Things 5,50,open
2026-09-23T21:01:20.313201-04:00,2026-09-23,Cybergoria,100,open
2026-09-23T21:01:20.313201-04:00,2026-09-23,Evil Dead Burn,60,open
2026-09-23T21:01:20.313201-04:00,2026-09-23,H.R. Bloodengutz,75,open
2026-09-23T21:01:20.313201-04:00,2026-09-23,Hellraiser,90,open
2026-09-23T21:01:20.313201-04:00,2026-09-23,INVASION,55,open
2026-09-23T21:01:20.313201-04:00,2026-09-23,Jack & Oddfellow,40,open
2026-09-23T21:01:20.313201-04:00,2026-09-23,MADLANDS,40,open
2026-09-23T21:01:20.313201-04:00,2026-09-23,Ozzy Osbourne,75,open
2026-09-23T21:01:20.313201-04:00,2026-09-23,Sinners,95,open
2026-09-23T21:01:20.313201-04:00,2026-09-23,Stranger Things 5,50,open
2026-09-23T21:16:38.518785-04:00,2026-09-23,Cybergoria,65,open
2026-09-23T21:16:38.518785-04:00,2026-09-23,Evil Dead Burn,30,open
2026-09-23T21:16:38.518785-04:00,2026-09-23,H.R. Bloodengutz,60,open
2026-09-23T21:16:38.518785-04:00,2026-09-23,Hellraiser,90,open
2026-09-23T21:16:38.518785-04:00,2026-09-23,INVASION,40,open
2026-09-23T21:16:38.518785-04:00,2026-09-23,Jack & Oddfellow,50,open
2026-09-23T21:16:38.518785-04:00,2026-09-23,MADLANDS,75,open
2026-09-23T21:16:38.518785-04:00,2026-09-23,Ozzy Osbourne,70,open
2026-09-23T21:16:38.518785-04:00,2026-09-23,Sinners,110,open
2026-09-23T21:16:38.518785-04:00,2026-09-23,Stranger Things 5,35,open
2026-09-23T21:29:14.895979-04:00,2026-09-23,Cybergoria,45,open
2026-09-23T21:29:14.895979-04:00,2026-09-23,Evil Dead Burn,15,open
2026-09-23T21:29:14.895979-04:00,2026-09-23,H.R. Bloodengutz,60,open
2026-09-23T21:29:14.895979-04:00,2026-09-23,Hellraiser,70,open
2026-09-23T21:29:14.895979-04:00,2026-09-23,INVASION,40,open
2026-09-23T21:29:14.895979-04:00,2026-09-23,Jack & Oddfellow,50,open
2026-09-23T21:29:14.895979-04:00,2026-09-23,MADLANDS,65,open
2026-09-23T21:29:14.895979-04:00,2026-09-23,Ozzy Osbourne,65,open
2026-09-23T21:29:14.895979-04:00,2026-09-23,Sinners,110,open
2026-09-23T21:29:14.895979-04:00,2026-09-23,Stranger Things 5,35,open
2026-09-23T21:42:59.876164-04:00,2026-09-23,Cybergoria,60,open
2026-09-23T21:42:59.876164-04:00,2026-09-23,Evil Dead Burn,60,open
2026-09-23T21:42:59.876164-04:00,2026-09-23,H.R. Bloodengutz,60,open
2026-09-23T21:42:59.876164-04:00,2026-09-23,Hellraiser,35,open
2026-09-23T21:42:59.876164-04:00,2026-09-23,INVASION,45,open
2026-09-23T21:42:59.876164-04:00,2026-09-23,Jack & Oddfellow,50,open
2026-09-23T21:42:59.876164-04:00,2026-09-23,MADLANDS,55,open
2026-09-23T21:42:59.876164-04:00,2026-09-23,Ozzy Osbourne,70,open
2026-09-23T21:42:59.876164-04:00,2026-09-23,Sinners,110,open
2026-09-23T21:42:59.876164-04:00,2026-09-23,Stranger Things 5,35,open
2026-09-23T21:52:42.650543-04:00,2026-09-23,Cybergoria,60,open
2026-09-23T21:52:42.650543-04:00,2026-09-23,Evil Dead Burn,65,open
2026-09-23T21:52:42.650543-04:00,2026-09-23,H.R. Bloodengutz,60,open
2026-09-23T21:52:42.650543-04:00,2026-09-23,Hellraiser,35,open
2026-09-23T21:52:42.650543-04:00,2026-09-23,INVASION,40,open
2026-09-23T21:52:42.650543-04:00,2026-09-23,Jack & Oddfellow,40,open
2026-09-23T21:52:42.650543-04:00,2026-09-23,MADLANDS,50,open
2026-09-23T21:52:42.650543-04:00,2026-09-23,Ozzy Osbourne,75,open
2026-09-23T21:52:42.650543-04:00,2026-09-23,Sinners,110,open
2026-09-23T21:52:42.650543-04:00,2026-09-23,Stranger Things 5,40,open
2026-09-23T22:00:52.687315-04:00,2026-09-23,Cybergoria,60,open
2026-09-23T22:00:52.687315-04:00,2026-09-23,Evil Dead Burn,65,open
2026-09-23T22:00:52.687315-04:00,2026-09-23,H.R. Bloodengutz,60,open
2026-09-23T22:00:52.687315-04:00,2026-09-23,Hellraiser,45,open
2026-09-23T22:00:52.687315-04:00,2026-09-23,INVASION,40,open
2026-09-23T22:00:52.687315-04:00,2026-09-23,Jack & Oddfellow,40,open
2026-09-23T22:00:52.687315-04:00,2026-09-23,MADLANDS,45,open
2026-09-23T22:00:52.687315-04:00,2026-09-23,Ozzy Osbourne,70,open
2026-09-23T22:00:52.687315-04:00,2026-09-23,Sinners,110,open
2026-09-23T22:00:52.687315-04:00,2026-09-23,Stranger Things 5,40,open
2026-09-23T22:17:13.308974-04:00,2026-09-23,Cybergoria,60,open
2026-09-23T22:17:13.308974-04:00,2026-09-23,Evil Dead Burn,55,open
2026-09-23T22:17:13.308974-04:00,2026-09-23,H.R. Bloodengutz,80,open
2026-09-23T22:17:13.308974-04:00,2026-09-23,Hellraiser,55,open
2026-09-23T22:17:13.308974-04:00,2026-09-23,INVASION,50,open
2026-09-23T22:17:13.308974-04:00,2026-09-23,Jack & Oddfellow,55,open
2026-09-23T22:17:13.308974-04:00,2026-09-23,MADLANDS,35,open
2026-09-23T22:17:13.308974-04:00,2026-09-23,Ozzy Osbourne,65,open
2026-09-23T22:17:13.308974-04:00,2026-09-23,Sinners,110,open
2026-09-23T22:17:13.308974-04:00,2026-09-23,Stranger Things 5,40,open
2026-09-23T22:31:15.898976-04:00,2026-09-23,Cybergoria,60,open
2026-09-23T22:31:15.898976-04:00,2026-09-23,Evil Dead Burn,55,open
2026-09-23T22:31:15.898976-04:00,2026-09-23,H.R. Bloodengutz,80,open
2026-09-23T22:31:15.898976-04:00,2026-09-23,Hellraiser,55,open
2026-09-23T22:31:15.898976-04:00,2026-09-23,INVASION,50,open
2026-09-23T22:31:15.898976-04:00,2026-09-23,Jack & Oddfellow,55,open
2026-09-23T22:31:15.898976-04:00,2026-09-23,MADLANDS,45,open
2026-09-23T22:31:15.898976-04:00,2026-09-23,Ozzy Osbourne,65,open
2026-09-23T22:31:15.898976-04:00,2026-09-23,Sinners,90,open
2026-09-23T22:31:15.898976-04:00,2026-09-23,Stranger Things 5,40,open
2026-09-23T22:44:47.626953-04:00,2026-09-23,Cybergoria,60,open
2026-09-23T22:44:47.626953-04:00,2026-09-23,Evil Dead Burn,60,open
2026-09-23T22:44:47.626953-04:00,2026-09-23,H.R. Bloodengutz,80,open
2026-09-23T22:44:47.626953-04:00,2026-09-23,Hellraiser,65,open
2026-09-23T22:44:47.626953-04:00,2026-09-23,INVASION,45,open
2026-09-23T22:44:47.626953-04:00,2026-09-23,Jack & Oddfellow,55,open
2026-09-23T22:44:47.626953-04:00,2026-09-23,MADLANDS,55,open
2026-09-23T22:44:47.626953-04:00,2026-09-23,Ozzy Osbourne,65,open
2026-09-23T22:44:47.626953-04:00,2026-09-23,Sinners,100,open
2026-09-23T22:44:47.626953-04:00,2026-09-23,Stranger Things 5,55,open
2026-09-23T22:54:52.097352-04:00,2026-09-23,Cybergoria,60,open
2026-09-23T22:54:52.097352-04:00,2026-09-23,Evil Dead Burn,45,open
2026-09-23T22:54:52.097352-04:00,2026-09-23,H.R. Bloodengutz,65,open
2026-09-23T22:54:52.097352-04:00,2026-09-23,Hellraiser,75,open
2026-09-23T22:54:52.097352-04:00,2026-09-23,INVASION,40,open
2026-09-23T22:54:52.097352-04:00,2026-09-23,Jack & Oddfellow,55,open
2026-09-23T22:54:52.097352-04:00,2026-09-23,MADLANDS,50,open
2026-09-23T22:54:52.097352-04:00,2026-09-23,Ozzy Osbourne,75,open
2026-09-23T22:54:52.097352-04:00,2026-09-23,Sinners,100,open
2026-09-23T22:54:52.097352-04:00,2026-09-23,Stranger Things 5,55,open
2026-09-23T23:05:07.293659-04:00,2026-09-23,Cybergoria,60,open
2026-09-23T23:05:07.293659-04:00,2026-09-23,Evil Dead Burn,35,open
2026-09-23T23:05:07.293659-04:00,2026-09-23,H.R. Bloodengutz,50,open
2026-09-23T23:05:07.293659-04:00,2026-09-23,Hellraiser,75,open
2026-09-23T23:05:07.293659-04:00,2026-09-23,INVASION,45,open
2026-09-23T23:05:07.293659-04:00,2026-09-23,Jack & Oddfellow,55,open
2026-09-23T23:05:07.293659-04:00,2026-09-23,MADLANDS,50,open
2026-09-23T23:05:07.293659-04:00,2026-09-23,Ozzy Osbourne,75,open
2026-09-23T23:05:07.293659-04:00,2026-09-23,Sinners,100,open
2026-09-23T23:05:07.293659-04:00,2026-09-23,Stranger Things 5,40,open
2026-09-23T23:20:51.545272-04:00,2026-09-23,Cybergoria,40,open
2026-09-23T23:20:51.545272-04:00,2026-09-23,Evil Dead Burn,45,open
2026-09-23T23:20:51.545272-04:00,2026-09-23,H.R. Bloodengutz,50,open
2026-09-23T23:20:51.545272-04:00,2026-09-23,Hellraiser,55,open
2026-09-23T23:20:51.545272-04:00,2026-09-23,INVASION,45,open
2026-09-23T23:20:51.545272-04:00,2026-09-23,Jack & Oddfellow,35,open
2026-09-23T23:20:51.545272-04:00,2026-09-23,MADLANDS,35,open
2026-09-23T23:20:51.545272-04:00,2026-09-23,Ozzy Osbourne,65,open
2026-09-23T23:20:51.545272-04:00,2026-09-23,Sinners,40,open
2026-09-23T23:20:51.545272-04:00,2026-09-23,Stranger Things 5,40,open
